"RedNiebla_Av.eventPer","RedNiebla_Av.order","RedNiebla_Av.observado","RedNiebla_Av.estimado","RedNiebla_Av.s.e.","RedNiebla_Av.LCL","RedNiebla_Av.UCL","RedNiebla_Av.parentEventID","RedNiebla_Av.Dis_Cienag","RedNiebla_Av.Dis_MGSG","RedNiebla_Av.Dis_Dre345","RedNiebla_Av.DisBosque","RedNiebla_Av.Dis_CobNat","RedNiebla_Av.Tam_Parche","RedNiebla_Av.Dis_CP","RedNiebla_Av.Dis_Oleodu","RedNiebla_Av.Dis_Pozo","RedNiebla_Av.Dis_Pozact","RedNiebla_Av.Dis_Ferroc","RedNiebla_Av.Dis_ViaPri","RedNiebla_Av.Dia_ViaSec","RedNiebla_Av.Plataf","RedNiebla_Av.CobMam"
"ANH_97_19","Species richness",5,5.493,1.306,5.029,13.339,"ANH_97",4606.35946233,2871.4363033,8221.53872304,0,0,45.7606127029,2307.99158293,4097.64529583,250.354132317,3677.2648422,8028.08634281,3322.98521392,1847.63222433,"Platero","Bosque Ripario"
"ANH_97_19","Shannon diversity",3.143,3.26,0.336,3.143,3.919,"ANH_97",4606.35946233,2871.4363033,8221.53872304,0,0,45.7606127029,2307.99158293,4097.64529583,250.354132317,3677.2648422,8028.08634281,3322.98521392,1847.63222433,"Platero","Bosque Ripario"
"ANH_97_19","Simpson diversity",2.679,2.748,0.272,2.679,3.281,"ANH_97",4606.35946233,2871.4363033,8221.53872304,0,0,45.7606127029,2307.99158293,4097.64529583,250.354132317,3677.2648422,8028.08634281,3322.98521392,1847.63222433,"Platero","Bosque Ripario"
"ANH_93_21","Species richness",9,16.918,11.545,9.977,73.175,"ANH_93",5735.55367351,13430.6962531,261.024939786,50.8986688367,50.8986688367,841.669467865,4561.14705348,1777.38846677,3909.69705531,10027.9846914,194.637141498,4812.91766651,4864.35735389,"Kale","Palma"
"ANH_93_21","Shannon diversity",4.298,4.671,0.599,4.298,5.845,"ANH_93",5735.55367351,13430.6962531,261.024939786,50.8986688367,50.8986688367,841.669467865,4561.14705348,1777.38846677,3909.69705531,10027.9846914,194.637141498,4812.91766651,4864.35735389,"Kale","Palma"
"ANH_93_21","Simpson diversity",3.598,3.698,0.25,3.598,4.189,"ANH_93",5735.55367351,13430.6962531,261.024939786,50.8986688367,50.8986688367,841.669467865,4561.14705348,1777.38846677,3909.69705531,10027.9846914,194.637141498,4812.91766651,4864.35735389,"Kale","Palma"
"ANH_64_21","Species richness",10,10.99,1.855,10.089,20.973,"ANH_64",1704.98206483,3713.38512055,1483.99869512,566.848141184,566.848141184,632.865573488,3057.61306045,300.956705638,3145.61155353,3145.61155353,4248.82566272,3286.44681217,3252.41482179,"Kale","Palma"
"ANH_64_21","Shannon diversity",4.524,4.782,0.521,4.524,5.802,"ANH_64",1704.98206483,3713.38512055,1483.99869512,566.848141184,566.848141184,632.865573488,3057.61306045,300.956705638,3145.61155353,3145.61155353,4248.82566272,3286.44681217,3252.41482179,"Kale","Palma"
"ANH_64_21","Simpson diversity",3.249,3.324,0.333,3.249,3.976,"ANH_64",1704.98206483,3713.38512055,1483.99869512,566.848141184,566.848141184,632.865573488,3057.61306045,300.956705638,3145.61155353,3145.61155353,4248.82566272,3286.44681217,3252.41482179,"Kale","Palma"
"ANH_92_18","Species richness",3,4.5,2.872,3.132,20.083,"ANH_92",6115.78644028,2788.44722515,6660.11795729,694.116255919,694.116255919,50.6570421766,2691.63405685,2046.42701215,1601.34825178,4916.42119629,5960.28110732,2402.99205263,1139.65130646,"Platero","Palma"
"ANH_92_18","Shannon diversity",2.828,4.891,2.875,2.828,10.527,"ANH_92",6115.78644028,2788.44722515,6660.11795729,694.116255919,694.116255919,50.6570421766,2691.63405685,2046.42701215,1601.34825178,4916.42119629,5960.28110732,2402.99205263,1139.65130646,"Platero","Palma"
"ANH_92_18","Simpson diversity",2.667,6,1.757,2.667,9.443,"ANH_92",6115.78644028,2788.44722515,6660.11795729,694.116255919,694.116255919,50.6570421766,2691.63405685,2046.42701215,1601.34825178,4916.42119629,5960.28110732,2402.99205263,1139.65130646,"Platero","Palma"
"ANH_92_19","Species richness",4,6.7,3.929,4.334,25.83,"ANH_92",6115.78644028,2788.44722515,6660.11795729,694.116255919,694.116255919,50.6570421766,2691.63405685,2046.42701215,1601.34825178,4916.42119629,5960.28110732,2402.99205263,1139.65130646,"Platero","Palma"
"ANH_92_19","Shannon diversity",2.561,3.609,1.052,2.561,5.67,"ANH_92",6115.78644028,2788.44722515,6660.11795729,694.116255919,694.116255919,50.6570421766,2691.63405685,2046.42701215,1601.34825178,4916.42119629,5960.28110732,2402.99205263,1139.65130646,"Platero","Palma"
"ANH_92_19","Simpson diversity",1.923,2.143,0.855,1.923,3.82,"ANH_92",6115.78644028,2788.44722515,6660.11795729,694.116255919,694.116255919,50.6570421766,2691.63405685,2046.42701215,1601.34825178,4916.42119629,5960.28110732,2402.99205263,1139.65130646,"Platero","Palma"
"ANH_92_20","Species richness",5,5.9,1.71,5.08,15.153,"ANH_92",6115.78644028,2788.44722515,6660.11795729,694.116255919,694.116255919,50.6570421766,2691.63405685,2046.42701215,1601.34825178,4916.42119629,5960.28110732,2402.99205263,1139.65130646,"Platero","Palma"
"ANH_92_20","Shannon diversity",4.353,5.831,1.682,4.353,9.128,"ANH_92",6115.78644028,2788.44722515,6660.11795729,694.116255919,694.116255919,50.6570421766,2691.63405685,2046.42701215,1601.34825178,4916.42119629,5960.28110732,2402.99205263,1139.65130646,"Platero","Palma"
"ANH_92_20","Simpson diversity",3.846,5.625,1.744,3.846,9.043,"ANH_92",6115.78644028,2788.44722515,6660.11795729,694.116255919,694.116255919,50.6570421766,2691.63405685,2046.42701215,1601.34825178,4916.42119629,5960.28110732,2402.99205263,1139.65130646,"Platero","Palma"
"ANH_92_21","Species richness",9,10.48,2.265,9.172,21.744,"ANH_92",6115.78644028,2788.44722515,6660.11795729,694.116255919,694.116255919,50.6570421766,2691.63405685,2046.42701215,1601.34825178,4916.42119629,5960.28110732,2402.99205263,1139.65130646,"Platero","Palma"
"ANH_92_21","Shannon diversity",2.987,3.212,0.438,2.987,4.071,"ANH_92",6115.78644028,2788.44722515,6660.11795729,694.116255919,694.116255919,50.6570421766,2691.63405685,2046.42701215,1601.34825178,4916.42119629,5960.28110732,2402.99205263,1139.65130646,"Platero","Palma"
"ANH_92_21","Simpson diversity",1.868,1.89,0.267,1.868,2.414,"ANH_92",6115.78644028,2788.44722515,6660.11795729,694.116255919,694.116255919,50.6570421766,2691.63405685,2046.42701215,1601.34825178,4916.42119629,5960.28110732,2402.99205263,1139.65130646,"Platero","Palma"
"ANH_96_18","Species richness",4,4.469,1.252,4.027,12.003,"ANH_96",1879.65580808,3969.15234184,6756.93089132,0,0,78.6478687443,5009.68571135,6516.04547111,1483.0965635,1483.0965635,7852.13218571,5887.86432763,1929.60273451,"Platero","Bosque Ripario"
"ANH_96_18","Shannon diversity",3.014,3.414,0.707,3.014,4.799,"ANH_96",1879.65580808,3969.15234184,6756.93089132,0,0,78.6478687443,5009.68571135,6516.04547111,1483.0965635,1483.0965635,7852.13218571,5887.86432763,1929.60273451,"Platero","Bosque Ripario"
"ANH_96_18","Simpson diversity",2.51,2.791,0.763,2.51,4.287,"ANH_96",1879.65580808,3969.15234184,6756.93089132,0,0,78.6478687443,5009.68571135,6516.04547111,1483.0965635,1483.0965635,7852.13218571,5887.86432763,1929.60273451,"Platero","Bosque Ripario"
"ANH_96_19","Species richness",6,8.906,4.286,6.354,29.89,"ANH_96",1879.65580808,3969.15234184,6756.93089132,0,0,78.6478687443,5009.68571135,6516.04547111,1483.0965635,1483.0965635,7852.13218571,5887.86432763,1929.60273451,"Platero","Bosque Ripario"
"ANH_96_19","Shannon diversity",2.735,3.153,0.691,2.735,4.508,"ANH_96",1879.65580808,3969.15234184,6756.93089132,0,0,78.6478687443,5009.68571135,6516.04547111,1483.0965635,1483.0965635,7852.13218571,5887.86432763,1929.60273451,"Platero","Bosque Ripario"
"ANH_96_19","Simpson diversity",1.862,1.915,0.43,1.862,2.758,"ANH_96",1879.65580808,3969.15234184,6756.93089132,0,0,78.6478687443,5009.68571135,6516.04547111,1483.0965635,1483.0965635,7852.13218571,5887.86432763,1929.60273451,"Platero","Bosque Ripario"
"ANH_96_21","Species richness",11,18.897,11.517,11.974,75.018,"ANH_96",1879.65580808,3969.15234184,6756.93089132,0,0,78.6478687443,5009.68571135,6516.04547111,1483.0965635,1483.0965635,7852.13218571,5887.86432763,1929.60273451,"Platero","Bosque Ripario"
"ANH_96_21","Shannon diversity",5.936,6.67,1.014,5.936,8.658,"ANH_96",1879.65580808,3969.15234184,6756.93089132,0,0,78.6478687443,5009.68571135,6516.04547111,1483.0965635,1483.0965635,7852.13218571,5887.86432763,1929.60273451,"Platero","Bosque Ripario"
"ANH_96_21","Simpson diversity",4.358,4.557,0.582,4.358,5.698,"ANH_96",1879.65580808,3969.15234184,6756.93089132,0,0,78.6478687443,5009.68571135,6516.04547111,1483.0965635,1483.0965635,7852.13218571,5887.86432763,1929.60273451,"Platero","Bosque Ripario"
"ANH_96_20","Species richness",3,3.45,1.209,3.026,10.74,"ANH_96",1879.65580808,3969.15234184,6756.93089132,0,0,78.6478687443,5009.68571135,6516.04547111,1483.0965635,1483.0965635,7852.13218571,5887.86432763,1929.60273451,"Platero","Bosque Ripario"
"ANH_96_20","Shannon diversity",2.23,2.58,0.794,2.23,4.137,"ANH_96",1879.65580808,3969.15234184,6756.93089132,0,0,78.6478687443,5009.68571135,6516.04547111,1483.0965635,1483.0965635,7852.13218571,5887.86432763,1929.60273451,"Platero","Bosque Ripario"
"ANH_96_20","Simpson diversity",1.852,2.045,0.807,1.852,3.627,"ANH_96",1879.65580808,3969.15234184,6756.93089132,0,0,78.6478687443,5009.68571135,6516.04547111,1483.0965635,1483.0965635,7852.13218571,5887.86432763,1929.60273451,"Platero","Bosque Ripario"
"ANH_74_19","Species richness",7,7.966,2.166,7.07,20.364,"ANH_74",4421.00036819,9515.35404258,2275.88245916,12.4085111975,12.4085111975,9.28189478913,5046.16252582,2975.40236869,5054.0602992,5054.0602992,4459.49889666,7039.95334335,827.17293553,"Kale","Bosque Ripario"
"ANH_74_19","Shannon diversity",4.536,5.202,0.893,4.536,6.952,"ANH_74",4421.00036819,9515.35404258,2275.88245916,12.4085111975,12.4085111975,9.28189478913,5046.16252582,2975.40236869,5054.0602992,5054.0602992,4459.49889666,7039.95334335,827.17293553,"Kale","Bosque Ripario"
"ANH_74_19","Simpson diversity",3.198,3.47,1,3.198,5.429,"ANH_74",4421.00036819,9515.35404258,2275.88245916,12.4085111975,12.4085111975,9.28189478913,5046.16252582,2975.40236869,5054.0602992,5054.0602992,4459.49889666,7039.95334335,827.17293553,"Kale","Bosque Ripario"
"ANH_74_20","Species richness",6,8.9,4.277,6.353,29.843,"ANH_74",4421.00036819,9515.35404258,2275.88245916,12.4085111975,12.4085111975,9.28189478913,5046.16252582,2975.40236869,5054.0602992,5054.0602992,4459.49889666,7039.95334335,827.17293553,"Kale","Bosque Ripario"
"ANH_74_20","Shannon diversity",3.698,4.3,0.739,3.698,5.748,"ANH_74",4421.00036819,9515.35404258,2275.88245916,12.4085111975,12.4085111975,9.28189478913,5046.16252582,2975.40236869,5054.0602992,5054.0602992,4459.49889666,7039.95334335,827.17293553,"Kale","Bosque Ripario"
"ANH_74_20","Simpson diversity",2.922,3.129,0.553,2.922,4.214,"ANH_74",4421.00036819,9515.35404258,2275.88245916,12.4085111975,12.4085111975,9.28189478913,5046.16252582,2975.40236869,5054.0602992,5054.0602992,4459.49889666,7039.95334335,827.17293553,"Kale","Bosque Ripario"
"ANH_72_19","Species richness",9,18.722,9.876,10.867,59.639,"ANH_72",4331.87502046,6268.24432985,3196.24146579,0,0,8.70872486456,4950.67258504,1169.07491888,2738.22115375,2738.22115375,5348.8634767,5454.13221662,976.31163881,"Kale","Bosque Ripario"
"ANH_72_19","Shannon diversity",5.047,6.484,1.386,5.047,9.2,"ANH_72",4331.87502046,6268.24432985,3196.24146579,0,0,8.70872486456,4950.67258504,1169.07491888,2738.22115375,2738.22115375,5348.8634767,5454.13221662,976.31163881,"Kale","Bosque Ripario"
"ANH_72_19","Simpson diversity",3.6,3.889,0.773,3.6,5.403,"ANH_72",4331.87502046,6268.24432985,3196.24146579,0,0,8.70872486456,4950.67258504,1169.07491888,2738.22115375,2738.22115375,5348.8634767,5454.13221662,976.31163881,"Kale","Bosque Ripario"
"ANH_72_20","Species richness",8,15.704,11.243,8.949,70.506,"ANH_72",4331.87502046,6268.24432985,3196.24146579,0,0,8.70872486456,4950.67258504,1169.07491888,2738.22115375,2738.22115375,5348.8634767,5454.13221662,976.31163881,"Kale","Bosque Ripario"
"ANH_72_20","Shannon diversity",4.901,6.478,1.628,4.901,9.67,"ANH_72",4331.87502046,6268.24432985,3196.24146579,0,0,8.70872486456,4950.67258504,1169.07491888,2738.22115375,2738.22115375,5348.8634767,5454.13221662,976.31163881,"Kale","Bosque Ripario"
"ANH_72_20","Simpson diversity",3.455,3.815,1.03,3.455,5.834,"ANH_72",4331.87502046,6268.24432985,3196.24146579,0,0,8.70872486456,4950.67258504,1169.07491888,2738.22115375,2738.22115375,5348.8634767,5454.13221662,976.31163881,"Kale","Bosque Ripario"
"ANH_74_21","Species richness",12,14.618,3.429,12.369,30.567,"ANH_74",4421.00036819,9515.35404258,2275.88245916,12.4085111975,12.4085111975,9.28189478913,5046.16252582,2975.40236869,5054.0602992,5054.0602992,4459.49889666,7039.95334335,827.17293553,"Kale","Bosque Ripario"
"ANH_74_21","Shannon diversity",6.225,7.172,1.114,6.225,9.354,"ANH_74",4421.00036819,9515.35404258,2275.88245916,12.4085111975,12.4085111975,9.28189478913,5046.16252582,2975.40236869,5054.0602992,5054.0602992,4459.49889666,7039.95334335,827.17293553,"Kale","Bosque Ripario"
"ANH_74_21","Simpson diversity",3.805,4.014,0.907,3.805,5.791,"ANH_74",4421.00036819,9515.35404258,2275.88245916,12.4085111975,12.4085111975,9.28189478913,5046.16252582,2975.40236869,5054.0602992,5054.0602992,4459.49889666,7039.95334335,827.17293553,"Kale","Bosque Ripario"
"ANH_72_18","Species richness",7,16.091,9.206,8.752,54.174,"ANH_72",4331.87502046,6268.24432985,3196.24146579,0,0,8.70872486456,4950.67258504,1169.07491888,2738.22115375,2738.22115375,5348.8634767,5454.13221662,976.31163881,"Kale","Bosque Ripario"
"ANH_72_18","Shannon diversity",6.041,12.356,5.328,6.041,22.8,"ANH_72",4331.87502046,6268.24432985,3196.24146579,0,0,8.70872486456,4950.67258504,1169.07491888,2738.22115375,2738.22115375,5348.8634767,5454.13221662,976.31163881,"Kale","Bosque Ripario"
"ANH_72_18","Simpson diversity",5.261,9.167,6.059,5.261,21.043,"ANH_72",4331.87502046,6268.24432985,3196.24146579,0,0,8.70872486456,4950.67258504,1169.07491888,2738.22115375,2738.22115375,5348.8634767,5454.13221662,976.31163881,"Kale","Bosque Ripario"
"ANH_72_21","Species richness",12,16.472,7.151,12.492,52.675,"ANH_72",4331.87502046,6268.24432985,3196.24146579,0,0,8.70872486456,4950.67258504,1169.07491888,2738.22115375,2738.22115375,5348.8634767,5454.13221662,976.31163881,"Kale","Bosque Ripario"
"ANH_72_21","Shannon diversity",7.426,7.814,0.495,7.426,8.785,"ANH_72",4331.87502046,6268.24432985,3196.24146579,0,0,8.70872486456,4950.67258504,1169.07491888,2738.22115375,2738.22115375,5348.8634767,5454.13221662,976.31163881,"Kale","Bosque Ripario"
"ANH_72_21","Simpson diversity",6.371,6.594,0.407,6.371,7.393,"ANH_72",4331.87502046,6268.24432985,3196.24146579,0,0,8.70872486456,4950.67258504,1169.07491888,2738.22115375,2738.22115375,5348.8634767,5454.13221662,976.31163881,"Kale","Bosque Ripario"
"ANH_74_18","Species richness",2,2,0.461,2,3.572,"ANH_74",4421.00036819,9515.35404258,2275.88245916,12.4085111975,12.4085111975,9.28189478913,5046.16252582,2975.40236869,5054.0602992,5054.0602992,4459.49889666,7039.95334335,827.17293553,"Kale","Bosque Ripario"
"ANH_74_18","Shannon diversity",1.569,1.728,0.429,1.569,2.57,"ANH_74",4421.00036819,9515.35404258,2275.88245916,12.4085111975,12.4085111975,9.28189478913,5046.16252582,2975.40236869,5054.0602992,5054.0602992,4459.49889666,7039.95334335,827.17293553,"Kale","Bosque Ripario"
"ANH_74_18","Simpson diversity",1.385,1.5,0.473,1.385,2.427,"ANH_74",4421.00036819,9515.35404258,2275.88245916,12.4085111975,12.4085111975,9.28189478913,5046.16252582,2975.40236869,5054.0602992,5054.0602992,4459.49889666,7039.95334335,827.17293553,"Kale","Bosque Ripario"
"ANH_65_20","Species richness",6,15.231,9.315,7.786,53.702,"ANH_65",4379.15379803,7527.02505015,1613.17213273,499.409004171,499.409004171,192.76476812,1898.25257565,471.653091133,5849.46423644,5849.46423644,2245.59235886,2329.92047504,497.063357747,"Kale","Palma"
"ANH_65_20","Shannon diversity",3.616,6.367,2.563,3.616,11.391,"ANH_65",4379.15379803,7527.02505015,1613.17213273,499.409004171,499.409004171,192.76476812,1898.25257565,471.653091133,5849.46423644,5849.46423644,2245.59235886,2329.92047504,497.063357747,"Kale","Palma"
"ANH_65_20","Simpson diversity",2.449,2.786,1.421,2.449,5.571,"ANH_65",4379.15379803,7527.02505015,1613.17213273,499.409004171,499.409004171,192.76476812,1898.25257565,471.653091133,5849.46423644,5849.46423644,2245.59235886,2329.92047504,497.063357747,"Kale","Palma"
"ANH_64_20","Species richness",4,4,0.518,4,5.6,"ANH_64",1704.98206483,3713.38512055,1483.99869512,566.848141184,566.848141184,632.865573488,3057.61306045,300.956705638,3145.61155353,3145.61155353,4248.82566272,3286.44681217,3252.41482179,"Kale","Palma"
"ANH_64_20","Shannon diversity",3.1,3.326,0.441,3.1,4.191,"ANH_64",1704.98206483,3713.38512055,1483.99869512,566.848141184,566.848141184,632.865573488,3057.61306045,300.956705638,3145.61155353,3145.61155353,4248.82566272,3286.44681217,3252.41482179,"Kale","Palma"
"ANH_64_20","Simpson diversity",2.77,3.012,0.403,2.77,3.802,"ANH_64",1704.98206483,3713.38512055,1483.99869512,566.848141184,566.848141184,632.865573488,3057.61306045,300.956705638,3145.61155353,3145.61155353,4248.82566272,3286.44681217,3252.41482179,"Kale","Palma"
"ANH_64_19","Species richness",4,4.479,1.276,4.028,12.149,"ANH_64",1704.98206483,3713.38512055,1483.99869512,566.848141184,566.848141184,632.865573488,3057.61306045,300.956705638,3145.61155353,3145.61155353,4248.82566272,3286.44681217,3252.41482179,"Kale","Palma"
"ANH_64_19","Shannon diversity",2.664,2.894,0.541,2.664,3.955,"ANH_64",1704.98206483,3713.38512055,1483.99869512,566.848141184,566.848141184,632.865573488,3057.61306045,300.956705638,3145.61155353,3145.61155353,4248.82566272,3286.44681217,3252.41482179,"Kale","Palma"
"ANH_64_19","Simpson diversity",2.165,2.281,0.429,2.165,3.122,"ANH_64",1704.98206483,3713.38512055,1483.99869512,566.848141184,566.848141184,632.865573488,3057.61306045,300.956705638,3145.61155353,3145.61155353,4248.82566272,3286.44681217,3252.41482179,"Kale","Palma"
"ANH_64_18","Species richness",4,4.923,2.016,4.069,16.365,"ANH_64",1704.98206483,3713.38512055,1483.99869512,566.848141184,566.848141184,632.865573488,3057.61306045,300.956705638,3145.61155353,3145.61155353,4248.82566272,3286.44681217,3252.41482179,"Kale","Palma"
"ANH_64_18","Shannon diversity",2.976,3.571,0.676,2.976,4.895,"ANH_64",1704.98206483,3713.38512055,1483.99869512,566.848141184,566.848141184,632.865573488,3057.61306045,300.956705638,3145.61155353,3145.61155353,4248.82566272,3286.44681217,3252.41482179,"Kale","Palma"
"ANH_64_18","Simpson diversity",2.522,2.889,0.628,2.522,4.12,"ANH_64",1704.98206483,3713.38512055,1483.99869512,566.848141184,566.848141184,632.865573488,3057.61306045,300.956705638,3145.61155353,3145.61155353,4248.82566272,3286.44681217,3252.41482179,"Kale","Palma"
"ANH_65_19","Species richness",3,3,0.39,3,4.011,"ANH_65",4379.15379803,7527.02505015,1613.17213273,499.409004171,499.409004171,192.76476812,1898.25257565,471.653091133,5849.46423644,5849.46423644,2245.59235886,2329.92047504,497.063357747,"Kale","Palma"
"ANH_65_19","Shannon diversity",2.44,2.634,0.437,2.44,3.491,"ANH_65",4379.15379803,7527.02505015,1613.17213273,499.409004171,499.409004171,192.76476812,1898.25257565,471.653091133,5849.46423644,5849.46423644,2245.59235886,2329.92047504,497.063357747,"Kale","Palma"
"ANH_65_19","Simpson diversity",2.085,2.275,0.512,2.085,3.278,"ANH_65",4379.15379803,7527.02505015,1613.17213273,499.409004171,499.409004171,192.76476812,1898.25257565,471.653091133,5849.46423644,5849.46423644,2245.59235886,2329.92047504,497.063357747,"Kale","Palma"
"ANH_65_21","Species richness",9,13.443,7.107,9.488,49.427,"ANH_65",4379.15379803,7527.02505015,1613.17213273,499.409004171,499.409004171,192.76476812,1898.25257565,471.653091133,5849.46423644,5849.46423644,2245.59235886,2329.92047504,497.063357747,"Kale","Palma"
"ANH_65_21","Shannon diversity",4.289,4.666,0.632,4.289,5.905,"ANH_65",4379.15379803,7527.02505015,1613.17213273,499.409004171,499.409004171,192.76476812,1898.25257565,471.653091133,5849.46423644,5849.46423644,2245.59235886,2329.92047504,497.063357747,"Kale","Palma"
"ANH_65_21","Simpson diversity",3.219,3.313,0.344,3.219,3.987,"ANH_65",4379.15379803,7527.02505015,1613.17213273,499.409004171,499.409004171,192.76476812,1898.25257565,471.653091133,5849.46423644,5849.46423644,2245.59235886,2329.92047504,497.063357747,"Kale","Palma"
"ANH_65_18","Species richness",3,4.5,2.872,3.132,20.083,"ANH_65",4379.15379803,7527.02505015,1613.17213273,499.409004171,499.409004171,192.76476812,1898.25257565,471.653091133,5849.46423644,5849.46423644,2245.59235886,2329.92047504,497.063357747,"Kale","Palma"
"ANH_65_18","Shannon diversity",2.828,4.891,2.967,2.828,10.706,"ANH_65",4379.15379803,7527.02505015,1613.17213273,499.409004171,499.409004171,192.76476812,1898.25257565,471.653091133,5849.46423644,5849.46423644,2245.59235886,2329.92047504,497.063357747,"Kale","Palma"
"ANH_65_18","Simpson diversity",2.667,6,1.772,2.667,9.473,"ANH_65",4379.15379803,7527.02505015,1613.17213273,499.409004171,499.409004171,192.76476812,1898.25257565,471.653091133,5849.46423644,5849.46423644,2245.59235886,2329.92047504,497.063357747,"Kale","Palma"
"ANH_73_19","Species richness",4,4.486,1.29,4.029,12.241,"ANH_73",5873.24802239,8266.85422185,3724.63800342,5.71548110289,5.71548110289,556.005415522,4823.6430347,1631.09793043,4394.99356807,4394.99356807,4921.30277814,5176.86135705,932.078329958,"Kale","Bosque Ripario"
"ANH_73_19","Shannon diversity",2.591,2.742,0.392,2.591,3.51,"ANH_73",5873.24802239,8266.85422185,3724.63800342,5.71548110289,5.71548110289,556.005415522,4823.6430347,1631.09793043,4394.99356807,4394.99356807,4921.30277814,5176.86135705,932.078329958,"Kale","Bosque Ripario"
"ANH_73_19","Simpson diversity",2.231,2.315,0.322,2.231,2.947,"ANH_73",5873.24802239,8266.85422185,3724.63800342,5.71548110289,5.71548110289,556.005415522,4823.6430347,1631.09793043,4394.99356807,4394.99356807,4921.30277814,5176.86135705,932.078329958,"Kale","Bosque Ripario"
"ANH_76_19","Species richness",5,7.912,4.262,5.358,28.712,"ANH_76",1868.15359448,12038.9796725,99.4318006865,119.299591654,119.299591654,116.701861761,2031.12791191,3664.56164277,7275.65196227,7916.46815566,3186.44977553,8397.65838551,1354.57572843,"Kale","Bosque Ripario"
"ANH_76_19","Shannon diversity",2.761,3.105,0.469,2.761,4.024,"ANH_76",1868.15359448,12038.9796725,99.4318006865,119.299591654,119.299591654,116.701861761,2031.12791191,3664.56164277,7275.65196227,7916.46815566,3186.44977553,8397.65838551,1354.57572843,"Kale","Bosque Ripario"
"ANH_76_19","Simpson diversity",2.331,2.429,0.269,2.331,2.957,"ANH_76",1868.15359448,12038.9796725,99.4318006865,119.299591654,119.299591654,116.701861761,2031.12791191,3664.56164277,7275.65196227,7916.46815566,3186.44977553,8397.65838551,1354.57572843,"Kale","Bosque Ripario"
"ANH_73_18","Species richness",4,4.464,1.242,4.027,11.941,"ANH_73",5873.24802239,8266.85422185,3724.63800342,5.71548110289,5.71548110289,556.005415522,4823.6430347,1631.09793043,4394.99356807,4394.99356807,4921.30277814,5176.86135705,932.078329958,"Kale","Bosque Ripario"
"ANH_73_18","Shannon diversity",3.225,3.718,0.792,3.225,5.269,"ANH_73",5873.24802239,8266.85422185,3724.63800342,5.71548110289,5.71548110289,556.005415522,4823.6430347,1631.09793043,4394.99356807,4394.99356807,4921.30277814,5176.86135705,932.078329958,"Kale","Bosque Ripario"
"ANH_73_18","Simpson diversity",2.8,3.25,0.861,2.8,4.937,"ANH_73",5873.24802239,8266.85422185,3724.63800342,5.71548110289,5.71548110289,556.005415522,4823.6430347,1631.09793043,4394.99356807,4394.99356807,4921.30277814,5176.86135705,932.078329958,"Kale","Bosque Ripario"
"ANH_73_20","Species richness",4,5.818,3.426,4.163,24.295,"ANH_73",5873.24802239,8266.85422185,3724.63800342,5.71548110289,5.71548110289,556.005415522,4823.6430347,1631.09793043,4394.99356807,4394.99356807,4921.30277814,5176.86135705,932.078329958,"Kale","Bosque Ripario"
"ANH_73_20","Shannon diversity",2.811,3.637,1.083,2.811,5.759,"ANH_73",5873.24802239,8266.85422185,3724.63800342,5.71548110289,5.71548110289,556.005415522,4823.6430347,1631.09793043,4394.99356807,4394.99356807,4921.30277814,5176.86135705,932.078329958,"Kale","Bosque Ripario"
"ANH_73_20","Simpson diversity",2.2,2.5,0.96,2.2,4.381,"ANH_73",5873.24802239,8266.85422185,3724.63800342,5.71548110289,5.71548110289,556.005415522,4823.6430347,1631.09793043,4394.99356807,4394.99356807,4921.30277814,5176.86135705,932.078329958,"Kale","Bosque Ripario"
"ANH_76_20","Species richness",4,4,0.52,4,5.615,"ANH_76",1868.15359448,12038.9796725,99.4318006865,119.299591654,119.299591654,116.701861761,2031.12791191,3664.56164277,7275.65196227,7916.46815566,3186.44977553,8397.65838551,1354.57572843,"Kale","Bosque Ripario"
"ANH_76_20","Shannon diversity",3.113,3.391,0.503,3.113,4.377,"ANH_76",1868.15359448,12038.9796725,99.4318006865,119.299591654,119.299591654,116.701861761,2031.12791191,3664.56164277,7275.65196227,7916.46815566,3186.44977553,8397.65838551,1354.57572843,"Kale","Bosque Ripario"
"ANH_76_20","Simpson diversity",2.674,2.948,0.621,2.674,4.165,"ANH_76",1868.15359448,12038.9796725,99.4318006865,119.299591654,119.299591654,116.701861761,2031.12791191,3664.56164277,7275.65196227,7916.46815566,3186.44977553,8397.65838551,1354.57572843,"Kale","Bosque Ripario"
"ANH_76_21","Species richness",8,22.674,13.217,11.24,74.467,"ANH_76",1868.15359448,12038.9796725,99.4318006865,119.299591654,119.299591654,116.701861761,2031.12791191,3664.56164277,7275.65196227,7916.46815566,3186.44977553,8397.65838551,1354.57572843,"Kale","Bosque Ripario"
"ANH_76_21","Shannon diversity",3.103,3.874,0.94,3.103,5.715,"ANH_76",1868.15359448,12038.9796725,99.4318006865,119.299591654,119.299591654,116.701861761,2031.12791191,3664.56164277,7275.65196227,7916.46815566,3186.44977553,8397.65838551,1354.57572843,"Kale","Bosque Ripario"
"ANH_76_21","Simpson diversity",2.186,2.245,0.326,2.186,2.884,"ANH_76",1868.15359448,12038.9796725,99.4318006865,119.299591654,119.299591654,116.701861761,2031.12791191,3664.56164277,7275.65196227,7916.46815566,3186.44977553,8397.65838551,1354.57572843,"Kale","Bosque Ripario"
"ANH_73_21","Species richness",12,15.064,3.594,12.495,30.975,"ANH_73",5873.24802239,8266.85422185,3724.63800342,5.71548110289,5.71548110289,556.005415522,4823.6430347,1631.09793043,4394.99356807,4394.99356807,4921.30277814,5176.86135705,932.078329958,"Kale","Bosque Ripario"
"ANH_73_21","Shannon diversity",5.528,6.492,1.163,5.528,8.77,"ANH_73",5873.24802239,8266.85422185,3724.63800342,5.71548110289,5.71548110289,556.005415522,4823.6430347,1631.09793043,4394.99356807,4394.99356807,4921.30277814,5176.86135705,932.078329958,"Kale","Bosque Ripario"
"ANH_73_21","Simpson diversity",3.305,3.465,0.718,3.305,4.871,"ANH_73",5873.24802239,8266.85422185,3724.63800342,5.71548110289,5.71548110289,556.005415522,4823.6430347,1631.09793043,4394.99356807,4394.99356807,4921.30277814,5176.86135705,932.078329958,"Kale","Bosque Ripario"
"ANH_76_18","Species richness",3,3,0.513,3,4.746,"ANH_76",1868.15359448,12038.9796725,99.4318006865,119.299591654,119.299591654,116.701861761,2031.12791191,3664.56164277,7275.65196227,7916.46815566,3186.44977553,8397.65838551,1354.57572843,"Kale","Bosque Ripario"
"ANH_76_18","Shannon diversity",2.73,3.204,0.57,2.73,4.322,"ANH_76",1868.15359448,12038.9796725,99.4318006865,119.299591654,119.299591654,116.701861761,2031.12791191,3664.56164277,7275.65196227,7916.46815566,3186.44977553,8397.65838551,1354.57572843,"Kale","Bosque Ripario"
"ANH_76_18","Simpson diversity",2.579,3.5,0.779,2.579,5.027,"ANH_76",1868.15359448,12038.9796725,99.4318006865,119.299591654,119.299591654,116.701861761,2031.12791191,3664.56164277,7275.65196227,7916.46815566,3186.44977553,8397.65838551,1354.57572843,"Kale","Bosque Ripario"
"ANH_67_19","Species richness",3,3,0.338,3,3.837,"ANH_67",3338.79297819,11690.5265126,320.272475261,52.7992541208,52.7992541208,4.17605050556,3617.10669637,4185.25857953,6937.71123073,7284.25629713,3173.11526587,6926.02393609,1821.64143735,"Kale","Palma"
"ANH_67_19","Shannon diversity",2.44,2.527,0.23,2.44,2.978,"ANH_67",3338.79297819,11690.5265126,320.272475261,52.7992541208,52.7992541208,4.17605050556,3617.10669637,4185.25857953,6937.71123073,7284.25629713,3173.11526587,6926.02393609,1821.64143735,"Kale","Palma"
"ANH_67_19","Simpson diversity",2.273,2.377,0.209,2.273,2.786,"ANH_67",3338.79297819,11690.5265126,320.272475261,52.7992541208,52.7992541208,4.17605050556,3617.10669637,4185.25857953,6937.71123073,7284.25629713,3173.11526587,6926.02393609,1821.64143735,"Kale","Palma"
"ANH_66_19","Species richness",6,6.979,1.837,6.088,16.871,"ANH_66",6444.70297069,9967.35352795,2558.60551808,177.268535888,177.268535888,556.005415522,4925.87140822,2124.4755005,6148.38323168,6148.38323168,3139.36435155,4895.07245173,2636.01413902,"Kale","Palma"
"ANH_66_19","Shannon diversity",3.04,3.271,0.531,3.04,4.312,"ANH_66",6444.70297069,9967.35352795,2558.60551808,177.268535888,177.268535888,556.005415522,4925.87140822,2124.4755005,6148.38323168,6148.38323168,3139.36435155,4895.07245173,2636.01413902,"Kale","Palma"
"ANH_66_19","Simpson diversity",2.363,2.435,0.308,2.363,3.039,"ANH_66",6444.70297069,9967.35352795,2558.60551808,177.268535888,177.268535888,556.005415522,4925.87140822,2124.4755005,6148.38323168,6148.38323168,3139.36435155,4895.07245173,2636.01413902,"Kale","Palma"
"ANH_66_18","Species richness",7,8.9,3.568,7.171,28.12,"ANH_66",6444.70297069,9967.35352795,2558.60551808,177.268535888,177.268535888,556.005415522,4925.87140822,2124.4755005,6148.38323168,6148.38323168,3139.36435155,4895.07245173,2636.01413902,"Kale","Palma"
"ANH_66_18","Shannon diversity",6.002,7.494,1.451,6.002,10.339,"ANH_66",6444.70297069,9967.35352795,2558.60551808,177.268535888,177.268535888,556.005415522,4925.87140822,2124.4755005,6148.38323168,6148.38323168,3139.36435155,4895.07245173,2636.01413902,"Kale","Palma"
"ANH_66_18","Simpson diversity",5.405,7.037,1.303,5.405,9.591,"ANH_66",6444.70297069,9967.35352795,2558.60551808,177.268535888,177.268535888,556.005415522,4925.87140822,2124.4755005,6148.38323168,6148.38323168,3139.36435155,4895.07245173,2636.01413902,"Kale","Palma"
"ANH_67_18","Species richness",3,3.417,1.133,3.024,10.27,"ANH_67",3338.79297819,11690.5265126,320.272475261,52.7992541208,52.7992541208,4.17605050556,3617.10669637,4185.25857953,6937.71123073,7284.25629713,3173.11526587,6926.02393609,1821.64143735,"Kale","Palma"
"ANH_67_18","Shannon diversity",2.749,3.502,1.346,2.749,6.141,"ANH_67",3338.79297819,11690.5265126,320.272475261,52.7992541208,52.7992541208,4.17605050556,3617.10669637,4185.25857953,6937.71123073,7284.25629713,3173.11526587,6926.02393609,1821.64143735,"Kale","Palma"
"ANH_67_18","Simpson diversity",2.571,3.75,1.645,2.571,6.974,"ANH_67",3338.79297819,11690.5265126,320.272475261,52.7992541208,52.7992541208,4.17605050556,3617.10669637,4185.25857953,6937.71123073,7284.25629713,3173.11526587,6926.02393609,1821.64143735,"Kale","Palma"
"ANH_67_20","Species richness",4,4.933,2.036,4.07,16.486,"ANH_67",3338.79297819,11690.5265126,320.272475261,52.7992541208,52.7992541208,4.17605050556,3617.10669637,4185.25857953,6937.71123073,7284.25629713,3173.11526587,6926.02393609,1821.64143735,"Kale","Palma"
"ANH_67_20","Shannon diversity",2.954,3.459,0.501,2.954,4.442,"ANH_67",3338.79297819,11690.5265126,320.272475261,52.7992541208,52.7992541208,4.17605050556,3617.10669637,4185.25857953,6937.71123073,7284.25629713,3173.11526587,6926.02393609,1821.64143735,"Kale","Palma"
"ANH_67_20","Simpson diversity",2.586,2.917,0.483,2.586,3.864,"ANH_67",3338.79297819,11690.5265126,320.272475261,52.7992541208,52.7992541208,4.17605050556,3617.10669637,4185.25857953,6937.71123073,7284.25629713,3173.11526587,6926.02393609,1821.64143735,"Kale","Palma"
"ANH_67_21","Species richness",4,4.483,1.285,4.028,12.208,"ANH_67",3338.79297819,11690.5265126,320.272475261,52.7992541208,52.7992541208,4.17605050556,3617.10669637,4185.25857953,6937.71123073,7284.25629713,3173.11526587,6926.02393609,1821.64143735,"Kale","Palma"
"ANH_67_21","Shannon diversity",2.616,2.795,0.501,2.616,3.776,"ANH_67",3338.79297819,11690.5265126,320.272475261,52.7992541208,52.7992541208,4.17605050556,3617.10669637,4185.25857953,6937.71123073,7284.25629713,3173.11526587,6926.02393609,1821.64143735,"Kale","Palma"
"ANH_67_21","Simpson diversity",2.195,2.289,0.331,2.195,2.939,"ANH_67",3338.79297819,11690.5265126,320.272475261,52.7992541208,52.7992541208,4.17605050556,3617.10669637,4185.25857953,6937.71123073,7284.25629713,3173.11526587,6926.02393609,1821.64143735,"Kale","Palma"
"ANH_66_20","Species richness",4,4.958,2.086,4.072,16.781,"ANH_66",6444.70297069,9967.35352795,2558.60551808,177.268535888,177.268535888,556.005415522,4925.87140822,2124.4755005,6148.38323168,6148.38323168,3139.36435155,4895.07245173,2636.01413902,"Kale","Palma"
"ANH_66_20","Shannon diversity",2.033,2.246,0.408,2.033,3.045,"ANH_66",6444.70297069,9967.35352795,2558.60551808,177.268535888,177.268535888,556.005415522,4925.87140822,2124.4755005,6148.38323168,6148.38323168,3139.36435155,4895.07245173,2636.01413902,"Kale","Palma"
"ANH_66_20","Simpson diversity",1.548,1.586,0.29,1.548,2.154,"ANH_66",6444.70297069,9967.35352795,2558.60551808,177.268535888,177.268535888,556.005415522,4925.87140822,2124.4755005,6148.38323168,6148.38323168,3139.36435155,4895.07245173,2636.01413902,"Kale","Palma"
"ANH_66_21","Species richness",11,15.463,7.137,11.491,51.597,"ANH_66",6444.70297069,9967.35352795,2558.60551808,177.268535888,177.268535888,556.005415522,4925.87140822,2124.4755005,6148.38323168,6148.38323168,3139.36435155,4895.07245173,2636.01413902,"Kale","Palma"
"ANH_66_21","Shannon diversity",6.058,6.455,0.588,6.058,7.607,"ANH_66",6444.70297069,9967.35352795,2558.60551808,177.268535888,177.268535888,556.005415522,4925.87140822,2124.4755005,6148.38323168,6148.38323168,3139.36435155,4895.07245173,2636.01413902,"Kale","Palma"
"ANH_66_21","Simpson diversity",5.009,5.182,0.355,5.009,5.879,"ANH_66",6444.70297069,9967.35352795,2558.60551808,177.268535888,177.268535888,556.005415522,4925.87140822,2124.4755005,6148.38323168,6148.38323168,3139.36435155,4895.07245173,2636.01413902,"Kale","Palma"
"ANH_98_20","Species richness",5,5,0.481,5,6.286,"ANH_98",4060.58755429,6079.81947844,3281.94537,0.888457895257,0.888457895257,33.2175724199,4708.76370534,3773.30101065,2496.04800377,5452.50125899,4765.73043557,3780.549963,2189.98762914,"Platero","Bosque Ripario"
"ANH_98_20","Shannon diversity",3.279,3.402,0.337,3.279,4.062,"ANH_98",4060.58755429,6079.81947844,3281.94537,0.888457895257,0.888457895257,33.2175724199,4708.76370534,3773.30101065,2496.04800377,5452.50125899,4765.73043557,3780.549963,2189.98762914,"Platero","Bosque Ripario"
"ANH_98_20","Simpson diversity",2.733,2.82,0.294,2.733,3.396,"ANH_98",4060.58755429,6079.81947844,3281.94537,0.888457895257,0.888457895257,33.2175724199,4708.76370534,3773.30101065,2496.04800377,5452.50125899,4765.73043557,3780.549963,2189.98762914,"Platero","Bosque Ripario"
"ANH_98_19","Species richness",6,7.978,3.703,6.179,27.907,"ANH_98",4060.58755429,6079.81947844,3281.94537,0.888457895257,0.888457895257,33.2175724199,4708.76370534,3773.30101065,2496.04800377,5452.50125899,4765.73043557,3780.549963,2189.98762914,"Platero","Bosque Ripario"
"ANH_98_19","Shannon diversity",2.672,2.789,0.299,2.672,3.376,"ANH_98",4060.58755429,6079.81947844,3281.94537,0.888457895257,0.888457895257,33.2175724199,4708.76370534,3773.30101065,2496.04800377,5452.50125899,4765.73043557,3780.549963,2189.98762914,"Platero","Bosque Ripario"
"ANH_98_19","Simpson diversity",2.212,2.243,0.151,2.212,2.538,"ANH_98",4060.58755429,6079.81947844,3281.94537,0.888457895257,0.888457895257,33.2175724199,4708.76370534,3773.30101065,2496.04800377,5452.50125899,4765.73043557,3780.549963,2189.98762914,"Platero","Bosque Ripario"
"ANH_98_18","Species richness",6,8.945,4.34,6.359,30.188,"ANH_98",4060.58755429,6079.81947844,3281.94537,0.888457895257,0.888457895257,33.2175724199,4708.76370534,3773.30101065,2496.04800377,5452.50125899,4765.73043557,3780.549963,2189.98762914,"Platero","Bosque Ripario"
"ANH_98_18","Shannon diversity",3.022,3.282,0.396,3.022,4.057,"ANH_98",4060.58755429,6079.81947844,3281.94537,0.888457895257,0.888457895257,33.2175724199,4708.76370534,3773.30101065,2496.04800377,5452.50125899,4765.73043557,3780.549963,2189.98762914,"Platero","Bosque Ripario"
"ANH_98_18","Simpson diversity",2.369,2.43,0.322,2.369,3.061,"ANH_98",4060.58755429,6079.81947844,3281.94537,0.888457895257,0.888457895257,33.2175724199,4708.76370534,3773.30101065,2496.04800377,5452.50125899,4765.73043557,3780.549963,2189.98762914,"Platero","Bosque Ripario"
"ANH_97_18","Species richness",3,3,0.478,3,4.489,"ANH_97",4606.35946233,2871.4363033,8221.53872304,0,0,45.7606127029,2307.99158293,4097.64529583,250.354132317,3677.2648422,8028.08634281,3322.98521392,1847.63222433,"Platero","Bosque Ripario"
"ANH_97_18","Shannon diversity",2.026,2.106,0.263,2.026,2.622,"ANH_97",4606.35946233,2871.4363033,8221.53872304,0,0,45.7606127029,2307.99158293,4097.64529583,250.354132317,3677.2648422,8028.08634281,3322.98521392,1847.63222433,"Platero","Bosque Ripario"
"ANH_97_18","Simpson diversity",1.742,1.791,0.261,1.742,2.303,"ANH_97",4606.35946233,2871.4363033,8221.53872304,0,0,45.7606127029,2307.99158293,4097.64529583,250.354132317,3677.2648422,8028.08634281,3322.98521392,1847.63222433,"Platero","Bosque Ripario"
"ANH_97_20","Species richness",4,4,0.399,4,5.015,"ANH_97",4606.35946233,2871.4363033,8221.53872304,0,0,45.7606127029,2307.99158293,4097.64529583,250.354132317,3677.2648422,8028.08634281,3322.98521392,1847.63222433,"Platero","Bosque Ripario"
"ANH_97_20","Shannon diversity",2.944,3.072,0.337,2.944,3.733,"ANH_97",4606.35946233,2871.4363033,8221.53872304,0,0,45.7606127029,2307.99158293,4097.64529583,250.354132317,3677.2648422,8028.08634281,3322.98521392,1847.63222433,"Platero","Bosque Ripario"
"ANH_97_20","Simpson diversity",2.568,2.685,0.346,2.568,3.364,"ANH_97",4606.35946233,2871.4363033,8221.53872304,0,0,45.7606127029,2307.99158293,4097.64529583,250.354132317,3677.2648422,8028.08634281,3322.98521392,1847.63222433,"Platero","Bosque Ripario"
"ANH_97_21","Species richness",6,8.947,4.343,6.359,30.203,"ANH_97",4606.35946233,2871.4363033,8221.53872304,0,0,45.7606127029,2307.99158293,4097.64529583,250.354132317,3677.2648422,8028.08634281,3322.98521392,1847.63222433,"Platero","Bosque Ripario"
"ANH_97_21","Shannon diversity",3.145,3.405,0.44,3.145,4.268,"ANH_97",4606.35946233,2871.4363033,8221.53872304,0,0,45.7606127029,2307.99158293,4097.64529583,250.354132317,3677.2648422,8028.08634281,3322.98521392,1847.63222433,"Platero","Bosque Ripario"
"ANH_97_21","Simpson diversity",2.497,2.566,0.338,2.497,3.229,"ANH_97",4606.35946233,2871.4363033,8221.53872304,0,0,45.7606127029,2307.99158293,4097.64529583,250.354132317,3677.2648422,8028.08634281,3322.98521392,1847.63222433,"Platero","Bosque Ripario"
"ANH_98_21","Species richness",10,11.988,3.721,10.18,32.009,"ANH_98",4060.58755429,6079.81947844,3281.94537,0.888457895257,0.888457895257,33.2175724199,4708.76370534,3773.30101065,2496.04800377,5452.50125899,4765.73043557,3780.549963,2189.98762914,"Platero","Bosque Ripario"
"ANH_98_21","Shannon diversity",4.664,4.832,0.337,4.664,5.492,"ANH_98",4060.58755429,6079.81947844,3281.94537,0.888457895257,0.888457895257,33.2175724199,4708.76370534,3773.30101065,2496.04800377,5452.50125899,4765.73043557,3780.549963,2189.98762914,"Platero","Bosque Ripario"
"ANH_98_21","Simpson diversity",3.595,3.651,0.271,3.595,4.182,"ANH_98",4060.58755429,6079.81947844,3281.94537,0.888457895257,0.888457895257,33.2175724199,4708.76370534,3773.30101065,2496.04800377,5452.50125899,4765.73043557,3780.549963,2189.98762914,"Platero","Bosque Ripario"
"ANH_90_19","Species richness",7,9.955,4.379,7.357,31.439,"ANH_90",967.583378597,3468.12360471,5613.2908585,611.470164542,611.470164542,260.342062684,3792.96444988,7204.34443592,2150.415655,2150.415655,6439.47031425,5543.82948253,1101.79237584,"Platero","Palma"
"ANH_90_19","Shannon diversity",3.576,3.856,0.454,3.576,4.746,"ANH_90",967.583378597,3468.12360471,5613.2908585,611.470164542,611.470164542,260.342062684,3792.96444988,7204.34443592,2150.415655,2150.415655,6439.47031425,5543.82948253,1101.79237584,"Platero","Palma"
"ANH_90_19","Simpson diversity",2.876,2.96,0.312,2.876,3.572,"ANH_90",967.583378597,3468.12360471,5613.2908585,611.470164542,611.470164542,260.342062684,3792.96444988,7204.34443592,2150.415655,2150.415655,6439.47031425,5543.82948253,1101.79237584,"Platero","Palma"
"ANH_90_20","Species richness",8,12.408,7.053,8.484,48.128,"ANH_90",967.583378597,3468.12360471,5613.2908585,611.470164542,611.470164542,260.342062684,3792.96444988,7204.34443592,2150.415655,2150.415655,6439.47031425,5543.82948253,1101.79237584,"Platero","Palma"
"ANH_90_20","Shannon diversity",4.79,5.427,0.816,4.79,7.027,"ANH_90",967.583378597,3468.12360471,5613.2908585,611.470164542,611.470164542,260.342062684,3792.96444988,7204.34443592,2150.415655,2150.415655,6439.47031425,5543.82948253,1101.79237584,"Platero","Palma"
"ANH_90_20","Simpson diversity",3.677,3.894,0.627,3.677,5.123,"ANH_90",967.583378597,3468.12360471,5613.2908585,611.470164542,611.470164542,260.342062684,3792.96444988,7204.34443592,2150.415655,2150.415655,6439.47031425,5543.82948253,1101.79237584,"Platero","Palma"
"ANH_90_18","Species richness",4,4,0.542,4,5.737,"ANH_90",967.583378597,3468.12360471,5613.2908585,611.470164542,611.470164542,260.342062684,3792.96444988,7204.34443592,2150.415655,2150.415655,6439.47031425,5543.82948253,1101.79237584,"Platero","Palma"
"ANH_90_18","Shannon diversity",3.424,3.885,0.609,3.424,5.078,"ANH_90",967.583378597,3468.12360471,5613.2908585,611.470164542,611.470164542,260.342062684,3792.96444988,7204.34443592,2150.415655,2150.415655,6439.47031425,5543.82948253,1101.79237584,"Platero","Palma"
"ANH_90_18","Simpson diversity",3.073,3.714,0.78,3.073,5.242,"ANH_90",967.583378597,3468.12360471,5613.2908585,611.470164542,611.470164542,260.342062684,3792.96444988,7204.34443592,2150.415655,2150.415655,6439.47031425,5543.82948253,1101.79237584,"Platero","Palma"
"ANH_71_19","Species richness",5,6.953,3.661,5.176,26.659,"ANH_71",8095.50646776,1419.98538267,6547.21973759,162.612633163,162.612633163,212.199627141,3084.35910123,68.3447673805,2643.53549982,2940.26383241,4040.74570414,1170.5400953,2297.45174435,"Platero","Palma"
"ANH_71_19","Shannon diversity",2.814,3.044,0.454,2.814,3.934,"ANH_71",8095.50646776,1419.98538267,6547.21973759,162.612633163,162.612633163,212.199627141,3084.35910123,68.3447673805,2643.53549982,2940.26383241,4040.74570414,1170.5400953,2297.45174435,"Platero","Palma"
"ANH_71_19","Simpson diversity",2.411,2.494,0.244,2.411,2.974,"ANH_71",8095.50646776,1419.98538267,6547.21973759,162.612633163,162.612633163,212.199627141,3084.35910123,68.3447673805,2643.53549982,2940.26383241,4040.74570414,1170.5400953,2297.45174435,"Platero","Palma"
"ANH_75_20","Species richness",7,7.123,0.432,7.005,9.886,"ANH_75",3717.63765382,5811.41453458,438.513192257,0,0,135.594330327,2379.35461199,2288.21005169,5471.53321411,7326.93321537,1866.61710036,1413.37069691,2489.71146124,"Platero","Bosque Ripario"
"ANH_75_20","Shannon diversity",3.341,3.547,0.527,3.341,4.58,"ANH_75",3717.63765382,5811.41453458,438.513192257,0,0,135.594330327,2379.35461199,2288.21005169,5471.53321411,7326.93321537,1866.61710036,1413.37069691,2489.71146124,"Platero","Bosque Ripario"
"ANH_75_20","Simpson diversity",2.409,2.472,0.389,2.409,3.233,"ANH_75",3717.63765382,5811.41453458,438.513192257,0,0,135.594330327,2379.35461199,2288.21005169,5471.53321411,7326.93321537,1866.61710036,1413.37069691,2489.71146124,"Platero","Bosque Ripario"
"ANH_71_20","Species richness",5,5,0.347,5,5.844,"ANH_71",8095.50646776,1419.98538267,6547.21973759,162.612633163,162.612633163,212.199627141,3084.35910123,68.3447673805,2643.53549982,2940.26383241,4040.74570414,1170.5400953,2297.45174435,"Platero","Palma"
"ANH_71_20","Shannon diversity",3.668,3.823,0.404,3.668,4.615,"ANH_71",8095.50646776,1419.98538267,6547.21973759,162.612633163,162.612633163,212.199627141,3084.35910123,68.3447673805,2643.53549982,2940.26383241,4040.74570414,1170.5400953,2297.45174435,"Platero","Palma"
"ANH_71_20","Simpson diversity",2.934,3.055,0.469,2.934,3.974,"ANH_71",8095.50646776,1419.98538267,6547.21973759,162.612633163,162.612633163,212.199627141,3084.35910123,68.3447673805,2643.53549982,2940.26383241,4040.74570414,1170.5400953,2297.45174435,"Platero","Palma"
"ANH_71_21","Species richness",11,11.165,0.533,11.008,14.515,"ANH_71",8095.50646776,1419.98538267,6547.21973759,162.612633163,162.612633163,212.199627141,3084.35910123,68.3447673805,2643.53549982,2940.26383241,4040.74570414,1170.5400953,2297.45174435,"Platero","Palma"
"ANH_71_21","Shannon diversity",4.454,4.643,0.514,4.454,5.651,"ANH_71",8095.50646776,1419.98538267,6547.21973759,162.612633163,162.612633163,212.199627141,3084.35910123,68.3447673805,2643.53549982,2940.26383241,4040.74570414,1170.5400953,2297.45174435,"Platero","Palma"
"ANH_71_21","Simpson diversity",2.736,2.773,0.306,2.736,3.372,"ANH_71",8095.50646776,1419.98538267,6547.21973759,162.612633163,162.612633163,212.199627141,3084.35910123,68.3447673805,2643.53549982,2940.26383241,4040.74570414,1170.5400953,2297.45174435,"Platero","Palma"
"ANH_71_18","Species richness",4,4.455,1.22,4.026,11.804,"ANH_71",8095.50646776,1419.98538267,6547.21973759,162.612633163,162.612633163,212.199627141,3084.35910123,68.3447673805,2643.53549982,2940.26383241,4040.74570414,1170.5400953,2297.45174435,"Platero","Palma"
"ANH_71_18","Shannon diversity",3.538,4.241,1.069,3.538,6.337,"ANH_71",8095.50646776,1419.98538267,6547.21973759,162.612633163,162.612633163,212.199627141,3084.35910123,68.3447673805,2643.53549982,2940.26383241,4040.74570414,1170.5400953,2297.45174435,"Platero","Palma"
"ANH_71_18","Simpson diversity",3.27,4.231,1.078,3.27,6.343,"ANH_71",8095.50646776,1419.98538267,6547.21973759,162.612633163,162.612633163,212.199627141,3084.35910123,68.3447673805,2643.53549982,2940.26383241,4040.74570414,1170.5400953,2297.45174435,"Platero","Palma"
"ANH_90_21","Species richness",7,7,0.547,7,8.62,"ANH_90",967.583378597,3468.12360471,5613.2908585,611.470164542,611.470164542,260.342062684,3792.96444988,7204.34443592,2150.415655,2150.415655,6439.47031425,5543.82948253,1101.79237584,"Platero","Palma"
"ANH_90_21","Shannon diversity",5.121,5.456,0.521,5.121,6.478,"ANH_90",967.583378597,3468.12360471,5613.2908585,611.470164542,611.470164542,260.342062684,3792.96444988,7204.34443592,2150.415655,2150.415655,6439.47031425,5543.82948253,1101.79237584,"Platero","Palma"
"ANH_90_21","Simpson diversity",4.112,4.391,0.65,4.112,5.665,"ANH_90",967.583378597,3468.12360471,5613.2908585,611.470164542,611.470164542,260.342062684,3792.96444988,7204.34443592,2150.415655,2150.415655,6439.47031425,5543.82948253,1101.79237584,"Platero","Palma"
"ANH_103_20","Species richness",6,6.245,0.717,6.013,10.66,"ANH_103",2734.05030653,5680.05872496,134.786884046,1.18567703904,1.18567703904,21.34877336,1570.84550932,1444.30033367,6220.56711591,6220.56711591,1098.13401049,1234.67315862,1442.05947306,"Kale","Bosque Ripario"
"ANH_103_20","Shannon diversity",3.443,3.662,0.541,3.443,4.722,"ANH_103",2734.05030653,5680.05872496,134.786884046,1.18567703904,1.18567703904,21.34877336,1570.84550932,1444.30033367,6220.56711591,6220.56711591,1098.13401049,1234.67315862,1442.05947306,"Kale","Bosque Ripario"
"ANH_103_20","Simpson diversity",2.614,2.709,0.403,2.614,3.5,"ANH_103",2734.05030653,5680.05872496,134.786884046,1.18567703904,1.18567703904,21.34877336,1570.84550932,1444.30033367,6220.56711591,6220.56711591,1098.13401049,1234.67315862,1442.05947306,"Kale","Bosque Ripario"
"ANH_103_21","Species richness",7,7,0.431,7,8.074,"ANH_103",2734.05030653,5680.05872496,134.786884046,1.18567703904,1.18567703904,21.34877336,1570.84550932,1444.30033367,6220.56711591,6220.56711591,1098.13401049,1234.67315862,1442.05947306,"Kale","Bosque Ripario"
"ANH_103_21","Shannon diversity",3.943,4.071,0.388,3.943,4.83,"ANH_103",2734.05030653,5680.05872496,134.786884046,1.18567703904,1.18567703904,21.34877336,1570.84550932,1444.30033367,6220.56711591,6220.56711591,1098.13401049,1234.67315862,1442.05947306,"Kale","Bosque Ripario"
"ANH_103_21","Simpson diversity",2.95,3.01,0.31,2.95,3.619,"ANH_103",2734.05030653,5680.05872496,134.786884046,1.18567703904,1.18567703904,21.34877336,1570.84550932,1444.30033367,6220.56711591,6220.56711591,1098.13401049,1234.67315862,1442.05947306,"Kale","Bosque Ripario"
"ANH_103_19","Species richness",4,4,0.487,4,5.467,"ANH_103",2734.05030653,5680.05872496,134.786884046,1.18567703904,1.18567703904,21.34877336,1570.84550932,1444.30033367,6220.56711591,6220.56711591,1098.13401049,1234.67315862,1442.05947306,"Kale","Bosque Ripario"
"ANH_103_19","Shannon diversity",2.023,2.063,0.216,2.023,2.486,"ANH_103",2734.05030653,5680.05872496,134.786884046,1.18567703904,1.18567703904,21.34877336,1570.84550932,1444.30033367,6220.56711591,6220.56711591,1098.13401049,1234.67315862,1442.05947306,"Kale","Bosque Ripario"
"ANH_103_19","Simpson diversity",1.585,1.597,0.147,1.585,1.885,"ANH_103",2734.05030653,5680.05872496,134.786884046,1.18567703904,1.18567703904,21.34877336,1570.84550932,1444.30033367,6220.56711591,6220.56711591,1098.13401049,1234.67315862,1442.05947306,"Kale","Bosque Ripario"
"ANH_103_18","Species richness",5,6.962,3.675,5.177,26.741,"ANH_103",2734.05030653,5680.05872496,134.786884046,1.18567703904,1.18567703904,21.34877336,1570.84550932,1444.30033367,6220.56711591,6220.56711591,1098.13401049,1234.67315862,1442.05947306,"Kale","Bosque Ripario"
"ANH_103_18","Shannon diversity",2.218,2.367,0.358,2.218,3.069,"ANH_103",2734.05030653,5680.05872496,134.786884046,1.18567703904,1.18567703904,21.34877336,1570.84550932,1444.30033367,6220.56711591,6220.56711591,1098.13401049,1234.67315862,1442.05947306,"Kale","Bosque Ripario"
"ANH_103_18","Simpson diversity",1.682,1.704,0.234,1.682,2.164,"ANH_103",2734.05030653,5680.05872496,134.786884046,1.18567703904,1.18567703904,21.34877336,1570.84550932,1444.30033367,6220.56711591,6220.56711591,1098.13401049,1234.67315862,1442.05947306,"Kale","Bosque Ripario"
"ANH_75_19","Species richness",5,5,0.487,5,6.438,"ANH_75",3717.63765382,5811.41453458,438.513192257,0,0,135.594330327,2379.35461199,2288.21005169,5471.53321411,7326.93321537,1866.61710036,1413.37069691,2489.71146124,"Platero","Bosque Ripario"
"ANH_75_19","Shannon diversity",2.824,2.886,0.246,2.824,3.368,"ANH_75",3717.63765382,5811.41453458,438.513192257,0,0,135.594330327,2379.35461199,2288.21005169,5471.53321411,7326.93321537,1866.61710036,1413.37069691,2489.71146124,"Platero","Bosque Ripario"
"ANH_75_19","Simpson diversity",2.144,2.17,0.25,2.144,2.66,"ANH_75",3717.63765382,5811.41453458,438.513192257,0,0,135.594330327,2379.35461199,2288.21005169,5471.53321411,7326.93321537,1866.61710036,1413.37069691,2489.71146124,"Platero","Bosque Ripario"
"ANH_75_21","Species richness",9,9.99,1.854,9.089,19.97,"ANH_75",3717.63765382,5811.41453458,438.513192257,0,0,135.594330327,2379.35461199,2288.21005169,5471.53321411,7326.93321537,1866.61710036,1413.37069691,2489.71146124,"Platero","Bosque Ripario"
"ANH_75_21","Shannon diversity",5.144,5.415,0.473,5.144,6.343,"ANH_75",3717.63765382,5811.41453458,438.513192257,0,0,135.594330327,2379.35461199,2288.21005169,5471.53321411,7326.93321537,1866.61710036,1413.37069691,2489.71146124,"Platero","Bosque Ripario"
"ANH_75_21","Simpson diversity",3.861,3.979,0.477,3.861,4.913,"ANH_75",3717.63765382,5811.41453458,438.513192257,0,0,135.594330327,2379.35461199,2288.21005169,5471.53321411,7326.93321537,1866.61710036,1413.37069691,2489.71146124,"Platero","Bosque Ripario"
"ANH_75_18","Species richness",4,4,0.528,4,5.681,"ANH_75",3717.63765382,5811.41453458,438.513192257,0,0,135.594330327,2379.35461199,2288.21005169,5471.53321411,7326.93321537,1866.61710036,1413.37069691,2489.71146124,"Platero","Bosque Ripario"
"ANH_75_18","Shannon diversity",3.618,4.148,0.567,3.618,5.26,"ANH_75",3717.63765382,5811.41453458,438.513192257,0,0,135.594330327,2379.35461199,2288.21005169,5471.53321411,7326.93321537,1866.61710036,1413.37069691,2489.71146124,"Platero","Bosque Ripario"
"ANH_75_18","Simpson diversity",3.429,4.4,0.774,3.429,5.916,"ANH_75",3717.63765382,5811.41453458,438.513192257,0,0,135.594330327,2379.35461199,2288.21005169,5471.53321411,7326.93321537,1866.61710036,1413.37069691,2489.71146124,"Platero","Bosque Ripario"
"ANH_93_20","Species richness",7,10.84,5.095,7.533,34.673,"ANH_93",5735.55367351,13430.6962531,261.024939786,50.8986688367,50.8986688367,841.669467865,4561.14705348,1777.38846677,3909.69705531,10027.9846914,194.637141498,4812.91766651,4864.35735389,"Kale","Palma"
"ANH_93_20","Shannon diversity",3.259,4.098,1.202,3.259,6.455,"ANH_93",5735.55367351,13430.6962531,261.024939786,50.8986688367,50.8986688367,841.669467865,4561.14705348,1777.38846677,3909.69705531,10027.9846914,194.637141498,4812.91766651,4864.35735389,"Kale","Palma"
"ANH_93_20","Simpson diversity",2.076,2.174,0.569,2.076,3.289,"ANH_93",5735.55367351,13430.6962531,261.024939786,50.8986688367,50.8986688367,841.669467865,4561.14705348,1777.38846677,3909.69705531,10027.9846914,194.637141498,4812.91766651,4864.35735389,"Kale","Palma"
"ANH_93_18","Species richness",5,9.275,6.85,5.469,43.982,"ANH_93",5735.55367351,13430.6962531,261.024939786,50.8986688367,50.8986688367,841.669467865,4561.14705348,1777.38846677,3909.69705531,10027.9846914,194.637141498,4812.91766651,4864.35735389,"Kale","Palma"
"ANH_93_18","Shannon diversity",2.448,3.074,1.099,2.448,5.228,"ANH_93",5735.55367351,13430.6962531,261.024939786,50.8986688367,50.8986688367,841.669467865,4561.14705348,1777.38846677,3909.69705531,10027.9846914,194.637141498,4812.91766651,4864.35735389,"Kale","Palma"
"ANH_93_18","Simpson diversity",1.724,1.792,0.512,1.724,2.795,"ANH_93",5735.55367351,13430.6962531,261.024939786,50.8986688367,50.8986688367,841.669467865,4561.14705348,1777.38846677,3909.69705531,10027.9846914,194.637141498,4812.91766651,4864.35735389,"Kale","Palma"
"ANH_93_19","Species richness",5,6.966,3.682,5.177,26.781,"ANH_93",5735.55367351,13430.6962531,261.024939786,50.8986688367,50.8986688367,841.669467865,4561.14705348,1777.38846677,3909.69705531,10027.9846914,194.637141498,4812.91766651,4864.35735389,"Kale","Palma"
"ANH_93_19","Shannon diversity",2.352,2.494,0.342,2.352,3.165,"ANH_93",5735.55367351,13430.6962531,261.024939786,50.8986688367,50.8986688367,841.669467865,4561.14705348,1777.38846677,3909.69705531,10027.9846914,194.637141498,4812.91766651,4864.35735389,"Kale","Palma"
"ANH_93_19","Simpson diversity",1.867,1.896,0.235,1.867,2.357,"ANH_93",5735.55367351,13430.6962531,261.024939786,50.8986688367,50.8986688367,841.669467865,4561.14705348,1777.38846677,3909.69705531,10027.9846914,194.637141498,4812.91766651,4864.35735389,"Kale","Palma"
"ANH_89_19","Species richness",2,2,0.471,2,3.583,"ANH_89",14539.6281844,3507.28783913,1917.33846534,953.97453018,953.97453018,834.954271967,3872.01053849,213.728215677,3498.66297258,6310.48988596,3024.66460613,4440.37635945,2819.78018937,"Caracterizacion","Palma"
"ANH_89_19","Shannon diversity",1.312,1.371,0.26,1.312,1.88,"ANH_89",14539.6281844,3507.28783913,1917.33846534,953.97453018,953.97453018,834.954271967,3872.01053849,213.728215677,3498.66297258,6310.48988596,3024.66460613,4440.37635945,2819.78018937,"Caracterizacion","Palma"
"ANH_89_19","Simpson diversity",1.166,1.182,0.192,1.166,1.558,"ANH_89",14539.6281844,3507.28783913,1917.33846534,953.97453018,953.97453018,834.954271967,3872.01053849,213.728215677,3498.66297258,6310.48988596,3024.66460613,4440.37635945,2819.78018937,"Caracterizacion","Palma"
"ANH_89_20","Species richness",2,2,0.34,2,2.887,"ANH_89",14539.6281844,3507.28783913,1917.33846534,953.97453018,953.97453018,834.954271967,3872.01053849,213.728215677,3498.66297258,6310.48988596,3024.66460613,4440.37635945,2819.78018937,"Caracterizacion","Palma"
"ANH_89_20","Shannon diversity",1.89,2.07,0.295,1.89,2.65,"ANH_89",14539.6281844,3507.28783913,1917.33846534,953.97453018,953.97453018,834.954271967,3872.01053849,213.728215677,3498.66297258,6310.48988596,3024.66460613,4440.37635945,2819.78018937,"Caracterizacion","Palma"
"ANH_89_20","Simpson diversity",1.8,2.143,0.505,1.8,3.132,"ANH_89",14539.6281844,3507.28783913,1917.33846534,953.97453018,953.97453018,834.954271967,3872.01053849,213.728215677,3498.66297258,6310.48988596,3024.66460613,4440.37635945,2819.78018937,"Caracterizacion","Palma"
"ANH_89_21","Species richness",2,2,0.331,2,2.844,"ANH_89",14539.6281844,3507.28783913,1917.33846534,953.97453018,953.97453018,834.954271967,3872.01053849,213.728215677,3498.66297258,6310.48988596,3024.66460613,4440.37635945,2819.78018937,"Caracterizacion","Palma"
"ANH_89_21","Shannon diversity",1.755,1.878,0.326,1.755,2.518,"ANH_89",14539.6281844,3507.28783913,1917.33846534,953.97453018,953.97453018,834.954271967,3872.01053849,213.728215677,3498.66297258,6310.48988596,3024.66460613,4440.37635945,2819.78018937,"Caracterizacion","Palma"
"ANH_89_21","Simpson diversity",1.6,1.75,0.423,1.6,2.579,"ANH_89",14539.6281844,3507.28783913,1917.33846534,953.97453018,953.97453018,834.954271967,3872.01053849,213.728215677,3498.66297258,6310.48988596,3024.66460613,4440.37635945,2819.78018937,"Caracterizacion","Palma"
"ANH_68_19","Species richness",4,4,0.492,4,5.495,"ANH_68",6115.43947553,5964.36696127,3169.6272687,275.797984873,275.797984873,106.041699534,4276.10969873,1924.59402728,3184.53261018,6862.25279011,4335.87852934,1935.331026,3790.29591829,"Platero","Palma"
"ANH_68_19","Shannon diversity",3.307,3.572,0.439,3.307,4.432,"ANH_68",6115.43947553,5964.36696127,3169.6272687,275.797984873,275.797984873,106.041699534,4276.10969873,1924.59402728,3184.53261018,6862.25279011,4335.87852934,1935.331026,3790.29591829,"Platero","Palma"
"ANH_68_19","Simpson diversity",3.041,3.387,0.452,3.041,4.273,"ANH_68",6115.43947553,5964.36696127,3169.6272687,275.797984873,275.797984873,106.041699534,4276.10969873,1924.59402728,3184.53261018,6862.25279011,4335.87852934,1935.331026,3790.29591829,"Platero","Palma"
"ANH_68_18","Species richness",4,7.6,5.817,4.391,37.177,"ANH_68",6115.43947553,5964.36696127,3169.6272687,275.797984873,275.797984873,106.041699534,4276.10969873,1924.59402728,3184.53261018,6862.25279011,4335.87852934,1935.331026,3790.29591829,"Platero","Palma"
"ANH_68_18","Shannon diversity",3.789,8.182,4.214,3.789,16.441,"ANH_68",6115.43947553,5964.36696127,3169.6272687,275.797984873,275.797984873,106.041699534,4276.10969873,1924.59402728,3184.53261018,6862.25279011,4335.87852934,1935.331026,3790.29591829,"Platero","Palma"
"ANH_68_18","Simpson diversity",3.571,10,3.108,3.909,16.091,"ANH_68",6115.43947553,5964.36696127,3169.6272687,275.797984873,275.797984873,106.041699534,4276.10969873,1924.59402728,3184.53261018,6862.25279011,4335.87852934,1935.331026,3790.29591829,"Platero","Palma"
"ANH_68_20","Species richness",2,2,0.011,2,2.022,"ANH_68",6115.43947553,5964.36696127,3169.6272687,275.797984873,275.797984873,106.041699534,4276.10969873,1924.59402728,3184.53261018,6862.25279011,4335.87852934,1935.331026,3790.29591829,"Platero","Palma"
"ANH_68_20","Shannon diversity",1.938,1.98,0.109,1.938,2.193,"ANH_68",6115.43947553,5964.36696127,3169.6272687,275.797984873,275.797984873,106.041699534,4276.10969873,1924.59402728,3184.53261018,6862.25279011,4335.87852934,1935.331026,3790.29591829,"Platero","Palma"
"ANH_68_20","Simpson diversity",1.882,1.957,0.207,1.882,2.364,"ANH_68",6115.43947553,5964.36696127,3169.6272687,275.797984873,275.797984873,106.041699534,4276.10969873,1924.59402728,3184.53261018,6862.25279011,4335.87852934,1935.331026,3790.29591829,"Platero","Palma"
"ANH_68_21","Species richness",9,9.992,1.858,9.09,19.994,"ANH_68",6115.43947553,5964.36696127,3169.6272687,275.797984873,275.797984873,106.041699534,4276.10969873,1924.59402728,3184.53261018,6862.25279011,4335.87852934,1935.331026,3790.29591829,"Platero","Palma"
"ANH_68_21","Shannon diversity",3.81,3.96,0.382,3.81,4.708,"ANH_68",6115.43947553,5964.36696127,3169.6272687,275.797984873,275.797984873,106.041699534,4276.10969873,1924.59402728,3184.53261018,6862.25279011,4335.87852934,1935.331026,3790.29591829,"Platero","Palma"
"ANH_68_21","Simpson diversity",2.867,2.909,0.231,2.867,3.361,"ANH_68",6115.43947553,5964.36696127,3169.6272687,275.797984873,275.797984873,106.041699534,4276.10969873,1924.59402728,3184.53261018,6862.25279011,4335.87852934,1935.331026,3790.29591829,"Platero","Palma"
"ANH_92_NA","Species richness",1,1,0.312,1,2.549,"ANH_92",6115.78644028,2788.44722515,6660.11795729,694.116255919,694.116255919,50.6570421766,2691.63405685,2046.42701215,1601.34825178,4916.42119629,5960.28110732,2402.99205263,1139.65130646,"Platero","Palma"
"ANH_92_NA","Shannon diversity",1,0,0,1,0,"ANH_92",6115.78644028,2788.44722515,6660.11795729,694.116255919,694.116255919,50.6570421766,2691.63405685,2046.42701215,1601.34825178,4916.42119629,5960.28110732,2402.99205263,1139.65130646,"Platero","Palma"
"ANH_92_NA","Simpson diversity",1,1,0,1,1,"ANH_92",6115.78644028,2788.44722515,6660.11795729,694.116255919,694.116255919,50.6570421766,2691.63405685,2046.42701215,1601.34825178,4916.42119629,5960.28110732,2402.99205263,1139.65130646,"Platero","Palma"
"ANH_97_NA","Species richness",1,1,0.312,1,2.549,"ANH_97",4606.35946233,2871.4363033,8221.53872304,0,0,45.7606127029,2307.99158293,4097.64529583,250.354132317,3677.2648422,8028.08634281,3322.98521392,1847.63222433,"Platero","Bosque Ripario"
"ANH_97_NA","Shannon diversity",1,0,0,1,0,"ANH_97",4606.35946233,2871.4363033,8221.53872304,0,0,45.7606127029,2307.99158293,4097.64529583,250.354132317,3677.2648422,8028.08634281,3322.98521392,1847.63222433,"Platero","Bosque Ripario"
"ANH_97_NA","Simpson diversity",1,1,0,1,1,"ANH_97",4606.35946233,2871.4363033,8221.53872304,0,0,45.7606127029,2307.99158293,4097.64529583,250.354132317,3677.2648422,8028.08634281,3322.98521392,1847.63222433,"Platero","Bosque Ripario"
"ANH_71_NA","Species richness",1,1,0.312,1,2.549,"ANH_71",8095.50646776,1419.98538267,6547.21973759,162.612633163,162.612633163,212.199627141,3084.35910123,68.3447673805,2643.53549982,2940.26383241,4040.74570414,1170.5400953,2297.45174435,"Platero","Palma"
"ANH_71_NA","Shannon diversity",1,0,0,1,0,"ANH_71",8095.50646776,1419.98538267,6547.21973759,162.612633163,162.612633163,212.199627141,3084.35910123,68.3447673805,2643.53549982,2940.26383241,4040.74570414,1170.5400953,2297.45174435,"Platero","Palma"
"ANH_71_NA","Simpson diversity",1,1,0,1,1,"ANH_71",8095.50646776,1419.98538267,6547.21973759,162.612633163,162.612633163,212.199627141,3084.35910123,68.3447673805,2643.53549982,2940.26383241,4040.74570414,1170.5400953,2297.45174435,"Platero","Palma"
"ANH_360_21","Species richness",8,10.184,3.306,8.257,26.547,"ANH_360",NA,NA,NA,NA,NA,NA,NA,NA,NA,NA,NA,NA,NA,"Caracterizacion","Bosque Ripario"
"ANH_360_21","Shannon diversity",4.148,4.848,1.043,4.148,6.893,"ANH_360",NA,NA,NA,NA,NA,NA,NA,NA,NA,NA,NA,NA,NA,"Caracterizacion","Bosque Ripario"
"ANH_360_21","Simpson diversity",2.651,2.791,0.709,2.651,4.18,"ANH_360",NA,NA,NA,NA,NA,NA,NA,NA,NA,NA,NA,NA,NA,"Caracterizacion","Bosque Ripario"
"ANH_360_20","Species richness",2,2.5,1.107,2.037,8.808,"ANH_360",NA,NA,NA,NA,NA,NA,NA,NA,NA,NA,NA,NA,NA,"Caracterizacion","Bosque Ripario"
"ANH_360_20","Shannon diversity",2,3.375,1.111,2,5.552,"ANH_360",NA,NA,NA,NA,NA,NA,NA,NA,NA,NA,NA,NA,NA,"Caracterizacion","Bosque Ripario"
"ANH_360_20","Simpson diversity",2,2,0.489,2,2.958,"ANH_360",NA,NA,NA,NA,NA,NA,NA,NA,NA,NA,NA,NA,NA,"Caracterizacion","Bosque Ripario"
"ANH_360_19","Species richness",1,1,0.284,1,1.799,"ANH_360",NA,NA,NA,NA,NA,NA,NA,NA,NA,NA,NA,NA,NA,"Caracterizacion","Bosque Ripario"
"ANH_360_19","Shannon diversity",1,1,0,1,1,"ANH_360",NA,NA,NA,NA,NA,NA,NA,NA,NA,NA,NA,NA,NA,"Caracterizacion","Bosque Ripario"
"ANH_360_19","Simpson diversity",1,1,0,1,1,"ANH_360",NA,NA,NA,NA,NA,NA,NA,NA,NA,NA,NA,NA,NA,"Caracterizacion","Bosque Ripario"
