"","parentEventID","order","observado","estimado","s.e.","LCL","UCL","Dis_Cienag","Dis_MGSG","Dis_Dre345","DisBosque","Dis_CobNat","Tam_Parche","Dis_CP","Dis_Oleodu","Dis_Pozo","Dis_Pozact","Dis_Ferroc","Dis_ViaPri","Dia_ViaSec","Temp","OxgD","COrgT","FDisp","TSolidDis","Nitratos","Silicatos","GrasAceit","SAAM","Alcalinid","Log_Cond","sed_Nitrog","sed_p_limo","sed_fosforo","sed_Sodio","sed_hierro","sed_Magnes","Cantos.rodados","Grava","Vrip","CDosel","ProfProm","Ancho","ProfCapFot","Plataf","Red.Hidrica","CuerpAgua","samplEff.1"
"1","ANH_39","Species richness",6,6.482,1.282,6.028,14.191,899.011196148,3376.49841112,6568.11386386,4.88486825749,4.88486825749,260.342062684,4054.197194,7436.51139294,1195.87251946,1195.87251946,7296.97418103,6403.3916761,2032.94361862,25.52,6.1,21.155,3.725,40,2.64,0.447,1.27,0.072,18.36,1.32221929473392,0.1879,10,0.00361,18.38,2.89,42.4,0.35,0.15,2,3,3.5,18,1.35,"Platero","CORREDOR","Caño",0.62111801242236
"2","ANH_39","Shannon diversity",3.839,4.282,0.899,3.839,6.045,899.011196148,3376.49841112,6568.11386386,4.88486825749,4.88486825749,260.342062684,4054.197194,7436.51139294,1195.87251946,1195.87251946,7296.97418103,6403.3916761,2032.94361862,25.52,6.1,21.155,3.725,40,2.64,0.447,1.27,0.072,18.36,1.32221929473392,0.1879,10,0.00361,18.38,2.89,42.4,0.35,0.15,2,3,3.5,18,1.35,"Platero","CORREDOR","Caño",0.62111801242236
"3","ANH_39","Simpson diversity",2.722,2.908,0.755,2.722,4.388,899.011196148,3376.49841112,6568.11386386,4.88486825749,4.88486825749,260.342062684,4054.197194,7436.51139294,1195.87251946,1195.87251946,7296.97418103,6403.3916761,2032.94361862,25.52,6.1,21.155,3.725,40,2.64,0.447,1.27,0.072,18.36,1.32221929473392,0.1879,10,0.00361,18.38,2.89,42.4,0.35,0.15,2,3,3.5,18,1.35,"Platero","CORREDOR","Caño",0.62111801242236
"4","ANH_43","Species richness",4,4.444,1.197,4.026,11.662,2276.85820497,4852.18024448,5963.85139677,0,0,78.6478687443,4843.14845279,5895.42061852,2434.42420069,2434.42420069,7284.4078322,5541.87026023,971.209078924,26.51,6.1,14.56,0.275,96,2.19,1.053,0.97,0.054,28.56,1.46239799789896,0.2501,10,0.00393,20.65,5.99,29.84,0,0.2,2,2,0.85,8,0.85,"Platero","CORREDOR","Quebrada",0.559006211180124
"5","ANH_43","Shannon diversity",3.709,4.631,1.195,3.709,6.974,2276.85820497,4852.18024448,5963.85139677,0,0,78.6478687443,4843.14845279,5895.42061852,2434.42420069,2434.42420069,7284.4078322,5541.87026023,971.209078924,26.51,6.1,14.56,0.275,96,2.19,1.053,0.97,0.054,28.56,1.46239799789896,0.2501,10,0.00393,20.65,5.99,29.84,0,0.2,2,2,0.85,8,0.85,"Platero","CORREDOR","Quebrada",0.559006211180124
"6","ANH_43","Simpson diversity",3.522,5.143,1.407,3.522,7.9,2276.85820497,4852.18024448,5963.85139677,0,0,78.6478687443,4843.14845279,5895.42061852,2434.42420069,2434.42420069,7284.4078322,5541.87026023,971.209078924,26.51,6.1,14.56,0.275,96,2.19,1.053,0.97,0.054,28.56,1.46239799789896,0.2501,10,0.00393,20.65,5.99,29.84,0,0.2,2,2,0.85,8,0.85,"Platero","CORREDOR","Quebrada",0.559006211180124
"7","ANH_294","Species richness",10,11.444,2.219,10.167,22.493,5364.0085742,12992.3601129,10.5479080966,0,0,191.147495736,4700.83854112,2979.74568287,5286.41022405,8653.20509637,1092.03811334,4939.98001677,4043.17628209,26.33,5.85,25.27,1.2,30,2.22,1.38,2.99,0.073,14.28,1.74036268949424,0,0,0,0,0,0,0.8,0,1,2,0.5,5,1.35,"Caracterizacion","AGUA BONITA-PAREDES","Quebrada",0.236024844720497
"8","ANH_294","Shannon diversity",8.177,10.209,1.481,8.177,13.112,5364.0085742,12992.3601129,10.5479080966,0,0,191.147495736,4700.83854112,2979.74568287,5286.41022405,8653.20509637,1092.03811334,4939.98001677,4043.17628209,26.33,5.85,25.27,1.2,30,2.22,1.38,2.99,0.073,14.28,1.74036268949424,0,0,0,0,0,0,0.8,0,1,2,0.5,5,1.35,"Caracterizacion","AGUA BONITA-PAREDES","Quebrada",0.236024844720497
"9","ANH_294","Simpson diversity",6.943,9,1.614,6.943,12.163,5364.0085742,12992.3601129,10.5479080966,0,0,191.147495736,4700.83854112,2979.74568287,5286.41022405,8653.20509637,1092.03811334,4939.98001677,4043.17628209,26.33,5.85,25.27,1.2,30,2.22,1.38,2.99,0.073,14.28,1.74036268949424,0,0,0,0,0,0,0.8,0,1,2,0.5,5,1.35,"Caracterizacion","AGUA BONITA-PAREDES","Quebrada",0.236024844720497
"10","ANH_299","Species richness",2,2,0.469,2,3.578,444.480711593,12749.3470539,158.278254184,4.51532193544,0,1742.63205395,847.197851708,3322.95163624,9362.76645286,9451.11787518,4181.49860241,9453.94201166,1166.79769484,31.11,5.8,20.305,0.1,62,2.897,1.081,5.33,0.068,20.45,1.30102999566398,0.2196,22,0.00158,25.72,0.1,106.98,0,0,2,4,2,0,2.7,"Caracterizacion","SOGAMOSITO-PAREDES","Ciénaga",0.186335403726708
"11","ANH_299","Shannon diversity",1.356,1.429,0.288,1.356,1.993,444.480711593,12749.3470539,158.278254184,4.51532193544,0,1742.63205395,847.197851708,3322.95163624,9362.76645286,9451.11787518,4181.49860241,9453.94201166,1166.79769484,31.11,5.8,20.305,0.1,62,2.897,1.081,5.33,0.068,20.45,1.30102999566398,0.2196,22,0.00158,25.72,0.1,106.98,0,0,2,4,2,0,2.7,"Caracterizacion","SOGAMOSITO-PAREDES","Ciénaga",0.186335403726708
"12","ANH_299","Simpson diversity",1.198,1.222,0.218,1.198,1.649,444.480711593,12749.3470539,158.278254184,4.51532193544,0,1742.63205395,847.197851708,3322.95163624,9362.76645286,9451.11787518,4181.49860241,9453.94201166,1166.79769484,31.11,5.8,20.305,0.1,62,2.897,1.081,5.33,0.068,20.45,1.30102999566398,0.2196,22,0.00158,25.72,0.1,106.98,0,0,2,4,2,0,2.7,"Caracterizacion","SOGAMOSITO-PAREDES","Ciénaga",0.186335403726708
"13","ANH_35","Species richness",8,10.208,3.338,8.26,26.723,4298.48180165,3143.4926017,8296.7972305,9.76744540867,9.76744540867,3.78816821664,2685.48087035,4525.4717358,586.78762,3270.63960508,8367.92871456,3761.89938629,2258.78874525,26.74,5.5,17.39,0.313,68,3.004,0.854,3.06,0.076,24.5,1.63346845557959,0.0609,4,0.00221,18.92,1.2,16.19,0.7,0,2,2,1.5,5,0.54,"Platero","SALADO-MAGDALENA","Caño",0.186335403726708
"14","ANH_35","Shannon diversity",3.006,3.323,0.64,3.006,4.577,4298.48180165,3143.4926017,8296.7972305,9.76744540867,9.76744540867,3.78816821664,2685.48087035,4525.4717358,586.78762,3270.63960508,8367.92871456,3761.89938629,2258.78874525,26.74,5.5,17.39,0.313,68,3.004,0.854,3.06,0.076,24.5,1.63346845557959,0.0609,4,0.00221,18.92,1.2,16.19,0.7,0,2,2,1.5,5,0.54,"Platero","SALADO-MAGDALENA","Caño",0.186335403726708
"15","ANH_35","Simpson diversity",1.889,1.922,0.337,1.889,2.582,4298.48180165,3143.4926017,8296.7972305,9.76744540867,9.76744540867,3.78816821664,2685.48087035,4525.4717358,586.78762,3270.63960508,8367.92871456,3761.89938629,2258.78874525,26.74,5.5,17.39,0.313,68,3.004,0.854,3.06,0.076,24.5,1.63346845557959,0.0609,4,0.00221,18.92,1.2,16.19,0.7,0,2,2,1.5,5,0.54,"Platero","SALADO-MAGDALENA","Caño",0.186335403726708
"16","ANH_37","Species richness",10,10,0.616,10,11.834,2823.4168444,3760.47135227,7966.44347964,0,0,45.7606127029,4374.1796108,6214.43823327,1585.0044614,1585.0044614,9112.84179855,5440.97508241,2901.61697834,26.87,3.9,19.63,0.313,52,3.046,0.747,3.47,0.081,28.6,1.39794000867204,0.1816,0,0.00144,19.43,0.78,36.34,0.05,0,4,1,1.5,6,0.13,"Platero","SALADO-MAGDALENA","Caño",1
"17","ANH_37","Shannon diversity",6.12,6.409,0.533,6.12,7.455,2823.4168444,3760.47135227,7966.44347964,0,0,45.7606127029,4374.1796108,6214.43823327,1585.0044614,1585.0044614,9112.84179855,5440.97508241,2901.61697834,26.87,3.9,19.63,0.313,52,3.046,0.747,3.47,0.081,28.6,1.39794000867204,0.1816,0,0.00144,19.43,0.78,36.34,0.05,0,4,1,1.5,6,0.13,"Platero","SALADO-MAGDALENA","Caño",1
"18","ANH_37","Simpson diversity",4.733,4.915,0.496,4.733,5.887,2823.4168444,3760.47135227,7966.44347964,0,0,45.7606127029,4374.1796108,6214.43823327,1585.0044614,1585.0044614,9112.84179855,5440.97508241,2901.61697834,26.87,3.9,19.63,0.313,52,3.046,0.747,3.47,0.081,28.6,1.39794000867204,0.1816,0,0.00144,19.43,0.78,36.34,0.05,0,4,1,1.5,6,0.13,"Platero","SALADO-MAGDALENA","Caño",1
"19","ANH_13","Species richness",4,5.857,3.493,4.167,24.688,5312.69584555,7463.90153357,3888.45939747,0,0,13.7071031146,6266.48257857,1493.97765866,3002.04160307,3002.04160307,6336.64745952,7016.71945265,788.461330746,26.6,6.01,20.105,0.1,18,2.5098,0.391,2.12,0.046,11.22,1.57978359661681,0.3356,10,0.00404,15.98,9.33,68.15,0,0,2,2,1.5,6,1.2,"Kale","CAÑO NEGRO Y AFLUENTES","Quebrada",0.279503105590062
"20","ANH_13","Shannon diversity",2.448,3,0.987,2.448,4.934,5312.69584555,7463.90153357,3888.45939747,0,0,13.7071031146,6266.48257857,1493.97765866,3002.04160307,3002.04160307,6336.64745952,7016.71945265,788.461330746,26.6,6.01,20.105,0.1,18,2.5098,0.391,2.12,0.046,11.22,1.57978359661681,0.3356,10,0.00404,15.98,9.33,68.15,0,0,2,2,1.5,6,1.2,"Kale","CAÑO NEGRO Y AFLUENTES","Quebrada",0.279503105590062
"21","ANH_13","Simpson diversity",1.849,1.978,0.567,1.849,3.09,5312.69584555,7463.90153357,3888.45939747,0,0,13.7071031146,6266.48257857,1493.97765866,3002.04160307,3002.04160307,6336.64745952,7016.71945265,788.461330746,26.6,6.01,20.105,0.1,18,2.5098,0.391,2.12,0.046,11.22,1.57978359661681,0.3356,10,0.00404,15.98,9.33,68.15,0,0,2,2,1.5,6,1.2,"Kale","CAÑO NEGRO Y AFLUENTES","Quebrada",0.279503105590062
"22","ANH_14","Species richness",5,5.938,2.074,5.069,17.753,5936.36807041,8455.25438281,3637.10318469,0,0,34.180294317,4628.03302338,1502.43908388,4687.1308849,4687.1308849,4649.41053925,4957.63449374,1183.52224662,27.49,4.91,21.2,0.03,48,2.7345,0.39,1.64,0.052,16.32,1.90308998699194,0.2016,8,0.00288,3.78,2,54.68,0,0,2,2,0.6,5,0.6,"Kale","CAÑO NEGRO Y AFLUENTES","Quebrada",0.248447204968944
"23","ANH_14","Shannon diversity",4.086,4.897,0.693,4.086,6.255,5936.36807041,8455.25438281,3637.10318469,0,0,34.180294317,4628.03302338,1502.43908388,4687.1308849,4687.1308849,4649.41053925,4957.63449374,1183.52224662,27.49,4.91,21.2,0.03,48,2.7345,0.39,1.64,0.052,16.32,1.90308998699194,0.2016,8,0.00288,3.78,2,54.68,0,0,2,2,0.6,5,0.6,"Kale","CAÑO NEGRO Y AFLUENTES","Quebrada",0.248447204968944
"24","ANH_14","Simpson diversity",3.657,4.444,0.783,3.657,5.979,5936.36807041,8455.25438281,3637.10318469,0,0,34.180294317,4628.03302338,1502.43908388,4687.1308849,4687.1308849,4649.41053925,4957.63449374,1183.52224662,27.49,4.91,21.2,0.03,48,2.7345,0.39,1.64,0.052,16.32,1.90308998699194,0.2016,8,0.00288,3.78,2,54.68,0,0,2,2,0.6,5,0.6,"Kale","CAÑO NEGRO Y AFLUENTES","Quebrada",0.248447204968944
"25","ANH_42","Species richness",8,10.88,4.295,8.346,32.006,2941.05612902,5141.28023588,5796.25911288,0,0,78.6478687443,4414.21540001,5219.16722916,1745.70392047,3095.28445923,7251.98893563,5020.46600751,483.08649135,26.7,3.4,0,0,0,0,0,0,0,0,1.30102999566398,0.3073,26,0.00726,19.98,2.16,25.82,0.1,0,2,2,1.8,7,1.8,"Platero","CORREDOR","Quebrada",0.372670807453416
"26","ANH_42","Shannon diversity",6.751,8.438,1.267,6.751,10.922,2941.05612902,5141.28023588,5796.25911288,0,0,78.6478687443,4414.21540001,5219.16722916,1745.70392047,3095.28445923,7251.98893563,5020.46600751,483.08649135,26.7,3.4,0,0,0,0,0,0,0,0,1.30102999566398,0.3073,26,0.00726,19.98,2.16,25.82,0.1,0,2,2,1.8,7,1.8,"Platero","CORREDOR","Quebrada",0.372670807453416
"27","ANH_42","Simpson diversity",6.188,7.895,1.291,6.188,10.424,2941.05612902,5141.28023588,5796.25911288,0,0,78.6478687443,4414.21540001,5219.16722916,1745.70392047,3095.28445923,7251.98893563,5020.46600751,483.08649135,26.7,3.4,0,0,0,0,0,0,0,0,1.30102999566398,0.3073,26,0.00726,19.98,2.16,25.82,0.1,0,2,2,1.8,7,1.8,"Platero","CORREDOR","Quebrada",0.372670807453416
"28","ANH_19","Species richness",10,14.406,7.05,10.484,50.111,4702.40287891,0,1716.21580862,368.497361639,15.2517664436,48.6761009896,454.768914724,469.546842382,483.089828829,483.089828829,6829.56949383,316.605669199,7689.43605621,28.27,4.15,29.175,0.185,152,4.7544,0.393,1.36,0.069,64.26,2.20411998265592,0.0786,0,0.00351,3.05,4.15,46.03,0,0,4,4,0.7,600,0.27,"Kale","RIO MAGDALENA","Río Magdalena",0.62111801242236
"29","ANH_19","Shannon diversity",6.53,7.584,1.13,6.53,9.799,4702.40287891,0,1716.21580862,368.497361639,15.2517664436,48.6761009896,454.768914724,469.546842382,483.089828829,483.089828829,6829.56949383,316.605669199,7689.43605621,28.27,4.15,29.175,0.185,152,4.7544,0.393,1.36,0.069,64.26,2.20411998265592,0.0786,0,0.00351,3.05,4.15,46.03,0,0,4,4,0.7,600,0.27,"Kale","RIO MAGDALENA","Río Magdalena",0.62111801242236
"30","ANH_19","Simpson diversity",4.944,5.397,0.934,4.944,7.228,4702.40287891,0,1716.21580862,368.497361639,15.2517664436,48.6761009896,454.768914724,469.546842382,483.089828829,483.089828829,6829.56949383,316.605669199,7689.43605621,28.27,4.15,29.175,0.185,152,4.7544,0.393,1.36,0.069,64.26,2.20411998265592,0.0786,0,0.00351,3.05,4.15,46.03,0,0,4,4,0.7,600,0.27,"Kale","RIO MAGDALENA","Río Magdalena",0.62111801242236
"31","ANH_20","Species richness",7,11.312,6.907,7.473,46.305,2975.37993401,0,1781.28080343,385.471030659,14.9199796132,9.15199036102,1328.80837342,428.17331585,515.949482409,515.949482409,4855.06214623,426.167881251,7393.54712701,29.2,4.85,20.625,0.175,142,2.9061,0.387,1.5,0.06,66.3,2.21218760440396,0.1128,2,0.00393,6.38,4.5,59.18,0,0.3,4,4,0.75,900,0.33,"Kale","RIO MAGDALENA","Río Magdalena",0.62111801242236
"32","ANH_20","Shannon diversity",5.04,6.363,1.345,5.04,9,2975.37993401,0,1781.28080343,385.471030659,14.9199796132,9.15199036102,1328.80837342,428.17331585,515.949482409,515.949482409,4855.06214623,426.167881251,7393.54712701,29.2,4.85,20.625,0.175,142,2.9061,0.387,1.5,0.06,66.3,2.21218760440396,0.1128,2,0.00393,6.38,4.5,59.18,0,0.3,4,4,0.75,900,0.33,"Kale","RIO MAGDALENA","Río Magdalena",0.62111801242236
"33","ANH_20","Simpson diversity",4.114,4.759,1.088,4.114,6.891,2975.37993401,0,1781.28080343,385.471030659,14.9199796132,9.15199036102,1328.80837342,428.17331585,515.949482409,515.949482409,4855.06214623,426.167881251,7393.54712701,29.2,4.85,20.625,0.175,142,2.9061,0.387,1.5,0.06,66.3,2.21218760440396,0.1128,2,0.00393,6.38,4.5,59.18,0,0.3,4,4,0.75,900,0.33,"Kale","RIO MAGDALENA","Río Magdalena",0.62111801242236
"34","ANH_21","Species richness",12,26.625,13.251,15.207,78.694,2018.20823263,0,1102.54734861,399.80211895,66.8734459015,4.47055853945,2240.72740729,560.218781145,426.714396242,552.036219334,3805.32519465,575.85906462,6376.93419168,28.72,4.71,25.08,0.195,122,3.4639,0.391,1.72,0.074,61.2,2.21218760440396,0.0488,0,0.00509,0.64,3.06,47.79,0,0,4,4,0.65,600,0.33,"Kale","RIO MAGDALENA","Río Magdalena",0.62111801242236
"35","ANH_21","Shannon diversity",8.02,10.908,2.747,8.02,16.292,2018.20823263,0,1102.54734861,399.80211895,66.8734459015,4.47055853945,2240.72740729,560.218781145,426.714396242,552.036219334,3805.32519465,575.85906462,6376.93419168,28.72,4.71,25.08,0.195,122,3.4639,0.391,1.72,0.074,61.2,2.21218760440396,0.0488,0,0.00509,0.64,3.06,47.79,0,0,4,4,0.65,600,0.33,"Kale","RIO MAGDALENA","Río Magdalena",0.62111801242236
"36","ANH_21","Simpson diversity",5.926,6.783,1.585,5.926,9.889,2018.20823263,0,1102.54734861,399.80211895,66.8734459015,4.47055853945,2240.72740729,560.218781145,426.714396242,552.036219334,3805.32519465,575.85906462,6376.93419168,28.72,4.71,25.08,0.195,122,3.4639,0.391,1.72,0.074,61.2,2.21218760440396,0.0488,0,0.00509,0.64,3.06,47.79,0,0,4,4,0.65,600,0.33,"Kale","RIO MAGDALENA","Río Magdalena",0.62111801242236
"37","ANH_32","Species richness",14,19.939,6.42,15.059,47.311,2647.8335066,67.0672120852,9312.59973387,324.123372173,0,3.74291149702,4250.44827118,10241.1120199,2618.91704933,2618.91704933,8693.17894778,8174.63125212,5034.40695769,28.39,6.51,24.2,0.155,134,3.3284,0.395,2.04,0.075,69.36,2.26085813197114,0.0523,0,0.00337,1.6,3.09,52.33,0,0,2,4,2,983,0.81,"Platero","RIO MAGDALENA","Río Magdalena",0.279503105590062
"38","ANH_32","Shannon diversity",6.455,7.19,0.943,6.455,9.038,2647.8335066,67.0672120852,9312.59973387,324.123372173,0,3.74291149702,4250.44827118,10241.1120199,2618.91704933,2618.91704933,8693.17894778,8174.63125212,5034.40695769,28.39,6.51,24.2,0.155,134,3.3284,0.395,2.04,0.075,69.36,2.26085813197114,0.0523,0,0.00337,1.6,3.09,52.33,0,0,2,4,2,983,0.81,"Platero","RIO MAGDALENA","Río Magdalena",0.279503105590062
"39","ANH_32","Simpson diversity",4.409,4.568,0.6,4.409,5.744,2647.8335066,67.0672120852,9312.59973387,324.123372173,0,3.74291149702,4250.44827118,10241.1120199,2618.91704933,2618.91704933,8693.17894778,8174.63125212,5034.40695769,28.39,6.51,24.2,0.155,134,3.3284,0.395,2.04,0.075,69.36,2.26085813197114,0.0523,0,0.00337,1.6,3.09,52.33,0,0,2,4,2,983,0.81,"Platero","RIO MAGDALENA","Río Magdalena",0.279503105590062
"40","ANH_33","Species richness",13,14.984,2.627,13.276,27.265,4682.35151127,0,11139.5965515,682.026548959,0,9476.16752482,5643.05761238,9193.2833305,3453.64711097,3453.64711097,11061.7508279,8957.60585441,5713.91095478,27.22,7.22,27.01,0.16,144,3.4142,0.389,2.38,0.083,66.3,2.26623169668989,0.2839,8,0.0033,7.23,7.28,73.38,0,0,2,4,2,830,0.81,"Platero","RIO MAGDALENA","Río Magdalena",0.248447204968944
"41","ANH_33","Shannon diversity",5.734,6.114,0.575,5.734,7.24,4682.35151127,0,11139.5965515,682.026548959,0,9476.16752482,5643.05761238,9193.2833305,3453.64711097,3453.64711097,11061.7508279,8957.60585441,5713.91095478,27.22,7.22,27.01,0.16,144,3.4142,0.389,2.38,0.083,66.3,2.26623169668989,0.2839,8,0.0033,7.23,7.28,73.38,0,0,2,4,2,830,0.81,"Platero","RIO MAGDALENA","Río Magdalena",0.248447204968944
"42","ANH_33","Simpson diversity",4.307,4.426,0.376,4.307,5.164,4682.35151127,0,11139.5965515,682.026548959,0,9476.16752482,5643.05761238,9193.2833305,3453.64711097,3453.64711097,11061.7508279,8957.60585441,5713.91095478,27.22,7.22,27.01,0.16,144,3.4142,0.389,2.38,0.083,66.3,2.26623169668989,0.2839,8,0.0033,7.23,7.28,73.38,0,0,2,4,2,830,0.81,"Platero","RIO MAGDALENA","Río Magdalena",0.248447204968944
"43","ANH_302","Species richness",7,9.4,3.175,7.334,24.232,3711.01156864,5805.69133732,450.969141195,0,0,135.594330327,2390.72834104,2299.33616252,5459.48558752,7314.08774518,1879.68516948,1426.20124605,2500.88223882,26.9,3.6,18.54,0.05,56,2.3518,0.389,1.08,0.04,15.3,1.14612803567824,0.2729,6,0.00421,24.94,0.73,38.24,0,0,2,1,1.3,3,1.3,"Platero","LA MORENA-TRECE","Quebrada",0.745341614906832
"44","ANH_302","Shannon diversity",6.598,10.995,3.242,6.598,17.35,3711.01156864,5805.69133732,450.969141195,0,0,135.594330327,2390.72834104,2299.33616252,5459.48558752,7314.08774518,1879.68516948,1426.20124605,2500.88223882,26.9,3.6,18.54,0.05,56,2.3518,0.389,1.08,0.04,15.3,1.14612803567824,0.2729,6,0.00421,24.94,0.73,38.24,0,0,2,1,1.3,3,1.3,"Platero","LA MORENA-TRECE","Quebrada",0.745341614906832
"45","ANH_302","Simpson diversity",6.25,15,3.162,8.803,21.197,3711.01156864,5805.69133732,450.969141195,0,0,135.594330327,2390.72834104,2299.33616252,5459.48558752,7314.08774518,1879.68516948,1426.20124605,2500.88223882,26.9,3.6,18.54,0.05,56,2.3518,0.389,1.08,0.04,15.3,1.14612803567824,0.2729,6,0.00421,24.94,0.73,38.24,0,0,2,1,1.3,3,1.3,"Platero","LA MORENA-TRECE","Quebrada",0.745341614906832
"46","ANH_34","Species richness",8,9.976,3.7,8.178,29.888,2774.35876796,1792.77124202,9017.99100436,1234.5367998,17.7567690675,11.8079519141,5349.63739846,7954.59664244,1254.97060619,1254.97060619,9472.30442568,7264.38627406,4424.39520407,26.67,2.8,15.48,0.425,62,2.9,1.016,1.76,0.064,24.48,1.36172783601759,0.211,30,0.00305,21.23,0.53,31.64,0,0,5,4,1.9,0,1.35,"Platero","SALADO-MAGDALENA","Ciénaga",0.683229813664596
"47","ANH_34","Shannon diversity",4.084,4.331,0.51,4.084,5.33,2774.35876796,1792.77124202,9017.99100436,1234.5367998,17.7567690675,11.8079519141,5349.63739846,7954.59664244,1254.97060619,1254.97060619,9472.30442568,7264.38627406,4424.39520407,26.67,2.8,15.48,0.425,62,2.9,1.016,1.76,0.064,24.48,1.36172783601759,0.211,30,0.00305,21.23,0.53,31.64,0,0,5,4,1.9,0,1.35,"Platero","SALADO-MAGDALENA","Ciénaga",0.683229813664596
"48","ANH_34","Simpson diversity",3.133,3.216,0.34,3.133,3.882,2774.35876796,1792.77124202,9017.99100436,1234.5367998,17.7567690675,11.8079519141,5349.63739846,7954.59664244,1254.97060619,1254.97060619,9472.30442568,7264.38627406,4424.39520407,26.67,2.8,15.48,0.425,62,2.9,1.016,1.76,0.064,24.48,1.36172783601759,0.211,30,0.00305,21.23,0.53,31.64,0,0,5,4,1.9,0,1.35,"Platero","SALADO-MAGDALENA","Ciénaga",0.683229813664596
"49","ANH_38","Species richness",18,22.152,4.868,18.671,43.692,2352.42063489,2516.45805716,8355.63128121,723.48131433,56.955072913,17.5405472624,5303.34914682,7451.88635703,719.332545328,719.332545328,9065.60685089,6695.4474864,3682.51013963,26.6,4.87,18.015,0.15,54,2.718,0.552,1.66,0.09,25.987,1.51851393987789,0.1351,8,0.00281,8.43,4.15,45.88,0,0,5,4,1.7,15,1.7,"Platero","SALADO-MAGDALENA","Caño",0.68944099378882
"50","ANH_38","Shannon diversity",8.081,8.413,0.473,8.081,9.341,2352.42063489,2516.45805716,8355.63128121,723.48131433,56.955072913,17.5405472624,5303.34914682,7451.88635703,719.332545328,719.332545328,9065.60685089,6695.4474864,3682.51013963,26.6,4.87,18.015,0.15,54,2.718,0.552,1.66,0.09,25.987,1.51851393987789,0.1351,8,0.00281,8.43,4.15,45.88,0,0,5,4,1.7,15,1.7,"Platero","SALADO-MAGDALENA","Caño",0.68944099378882
"51","ANH_38","Simpson diversity",6.426,6.549,0.339,6.426,7.213,2352.42063489,2516.45805716,8355.63128121,723.48131433,56.955072913,17.5405472624,5303.34914682,7451.88635703,719.332545328,719.332545328,9065.60685089,6695.4474864,3682.51013963,26.6,4.87,18.015,0.15,54,2.718,0.552,1.66,0.09,25.987,1.51851393987789,0.1351,8,0.00281,8.43,4.15,45.88,0,0,5,4,1.7,15,1.7,"Platero","SALADO-MAGDALENA","Caño",0.68944099378882
"52","ANH_41","Species richness",2,2,0.34,2,2.887,6867.21434117,3870.98802864,5260.4328531,0,0,86.2216461436,4614.62067909,1577.76819652,2451.03919689,4931.44942354,4804.18220878,2321.22856492,2961.37815932,26.29,5.16,17.44,0.55,18,1.893,0.552,1.66,0.083,21.989,1.30102999566398,0.178,6,0.001651,13.28,7.63,63.68,0.85,0.05,2,2,0.4,3.5,0.4,"Platero","CORREDOR","Quebrada",0.186335403726708
"53","ANH_41","Shannon diversity",1.89,2.07,0.351,1.89,2.759,6867.21434117,3870.98802864,5260.4328531,0,0,86.2216461436,4614.62067909,1577.76819652,2451.03919689,4931.44942354,4804.18220878,2321.22856492,2961.37815932,26.29,5.16,17.44,0.55,18,1.893,0.552,1.66,0.083,21.989,1.30102999566398,0.178,6,0.001651,13.28,7.63,63.68,0.85,0.05,2,2,0.4,3.5,0.4,"Platero","CORREDOR","Quebrada",0.186335403726708
"54","ANH_41","Simpson diversity",1.8,2.143,0.488,1.8,3.099,6867.21434117,3870.98802864,5260.4328531,0,0,86.2216461436,4614.62067909,1577.76819652,2451.03919689,4931.44942354,4804.18220878,2321.22856492,2961.37815932,26.29,5.16,17.44,0.55,18,1.893,0.552,1.66,0.083,21.989,1.30102999566398,0.178,6,0.001651,13.28,7.63,63.68,0.85,0.05,2,2,0.4,3.5,0.4,"Platero","CORREDOR","Quebrada",0.186335403726708
"55","ANH_297","Species richness",7,7.245,0.717,7.013,11.661,8672.66949343,11087.0421582,2378.43186201,0,0,464.832921597,3300.01664568,924.910512773,252.454352577,9614.82421706,2808.99901348,3433.91138583,8420.15043527,26.37,6.76,21.145,1.075,98,4.071,0.555,1.66,0.089,57.971,1.70757017609794,0.0754,0,0.00077,28.63,6.58,123.3,0,0,2,2,1.7,4,1.08,"Caracterizacion","SOGAMOSITO-PAREDES","Quebrada",0.31055900621118
"56","ANH_297","Shannon diversity",4.642,4.984,0.587,4.642,6.134,8672.66949343,11087.0421582,2378.43186201,0,0,464.832921597,3300.01664568,924.910512773,252.454352577,9614.82421706,2808.99901348,3433.91138583,8420.15043527,26.37,6.76,21.145,1.075,98,4.071,0.555,1.66,0.089,57.971,1.70757017609794,0.0754,0,0.00077,28.63,6.58,123.3,0,0,2,2,1.7,4,1.08,"Caracterizacion","SOGAMOSITO-PAREDES","Quebrada",0.31055900621118
"57","ANH_297","Simpson diversity",3.669,3.89,0.569,3.669,5.005,8672.66949343,11087.0421582,2378.43186201,0,0,464.832921597,3300.01664568,924.910512773,252.454352577,9614.82421706,2808.99901348,3433.91138583,8420.15043527,26.37,6.76,21.145,1.075,98,4.071,0.555,1.66,0.089,57.971,1.70757017609794,0.0754,0,0.00077,28.63,6.58,123.3,0,0,2,2,1.7,4,1.08,"Caracterizacion","SOGAMOSITO-PAREDES","Quebrada",0.31055900621118
"58","ANH_298","Species richness",14,34.5,16.904,18.997,98.108,14543.5108179,6819.9748217,4292.49374576,32.2726458508,32.2726458508,61.1300517743,2810.71851918,2202.32092043,2224.37712115,4735.09311448,2498.05558417,2488.39981961,4728.95225728,26.66,4.72,19.625,1.075,96,3.186,0.565,1.66,0.085,63.968,1.91907809237607,0.1271,2,0.00102,14.56,2.41,237.6,0,0.05,4,2,0.4,1.8,0.4,"Caracterizacion","SOGAMOSITO-PAREDES","Quebrada",0.683229813664596
"59","ANH_298","Shannon diversity",10.368,14.889,3.116,10.368,20.996,14543.5108179,6819.9748217,4292.49374576,32.2726458508,32.2726458508,61.1300517743,2810.71851918,2202.32092043,2224.37712115,4735.09311448,2498.05558417,2488.39981961,4728.95225728,26.66,4.72,19.625,1.075,96,3.186,0.565,1.66,0.085,63.968,1.91907809237607,0.1271,2,0.00102,14.56,2.41,237.6,0,0.05,4,2,0.4,1.8,0.4,"Caracterizacion","SOGAMOSITO-PAREDES","Quebrada",0.683229813664596
"60","ANH_298","Simpson diversity",8.481,10.373,1.919,8.481,14.134,14543.5108179,6819.9748217,4292.49374576,32.2726458508,32.2726458508,61.1300517743,2810.71851918,2202.32092043,2224.37712115,4735.09311448,2498.05558417,2488.39981961,4728.95225728,26.66,4.72,19.625,1.075,96,3.186,0.565,1.66,0.085,63.968,1.91907809237607,0.1271,2,0.00102,14.56,2.41,237.6,0,0.05,4,2,0.4,1.8,0.4,"Caracterizacion","SOGAMOSITO-PAREDES","Quebrada",0.683229813664596
"61","ANH_17","Species richness",1,1,0.284,1,1.799,5128.36406481,1413.26262066,6.3959049358,0,0,99.5605935636,1570.86719602,62.1883571909,1182.38069743,1182.38069743,7529.69216674,1163.8875163,6359.6125408,27.15,2.93,19.855,1.625,236,3.09,0.6,1.66,0.07,161.919,1.36172783601759,0.1844,26,0.00898,0.05,3.13,160.83,0,0,4,2,1,4.5,0.81,"Kale","CAÑO RAICERO","Caño",0.124223602484472
"62","ANH_17","Shannon diversity",1,1,0,1,1,5128.36406481,1413.26262066,6.3959049358,0,0,99.5605935636,1570.86719602,62.1883571909,1182.38069743,1182.38069743,7529.69216674,1163.8875163,6359.6125408,27.15,2.93,19.855,1.625,236,3.09,0.6,1.66,0.07,161.919,1.36172783601759,0.1844,26,0.00898,0.05,3.13,160.83,0,0,4,2,1,4.5,0.81,"Kale","CAÑO RAICERO","Caño",0.124223602484472
"63","ANH_17","Simpson diversity",1,1,0,1,1,5128.36406481,1413.26262066,6.3959049358,0,0,99.5605935636,1570.86719602,62.1883571909,1182.38069743,1182.38069743,7529.69216674,1163.8875163,6359.6125408,27.15,2.93,19.855,1.625,236,3.09,0.6,1.66,0.07,161.919,1.36172783601759,0.1844,26,0.00898,0.05,3.13,160.83,0,0,4,2,1,4.5,0.81,"Kale","CAÑO RAICERO","Caño",0.124223602484472
"64","ANH_12","Species richness",7,16.412,9.522,8.816,55.787,5954.15813108,5952.48793932,4356.68418962,0,0,85.2412681866,5702.50701035,245.332733129,1522.35401603,1522.35401603,7603.00393613,5695.82993406,2150.08287116,27.15,2.93,18.03,0.775,52,2.135,0.554,1.94,0.052,35.982,1.36172783601759,0.1645,8,0.00386,42.55,3.8,4.83,0,0,4,2,1,4.5,2.16,"Kale","CAÑO NEGRO Y AFLUENTES","Quebrada",0.372670807453416
"65","ANH_12","Shannon diversity",4.752,7.569,2.413,4.752,12.297,5954.15813108,5952.48793932,4356.68418962,0,0,85.2412681866,5702.50701035,245.332733129,1522.35401603,1522.35401603,7603.00393613,5695.82993406,2150.08287116,27.15,2.93,18.03,0.775,52,2.135,0.554,1.94,0.052,35.982,1.36172783601759,0.1645,8,0.00386,42.55,3.8,4.83,0,0,4,2,1,4.5,2.16,"Kale","CAÑO NEGRO Y AFLUENTES","Quebrada",0.372670807453416
"66","ANH_12","Simpson diversity",3.658,4.387,1.69,3.658,7.7,5954.15813108,5952.48793932,4356.68418962,0,0,85.2412681866,5702.50701035,245.332733129,1522.35401603,1522.35401603,7603.00393613,5695.82993406,2150.08287116,27.15,2.93,18.03,0.775,52,2.135,0.554,1.94,0.052,35.982,1.36172783601759,0.1645,8,0.00386,42.55,3.8,4.83,0,0,4,2,1,4.5,2.16,"Kale","CAÑO NEGRO Y AFLUENTES","Quebrada",0.372670807453416
"67","ANH_304","Species richness",12,18.181,7.473,12.962,51.719,3122.44781767,5623.4164489,42.4794732888,0,0,61.3915848758,1551.02116398,1450.59975733,6680.31596503,6680.31596503,220.292308639,470.582704293,1563.70259172,27.9,7.57,0,0,0,0,0,0,0,0,1.20411998265592,0,0,0,0,0,0,0,0.1,2,2,0.95,4,0.95,"Platero","LA MORENA-TRECE","Quebrada",0.403726708074534
"68","ANH_304","Shannon diversity",6.002,6.659,0.766,6.002,8.16,3122.44781767,5623.4164489,42.4794732888,0,0,61.3915848758,1551.02116398,1450.59975733,6680.31596503,6680.31596503,220.292308639,470.582704293,1563.70259172,27.9,7.57,0,0,0,0,0,0,0,0,1.20411998265592,0,0,0,0,0,0,0,0.1,2,2,0.95,4,0.95,"Platero","LA MORENA-TRECE","Quebrada",0.403726708074534
"69","ANH_304","Simpson diversity",4.563,4.751,0.537,4.563,5.803,3122.44781767,5623.4164489,42.4794732888,0,0,61.3915848758,1551.02116398,1450.59975733,6680.31596503,6680.31596503,220.292308639,470.582704293,1563.70259172,27.9,7.57,0,0,0,0,0,0,0,0,1.20411998265592,0,0,0,0,0,0,0,0.1,2,2,0.95,4,0.95,"Platero","LA MORENA-TRECE","Quebrada",0.403726708074534
"70","ANH_305","Species richness",18,21.091,3.623,18.5,37.122,4359.37293076,7260.08860766,38.9116684692,0,0,99.7831160149,151.782273909,106.107248646,7199.41658319,7199.41658319,548.300690569,675.084642507,108.649067058,27.82,5.52,18.32,1.075,16,2.697,0.568,1.48,0.076,22.989,1.32221929473392,0,0,0,0,0,0,0.75,0.05,2,2,1.3,8.5,1.3,"Platero","LA MORENA-TRECE","Quebrada",0.496894409937888
"71","ANH_305","Shannon diversity",12.353,13.946,1.33,12.353,16.553,4359.37293076,7260.08860766,38.9116684692,0,0,99.7831160149,151.782273909,106.107248646,7199.41658319,7199.41658319,548.300690569,675.084642507,108.649067058,27.82,5.52,18.32,1.075,16,2.697,0.568,1.48,0.076,22.989,1.32221929473392,0,0,0,0,0,0,0.75,0.05,2,2,1.3,8.5,1.3,"Platero","LA MORENA-TRECE","Quebrada",0.496894409937888
"72","ANH_305","Simpson diversity",9.93,10.997,1.239,9.93,13.426,4359.37293076,7260.08860766,38.9116684692,0,0,99.7831160149,151.782273909,106.107248646,7199.41658319,7199.41658319,548.300690569,675.084642507,108.649067058,27.82,5.52,18.32,1.075,16,2.697,0.568,1.48,0.076,22.989,1.32221929473392,0,0,0,0,0,0,0.75,0.05,2,2,1.3,8.5,1.3,"Platero","LA MORENA-TRECE","Quebrada",0.496894409937888
"73","ANH_295","Species richness",9,12.905,5.175,9.543,37.097,0,2227.97450811,1109.19334985,591.336630136,0,205.75749798,425.918176733,2413.46986807,3346.58905396,3349.64063156,1608.44199756,1168.35642231,2506.52849865,30.28,1.59,30.58,0.305,32,2.2344,0.2065,1.68,0.062,51.974,1.63346845557959,0.2541,14,0.00158,32.29,0.5,212.2,0,0,2,4,2.5,0,1.08,"Platero","MONTECRISTO-YARIRI","Ciénaga",0.248447204968944
"74","ANH_295","Shannon diversity",3.993,4.694,0.991,3.993,6.637,0,2227.97450811,1109.19334985,591.336630136,0,205.75749798,425.918176733,2413.46986807,3346.58905396,3349.64063156,1608.44199756,1168.35642231,2506.52849865,30.28,1.59,30.58,0.305,32,2.2344,0.2065,1.68,0.062,51.974,1.63346845557959,0.2541,14,0.00158,32.29,0.5,212.2,0,0,2,4,2.5,0,1.08,"Platero","MONTECRISTO-YARIRI","Ciénaga",0.248447204968944
"75","ANH_295","Simpson diversity",2.443,2.532,0.531,2.443,3.572,0,2227.97450811,1109.19334985,591.336630136,0,205.75749798,425.918176733,2413.46986807,3346.58905396,3349.64063156,1608.44199756,1168.35642231,2506.52849865,30.28,1.59,30.58,0.305,32,2.2344,0.2065,1.68,0.062,51.974,1.63346845557959,0.2541,14,0.00158,32.29,0.5,212.2,0,0,2,4,2.5,0,1.08,"Platero","MONTECRISTO-YARIRI","Ciénaga",0.248447204968944
"76","ANH_300","Species richness",9,9.979,2.215,9.07,22.689,7.15292948776,1294.11642433,4629.26781306,735.049336463,0,33.3555711152,1639.10260428,5892.36849676,4313.84697995,4680.6328129,2813.11726247,2445.06325006,1414.9425308,29.09,0.88,19.255,0.335,36,2.2502,0.2075,1.74,0.068,47.976,1.57978359661681,0,0,0,0,0,0,0,0,4,4,0.6,0,0.6,"Platero","MONTECRISTO-YARIRI","Ciénaga",0.372670807453416
"77","ANH_300","Shannon diversity",6.845,7.611,0.832,6.845,9.242,7.15292948776,1294.11642433,4629.26781306,735.049336463,0,33.3555711152,1639.10260428,5892.36849676,4313.84697995,4680.6328129,2813.11726247,2445.06325006,1414.9425308,29.09,0.88,19.255,0.335,36,2.2502,0.2075,1.74,0.068,47.976,1.57978359661681,0,0,0,0,0,0,0,0,4,4,0.6,0,0.6,"Platero","MONTECRISTO-YARIRI","Ciénaga",0.372670807453416
"78","ANH_300","Simpson diversity",5.621,6.249,1.107,5.621,8.419,7.15292948776,1294.11642433,4629.26781306,735.049336463,0,33.3555711152,1639.10260428,5892.36849676,4313.84697995,4680.6328129,2813.11726247,2445.06325006,1414.9425308,29.09,0.88,19.255,0.335,36,2.2502,0.2075,1.74,0.068,47.976,1.57978359661681,0,0,0,0,0,0,0,0,4,4,0.6,0,0.6,"Platero","MONTECRISTO-YARIRI","Ciénaga",0.372670807453416
"79","ANH_303","Species richness",11,20.867,10.057,12.887,62.599,1046.43932975,1546.95261534,3909.28969742,970.328236099,72.2397412112,75.2663512511,1269.03876867,4453.08579257,3416.25595498,3491.82090825,1006.28474126,1339.5776581,1260.46523461,29.22,2.74,22.75,0.525,26,2.5663,0.218,1.56,0.065,63.968,1.72427586960079,0.1919,8,0.00432,22.55,1.66,59.96,0,0,4,3,0.75,6.5,0.27,"Platero","MONTECRISTO-YARIRI","Caño",0.248447204968944
"80","ANH_303","Shannon diversity",6.972,7.969,0.865,6.972,9.665,1046.43932975,1546.95261534,3909.28969742,970.328236099,72.2397412112,75.2663512511,1269.03876867,4453.08579257,3416.25595498,3491.82090825,1006.28474126,1339.5776581,1260.46523461,29.22,2.74,22.75,0.525,26,2.5663,0.218,1.56,0.065,63.968,1.72427586960079,0.1919,8,0.00432,22.55,1.66,59.96,0,0,4,3,0.75,6.5,0.27,"Platero","MONTECRISTO-YARIRI","Caño",0.248447204968944
"81","ANH_303","Simpson diversity",5.94,6.365,0.601,5.94,7.543,1046.43932975,1546.95261534,3909.28969742,970.328236099,72.2397412112,75.2663512511,1269.03876867,4453.08579257,3416.25595498,3491.82090825,1006.28474126,1339.5776581,1260.46523461,29.22,2.74,22.75,0.525,26,2.5663,0.218,1.56,0.065,63.968,1.72427586960079,0.1919,8,0.00432,22.55,1.66,59.96,0,0,4,3,0.75,6.5,0.27,"Platero","MONTECRISTO-YARIRI","Caño",0.248447204968944
"82","ANH_7","Species richness",7,7.164,0.53,7.008,10.494,5185.77379608,8317.10899692,2107.99776216,0,0,18.8753280657,2577.46852082,299.1970037,5951.10156398,5951.10156398,2676.63298397,2865.48305407,1146.58355249,25.93,4.98,17.645,0.115,36,0.6063,0.201,2.16,0.058,51.974,1.27875360095283,0.2118,4,0.00284,20.28,0.45,41.8,0.25,0,1,1,0.5,3.5,1.35,"Kale","CAÑO NEGRO Y AFLUENTES","Quebrada",0.46583850931677
"83","ANH_7","Shannon diversity",3.824,4.04,0.564,3.824,5.146,5185.77379608,8317.10899692,2107.99776216,0,0,18.8753280657,2577.46852082,299.1970037,5951.10156398,5951.10156398,2676.63298397,2865.48305407,1146.58355249,25.93,4.98,17.645,0.115,36,0.6063,0.201,2.16,0.058,51.974,1.27875360095283,0.2118,4,0.00284,20.28,0.45,41.8,0.25,0,1,1,0.5,3.5,1.35,"Kale","CAÑO NEGRO Y AFLUENTES","Quebrada",0.46583850931677
"84","ANH_7","Simpson diversity",2.813,2.9,0.411,2.813,3.706,5185.77379608,8317.10899692,2107.99776216,0,0,18.8753280657,2577.46852082,299.1970037,5951.10156398,5951.10156398,2676.63298397,2865.48305407,1146.58355249,25.93,4.98,17.645,0.115,36,0.6063,0.201,2.16,0.058,51.974,1.27875360095283,0.2118,4,0.00284,20.28,0.45,41.8,0.25,0,1,1,0.5,3.5,1.35,"Kale","CAÑO NEGRO Y AFLUENTES","Quebrada",0.46583850931677
"85","ANH_8","Species richness",10,17.871,11.479,10.971,73.811,3948.9701759,6349.82006875,2610.75429694,0,0,14.0260435145,4221.75642236,512.666531953,3319.05456355,3319.05456355,4619.63710174,4724.09287961,553.198911124,27.48,6.36,18.065,0.15,30,0.6153,0.2075,2.11,0.053,43.978,1.34242268082221,0.0781,0,0.00102,22.74,0.26,25.02,0.2,0,1,2,0.5,4.5,2.16,"Kale","CAÑO NEGRO Y AFLUENTES","Quebrada",0.248447204968944
"86","ANH_8","Shannon diversity",5.908,6.784,1.016,5.908,8.774,3948.9701759,6349.82006875,2610.75429694,0,0,14.0260435145,4221.75642236,512.666531953,3319.05456355,3319.05456355,4619.63710174,4724.09287961,553.198911124,27.48,6.36,18.065,0.15,30,0.6153,0.2075,2.11,0.053,43.978,1.34242268082221,0.0781,0,0.00102,22.74,0.26,25.02,0.2,0,1,2,0.5,4.5,2.16,"Kale","CAÑO NEGRO Y AFLUENTES","Quebrada",0.248447204968944
"87","ANH_8","Simpson diversity",4.565,4.849,0.67,4.565,6.162,3948.9701759,6349.82006875,2610.75429694,0,0,14.0260435145,4221.75642236,512.666531953,3319.05456355,3319.05456355,4619.63710174,4724.09287961,553.198911124,27.48,6.36,18.065,0.15,30,0.6153,0.2075,2.11,0.053,43.978,1.34242268082221,0.0781,0,0.00102,22.74,0.26,25.02,0.2,0,1,2,0.5,4.5,2.16,"Kale","CAÑO NEGRO Y AFLUENTES","Quebrada",0.248447204968944
"88","ANH_10","Species richness",5,7.972,4.345,5.365,29.167,4325.42377192,4371.57339525,2649.29179358,814.027605035,0,3.3979115911,4013.58651753,1398.41901509,626.717971649,626.717971649,6684.36797792,4204.52177716,3156.23842779,31.39,5.98,19.34,0.145,16,1.094,0.205,1.88,0.05,47.976,1.17609125905568,0.321,8,0.00088,20.38,0.43,55.32,0,0,2,4,4.5,0,3.2,"Kale","CAÑO NEGRO Y AFLUENTES","Ciénaga",0.372670807453416
"89","ANH_10","Shannon diversity",2.032,2.11,0.168,2.032,2.439,4325.42377192,4371.57339525,2649.29179358,814.027605035,0,3.3979115911,4013.58651753,1398.41901509,626.717971649,626.717971649,6684.36797792,4204.52177716,3156.23842779,31.39,5.98,19.34,0.145,16,1.094,0.205,1.88,0.05,47.976,1.17609125905568,0.321,8,0.00088,20.38,0.43,55.32,0,0,2,4,4.5,0,3.2,"Kale","CAÑO NEGRO Y AFLUENTES","Ciénaga",0.372670807453416
"90","ANH_10","Simpson diversity",1.7,1.712,0.129,1.7,1.964,4325.42377192,4371.57339525,2649.29179358,814.027605035,0,3.3979115911,4013.58651753,1398.41901509,626.717971649,626.717971649,6684.36797792,4204.52177716,3156.23842779,31.39,5.98,19.34,0.145,16,1.094,0.205,1.88,0.05,47.976,1.17609125905568,0.321,8,0.00088,20.38,0.43,55.32,0,0,2,4,4.5,0,3.2,"Kale","CAÑO NEGRO Y AFLUENTES","Ciénaga",0.372670807453416
"91","ANH_293","Species richness",8,10.125,3.225,8.249,26.109,7472.1813729,11674.3676568,43.6788631477,0,0,79.8352198894,2807.20629822,2178.52760567,4480.77421019,8921.86183718,365.745970207,2780.42900503,5224.69535484,27.7,5.52,26.27,0.125,42,2.02,1.21,3.77,0.065,12.24,1.30102999566398,0,0,0,0,0,0,0.05,0,2,2,0.6,2.5,1.62,"Caracterizacion","AGUA BONITA-PAREDES","Quebrada",0.559006211180124
"92","ANH_293","Shannon diversity",6.842,9.184,1.98,6.842,13.065,7472.1813729,11674.3676568,43.6788631477,0,0,79.8352198894,2807.20629822,2178.52760567,4480.77421019,8921.86183718,365.745970207,2780.42900503,5224.69535484,27.7,5.52,26.27,0.125,42,2.02,1.21,3.77,0.065,12.24,1.30102999566398,0,0,0,0,0,0,0.05,0,2,2,0.6,2.5,1.62,"Caracterizacion","AGUA BONITA-PAREDES","Quebrada",0.559006211180124
"93","ANH_293","Simpson diversity",6,8.5,1.91,6,12.244,7472.1813729,11674.3676568,43.6788631477,0,0,79.8352198894,2807.20629822,2178.52760567,4480.77421019,8921.86183718,365.745970207,2780.42900503,5224.69535484,27.7,5.52,26.27,0.125,42,2.02,1.21,3.77,0.065,12.24,1.30102999566398,0,0,0,0,0,0,0.05,0,2,2,0.6,2.5,1.62,"Caracterizacion","AGUA BONITA-PAREDES","Quebrada",0.559006211180124
"94","ANH_11","Species richness",8,9.947,3.65,8.176,29.598,4879.51382428,3421.04954718,2047.9986448,57.7612879971,0,1.43969797613,3143.08228299,657.371780177,788.304345388,788.304345388,7393.82443318,3140.11838373,4284.2546732,29.96,0.87,42.13,0.38,40,2.3337,0.207,2.24,0.071,62.969,1.43136376415899,0.2686,18,0.00309,30.59,0.15,221.66,0,0,3,4,1.7,15,0.81,"Kale","CAÑO NEGRO Y AFLUENTES","Caño",0.298136645962733
"95","ANH_11","Shannon diversity",5.602,6.383,0.988,5.602,8.32,4879.51382428,3421.04954718,2047.9986448,57.7612879971,0,1.43969797613,3143.08228299,657.371780177,788.304345388,788.304345388,7393.82443318,3140.11838373,4284.2546732,29.96,0.87,42.13,0.38,40,2.3337,0.207,2.24,0.071,62.969,1.43136376415899,0.2686,18,0.00309,30.59,0.15,221.66,0,0,3,4,1.7,15,0.81,"Kale","CAÑO NEGRO Y AFLUENTES","Caño",0.298136645962733
"96","ANH_11","Simpson diversity",4.429,4.882,0.917,4.429,6.678,4879.51382428,3421.04954718,2047.9986448,57.7612879971,0,1.43969797613,3143.08228299,657.371780177,788.304345388,788.304345388,7393.82443318,3140.11838373,4284.2546732,29.96,0.87,42.13,0.38,40,2.3337,0.207,2.24,0.071,62.969,1.43136376415899,0.2686,18,0.00309,30.59,0.15,221.66,0,0,3,4,1.7,15,0.81,"Kale","CAÑO NEGRO Y AFLUENTES","Caño",0.298136645962733
"97","ANH_15","Species richness",15,16.491,2.279,15.173,27.818,5460.68987709,3325.90256953,1798.36853489,0,0,169.499493659,3234.70647908,107.063945786,1254.43001985,1254.43001985,7957.52576915,3078.52934807,4575.85407651,32.14,0.56,40.16,0.37,50,2.0876,0.204,1.96,0.077,71.964,1.60205999132796,0.2726,28,0.00505,30.62,33.89,175.12,0,0.05,2,2,3,8,1.48,"Kale","CAÑO NEGRO Y AFLUENTES","Caño",0.186335403726708
"98","ANH_15","Shannon diversity",7.552,7.972,0.625,7.552,9.196,5460.68987709,3325.90256953,1798.36853489,0,0,169.499493659,3234.70647908,107.063945786,1254.43001985,1254.43001985,7957.52576915,3078.52934807,4575.85407651,32.14,0.56,40.16,0.37,50,2.0876,0.204,1.96,0.077,71.964,1.60205999132796,0.2726,28,0.00505,30.62,33.89,175.12,0,0.05,2,2,3,8,1.48,"Kale","CAÑO NEGRO Y AFLUENTES","Caño",0.186335403726708
"99","ANH_15","Simpson diversity",5.472,5.633,0.479,5.472,6.571,5460.68987709,3325.90256953,1798.36853489,0,0,169.499493659,3234.70647908,107.063945786,1254.43001985,1254.43001985,7957.52576915,3078.52934807,4575.85407651,32.14,0.56,40.16,0.37,50,2.0876,0.204,1.96,0.077,71.964,1.60205999132796,0.2726,28,0.00505,30.62,33.89,175.12,0,0.05,2,2,3,8,1.48,"Kale","CAÑO NEGRO Y AFLUENTES","Caño",0.186335403726708
"100","ANH_291","Species richness",10,16.111,7.393,10.95,49.298,4609.77321406,3203.0138034,1884.01008271,77.5286686477,77.5286686477,71.35407181,2878.14754184,943.145818258,949.213795296,949.213795296,7113.32503101,2914.26733013,4456.12614355,30.71,2.11,44.24,0.615,80,2.82261,0.2125,2.66,0.068,83.958,1.27114431794908,0.356,34,0.00375,25.51,5.16,152.08,0,0,6,4,0.8,20,1.08,"Kale","CAÑO NEGRO Y AFLUENTES","Caño",0.347826086956522
"101","ANH_291","Shannon diversity",4.818,5.809,1.145,4.818,8.052,4609.77321406,3203.0138034,1884.01008271,77.5286686477,77.5286686477,71.35407181,2878.14754184,943.145818258,949.213795296,949.213795296,7113.32503101,2914.26733013,4456.12614355,30.71,2.11,44.24,0.615,80,2.82261,0.2125,2.66,0.068,83.958,1.27114431794908,0.356,34,0.00375,25.51,5.16,152.08,0,0,6,4,0.8,20,1.08,"Kale","CAÑO NEGRO Y AFLUENTES","Caño",0.347826086956522
"102","ANH_291","Simpson diversity",3.064,3.214,0.664,3.064,4.515,4609.77321406,3203.0138034,1884.01008271,77.5286686477,77.5286686477,71.35407181,2878.14754184,943.145818258,949.213795296,949.213795296,7113.32503101,2914.26733013,4456.12614355,30.71,2.11,44.24,0.615,80,2.82261,0.2125,2.66,0.068,83.958,1.27114431794908,0.356,34,0.00375,25.51,5.16,152.08,0,0,6,4,0.8,20,1.08,"Kale","CAÑO NEGRO Y AFLUENTES","Caño",0.347826086956522
"103","ANH_292","Species richness",14,16.987,4.516,14.352,39.331,4094.5110093,2488.30974578,1453.4219393,0,0,169.499493659,2115.58738489,1458.01303354,1670.49158733,1670.49158733,6572.81558485,2255.98196515,5096.53188697,32.42,0.24,18.42,0.245,80,1.7737,0.2035,2.54,0.07,67.966,1.65321251377534,0,0,0,0,0,0,0,0,1,2,2.8,12,1.35,"Kale","CAÑO NEGRO Y AFLUENTES","Caño",0.248447204968944
"104","ANH_292","Shannon diversity",5.509,5.715,0.437,5.509,6.572,4094.5110093,2488.30974578,1453.4219393,0,0,169.499493659,2115.58738489,1458.01303354,1670.49158733,1670.49158733,6572.81558485,2255.98196515,5096.53188697,32.42,0.24,18.42,0.245,80,1.7737,0.2035,2.54,0.07,67.966,1.65321251377534,0,0,0,0,0,0,0,0,1,2,2.8,12,1.35,"Kale","CAÑO NEGRO Y AFLUENTES","Caño",0.248447204968944
"105","ANH_292","Simpson diversity",3.616,3.657,0.276,3.616,4.197,4094.5110093,2488.30974578,1453.4219393,0,0,169.499493659,2115.58738489,1458.01303354,1670.49158733,1670.49158733,6572.81558485,2255.98196515,5096.53188697,32.42,0.24,18.42,0.245,80,1.7737,0.2035,2.54,0.07,67.966,1.65321251377534,0,0,0,0,0,0,0,0,1,2,2.8,12,1.35,"Kale","CAÑO NEGRO Y AFLUENTES","Caño",0.248447204968944
"106","ANH_16","Species richness",9,9,0.544,9,10.581,6759.16838377,3743.95387071,1746.82011163,42.6419887321,0,8.75900795302,4280.44933258,1254.3967365,2085.375143,2085.375143,9390.54883143,3621.46343429,4942.49709342,31.36,6.6,34.54,0.175,24,1.881,0.208,2.18,0.074,59.972,1.6232492903979,0.2661,26,0.00604,27.15,1.05,139.92,0,0,2,4,2.9,12,0.81,"Kale","CAÑO NEGRO Y AFLUENTES","Caño",0.993788819875776
"107","ANH_16","Shannon diversity",5.645,5.833,0.431,5.645,6.677,6759.16838377,3743.95387071,1746.82011163,42.6419887321,0,8.75900795302,4280.44933258,1254.3967365,2085.375143,2085.375143,9390.54883143,3621.46343429,4942.49709342,31.36,6.6,34.54,0.175,24,1.881,0.208,2.18,0.074,59.972,1.6232492903979,0.2661,26,0.00604,27.15,1.05,139.92,0,0,2,4,2.9,12,0.81,"Kale","CAÑO NEGRO Y AFLUENTES","Caño",0.993788819875776
"108","ANH_16","Simpson diversity",4.321,4.438,0.441,4.321,5.303,6759.16838377,3743.95387071,1746.82011163,42.6419887321,0,8.75900795302,4280.44933258,1254.3967365,2085.375143,2085.375143,9390.54883143,3621.46343429,4942.49709342,31.36,6.6,34.54,0.175,24,1.881,0.208,2.18,0.074,59.972,1.6232492903979,0.2661,26,0.00604,27.15,1.05,139.92,0,0,2,4,2.9,12,0.81,"Kale","CAÑO NEGRO Y AFLUENTES","Caño",0.993788819875776
"109","ANH_18","Species richness",14,19.945,7.135,14.934,51.856,1079.36572484,1130.30829151,6.05331901675,0,0,169.499493659,2428.09749884,338.047918633,599.24482379,599.24482379,3400.28676036,630.782012083,5528.40523263,32.12,0.09,16.48,0.245,28,1.6811,0.204,2.08,0.08,55.972,1.69019608002851,0.5859,26,0.00319,29.41,2.74,190.68,0,0.05,2,3,3,30,1.21,"Kale","CAÑO NEGRO Y AFLUENTES","Caño",0.372670807453416
"110","ANH_18","Shannon diversity",7.878,8.632,1.006,7.878,10.603,1079.36572484,1130.30829151,6.05331901675,0,0,169.499493659,2428.09749884,338.047918633,599.24482379,599.24482379,3400.28676036,630.782012083,5528.40523263,32.12,0.09,16.48,0.245,28,1.6811,0.204,2.08,0.08,55.972,1.69019608002851,0.5859,26,0.00319,29.41,2.74,190.68,0,0.05,2,3,3,30,1.21,"Kale","CAÑO NEGRO Y AFLUENTES","Caño",0.372670807453416
"111","ANH_18","Simpson diversity",5.566,5.809,0.778,5.566,7.333,1079.36572484,1130.30829151,6.05331901675,0,0,169.499493659,2428.09749884,338.047918633,599.24482379,599.24482379,3400.28676036,630.782012083,5528.40523263,32.12,0.09,16.48,0.245,28,1.6811,0.204,2.08,0.08,55.972,1.69019608002851,0.5859,26,0.00319,29.41,2.74,190.68,0,0.05,2,3,3,30,1.21,"Kale","CAÑO NEGRO Y AFLUENTES","Caño",0.372670807453416
