"","parentEventID","order","observado","estimado","s.e.","LCL","UCL","grp","cmb_smpEf","verbatimLa","verbatimLo","decimalLat","decimalLon","GrupoBiolo","Tipo","Habitat","Dis_CP","Dis_Oleodu","Dis_Pozo","Dis_Pozact","Dis_Ferroc","Dis_Kale","Dis_Plater","DisBosque","Dis_CobNat","Dis_Cienag","Dis_MGSG","Dis_Dre345","UCSuelo","Cobertura","CobAves","CobHerp","CobCopr","CobMarip","CobHorm","CobColl","CobMam","CobBot","Tam_Parche","Plataf","Dis_PlatEf","Orden","Dis_ViaPri","Dia_ViaSec","Red.Hidrica","CuerpAgua","NomCuerpAg","FInt19meanx","HEH18meanx"
"1","ANH_100","Species richness",8,10.222,2.968,8.306,24.143,"VES",0.369958275382476,"7°18' 25,981"" N","73°49' 37,614"" W",7.30721700024,-73.827115,"Herpetos","T","Vías",2216.45098132,3.77554811857,5502.87910693,8424.27427021,1977.99908983,6173.13385251,6937.20919767,217.921544993,217.921544993,6965.5497725,7970.32534722,2045.72173973,"PVAa","Vias",NA,"Vías",NA,NA,NA,NA,NA,NA,841.669467865,"Platero",6173.13385251,0,2.8524766246,2646.40491361,NA,NA,NA,11,NA
"2","ANH_100","Shannon diversity",7,9.904,2.577,7,14.956,"VES",0.369958275382476,"7°18' 25,981"" N","73°49' 37,614"" W",7.30721700024,-73.827115,"Herpetos","T","Vías",2216.45098132,3.77554811857,5502.87910693,8424.27427021,1977.99908983,6173.13385251,6937.20919767,217.921544993,217.921544993,6965.5497725,7970.32534722,2045.72173973,"PVAa","Vias",NA,"Vías",NA,NA,NA,NA,NA,NA,841.669467865,"Platero",6173.13385251,0,2.8524766246,2646.40491361,NA,NA,NA,11,NA
"3","ANH_100","Simpson diversity",6.125,8.593,2.113,6.125,12.735,"VES",0.369958275382476,"7°18' 25,981"" N","73°49' 37,614"" W",7.30721700024,-73.827115,"Herpetos","T","Vías",2216.45098132,3.77554811857,5502.87910693,8424.27427021,1977.99908983,6173.13385251,6937.20919767,217.921544993,217.921544993,6965.5497725,7970.32534722,2045.72173973,"PVAa","Vias",NA,"Vías",NA,NA,NA,NA,NA,NA,841.669467865,"Platero",6173.13385251,0,2.8524766246,2646.40491361,NA,NA,NA,11,NA
"4","ANH_109","Species richness",6,14.333,11.547,7.096,69.381,"VES",0.789986091794159,"7°22' 42,931"" N","73°52' 48,184"" W",7.37859200024,-73.880051,"Herpetos","T","Herbazal",2621.08020641,313.658975118,1712.4251117,1712.4251117,4350.70255724,1987.90297097,11819.760745,134.308512745,0,1870.17913746,2040.99857978,611.00037254,"RVCa","Herbazal",NA,"Herbazal",NA,NA,NA,NA,NA,NA,33.9255733774,"Kale",1987.90297097,0,1724.23565215,4825.12437241,NA,NA,NA,11,NA
"5","ANH_109","Shannon diversity",5.742,14.735,6.463,5.742,27.402,"VES",0.789986091794159,"7°22' 42,931"" N","73°52' 48,184"" W",7.37859200024,-73.880051,"Herpetos","T","Herbazal",2621.08020641,313.658975118,1712.4251117,1712.4251117,4350.70255724,1987.90297097,11819.760745,134.308512745,0,1870.17913746,2040.99857978,611.00037254,"RVCa","Herbazal",NA,"Herbazal",NA,NA,NA,NA,NA,NA,33.9255733774,"Kale",1987.90297097,0,1724.23565215,4825.12437241,NA,NA,NA,11,NA
"6","ANH_109","Simpson diversity",5.444,14.333,4.771,5.444,23.684,"VES",0.789986091794159,"7°22' 42,931"" N","73°52' 48,184"" W",7.37859200024,-73.880051,"Herpetos","T","Herbazal",2621.08020641,313.658975118,1712.4251117,1712.4251117,4350.70255724,1987.90297097,11819.760745,134.308512745,0,1870.17913746,2040.99857978,611.00037254,"RVCa","Herbazal",NA,"Herbazal",NA,NA,NA,NA,NA,NA,33.9255733774,"Kale",1987.90297097,0,1724.23565215,4825.12437241,NA,NA,NA,11,NA
"7","ANH_117","Species richness",5,11,8.832,5.732,54.207,"VES",0.777468706536857,"7°24' 29,819"" N","73°47' 32,136"" W",7.40828300024,-73.79226,"Herpetos","T","Bosque ripario",1869.41343296,2276.30596642,6890.02563213,6890.02563213,4531.26312019,6483.31882577,17878.785794,0,0,1250.34556023,10812.9671575,621.738218213,"PVCb2","Bosque Ripario",NA,"Bosque Ripario",NA,NA,NA,NA,NA,NA,55.5231894305,"Kale",6483.31882577,0,9172.49771502,63.3444318525,NA,NA,NA,11,NA
"8","ANH_117","Shannon diversity",4.762,11.553,5.484,4.762,22.303,"VES",0.777468706536857,"7°24' 29,819"" N","73°47' 32,136"" W",7.40828300024,-73.79226,"Herpetos","T","Bosque ripario",1869.41343296,2276.30596642,6890.02563213,6890.02563213,4531.26312019,6483.31882577,17878.785794,0,0,1250.34556023,10812.9671575,621.738218213,"PVCb2","Bosque Ripario",NA,"Bosque Ripario",NA,NA,NA,NA,NA,NA,55.5231894305,"Kale",6483.31882577,0,9172.49771502,63.3444318525,NA,NA,NA,11,NA
"9","ANH_117","Simpson diversity",4.5,11.5,3.822,4.5,18.991,"VES",0.777468706536857,"7°24' 29,819"" N","73°47' 32,136"" W",7.40828300024,-73.79226,"Herpetos","T","Bosque ripario",1869.41343296,2276.30596642,6890.02563213,6890.02563213,4531.26312019,6483.31882577,17878.785794,0,0,1250.34556023,10812.9671575,621.738218213,"PVCb2","Bosque Ripario",NA,"Bosque Ripario",NA,NA,NA,NA,NA,NA,55.5231894305,"Kale",6483.31882577,0,9172.49771502,63.3444318525,NA,NA,NA,11,NA
"10","ANH_133","Species richness",10,12.222,2.968,10.306,26.143,"VES",0.931849791376912,"7°16' 51,136"" N","73°51' 30,420"" W",7.28087100024,-73.85845,"Herpetos","T","Bosque ripario",5160.47181143,4493.33615423,2065.36517366,4727.91314187,5368.07199542,8791.6922704,2475.5275149,0,0,3674.55972873,5697.57717866,3872.18798745,"PVAa","Bosque Ripario",NA,"Bosque Ripario",NA,NA,NA,NA,NA,NA,27.8725991505,"Platero",2475.5275149,0,4501.68100899,1444.39173489,NA,NA,NA,6.5,NA
"11","ANH_133","Shannon diversity",9.072,12.112,2.065,9.072,16.16,"VES",0.931849791376912,"7°16' 51,136"" N","73°51' 30,420"" W",7.28087100024,-73.85845,"Herpetos","T","Bosque ripario",5160.47181143,4493.33615423,2065.36517366,4727.91314187,5368.07199542,8791.6922704,2475.5275149,0,0,3674.55972873,5697.57717866,3872.18798745,"PVAa","Bosque Ripario",NA,"Bosque Ripario",NA,NA,NA,NA,NA,NA,27.8725991505,"Platero",2475.5275149,0,4501.68100899,1444.39173489,NA,NA,NA,6.5,NA
"12","ANH_133","Simpson diversity",8.395,12.042,2.049,8.395,16.058,"VES",0.931849791376912,"7°16' 51,136"" N","73°51' 30,420"" W",7.28087100024,-73.85845,"Herpetos","T","Bosque ripario",5160.47181143,4493.33615423,2065.36517366,4727.91314187,5368.07199542,8791.6922704,2475.5275149,0,0,3674.55972873,5697.57717866,3872.18798745,"PVAa","Bosque Ripario",NA,"Bosque Ripario",NA,NA,NA,NA,NA,NA,27.8725991505,"Platero",2475.5275149,0,4501.68100899,1444.39173489,NA,NA,NA,6.5,NA
"13","ANH_135","Species richness",5,9,4.756,5.635,30.18,"VES",0.301808066759388,"7°14' 17,999"" N","73°52' 46,114"" W",7.238333,-73.879476,"Herpetos","PE","Herbazal",3395.05988363,5492.31331134,1859.87570524,2606.32106097,9088.44113233,13634.0062759,1729.45323228,0,0,11210.0800512,3574.38759235,8961.73612501,NA,"Herbazal",NA,"Herbazal",NA,NA,NA,NA,NA,NA,NA,"Platero",1729.45323228,NA,4854.16027011,3450.41739354,NA,NA,NA,NA,NA
"14","ANH_135","Shannon diversity",4.371,7.886,2.797,4.371,13.369,"VES",0.301808066759388,"7°14' 17,999"" N","73°52' 46,114"" W",7.238333,-73.879476,"Herpetos","PE","Herbazal",3395.05988363,5492.31331134,1859.87570524,2606.32106097,9088.44113233,13634.0062759,1729.45323228,0,0,11210.0800512,3574.38759235,8961.73612501,NA,"Herbazal",NA,"Herbazal",NA,NA,NA,NA,NA,NA,NA,"Platero",1729.45323228,NA,4854.16027011,3450.41739354,NA,NA,NA,NA,NA
"15","ANH_135","Simpson diversity",3.769,5,1.521,3.769,7.98,"VES",0.301808066759388,"7°14' 17,999"" N","73°52' 46,114"" W",7.238333,-73.879476,"Herpetos","PE","Herbazal",3395.05988363,5492.31331134,1859.87570524,2606.32106097,9088.44113233,13634.0062759,1729.45323228,0,0,11210.0800512,3574.38759235,8961.73612501,NA,"Herbazal",NA,"Herbazal",NA,NA,NA,NA,NA,NA,NA,"Platero",1729.45323228,NA,4854.16027011,3450.41739354,NA,NA,NA,NA,NA
"16","ANH_136","Species richness",11,16,5.477,11.877,39.497,"VES",0.840055632823366,"7°14' 52,472"" N","73°52' 8,130"" W",7.24790900024,-73.868925,"Herpetos","T","Bosque ripario",3131.28967322,4828.64940675,716.182519488,2937.95539175,8819.04167881,12462.5770397,1296.08031327,0,0,3772.19952628,3710.94089137,7648.29191517,"PVAa","Bosque Ripario",NA,"Bosque Ripario",NA,NA,NA,NA,NA,NA,45.7606127029,"Platero",1296.08031327,0,4064.7544514,1877.99430016,NA,NA,NA,2,NA
"17","ANH_136","Shannon diversity",9.213,13.514,3.065,9.213,19.522,"VES",0.840055632823366,"7°14' 52,472"" N","73°52' 8,130"" W",7.24790900024,-73.868925,"Herpetos","T","Bosque ripario",3131.28967322,4828.64940675,716.182519488,2937.95539175,8819.04167881,12462.5770397,1296.08031327,0,0,3772.19952628,3710.94089137,7648.29191517,"PVAa","Bosque Ripario",NA,"Bosque Ripario",NA,NA,NA,NA,NA,NA,45.7606127029,"Platero",1296.08031327,0,4064.7544514,1877.99430016,NA,NA,NA,2,NA
"18","ANH_136","Simpson diversity",7.692,10.063,2.188,7.692,14.351,"VES",0.840055632823366,"7°14' 52,472"" N","73°52' 8,130"" W",7.24790900024,-73.868925,"Herpetos","T","Bosque ripario",3131.28967322,4828.64940675,716.182519488,2937.95539175,8819.04167881,12462.5770397,1296.08031327,0,0,3772.19952628,3710.94089137,7648.29191517,"PVAa","Bosque Ripario",NA,"Bosque Ripario",NA,NA,NA,NA,NA,NA,45.7606127029,"Platero",1296.08031327,0,4064.7544514,1877.99430016,NA,NA,NA,2,NA
"19","ANH_141","Species richness",6,11,5.915,6.799,37.283,"VES",0.535465924895688,"7°17' 0,438"" N","73°48' 39,827"" W",7.28345500024,-73.811063,"Herpetos","T","Vías",3459.95773499,1.76345293614,4943.60449854,5378.35203016,2583.06949926,9262.55285003,7603.45617187,15.6757298999,15.6757298999,8765.00762013,4920.99017657,3974.05408405,"PVAa","Vias",NA,"Vías",NA,NA,NA,NA,NA,NA,841.669467865,"Platero",7603.45617187,0,3.47031371622,5268.76462358,NA,NA,NA,1,NA
"20","ANH_141","Shannon diversity",5.173,8.838,3.308,5.173,15.321,"VES",0.535465924895688,"7°17' 0,438"" N","73°48' 39,827"" W",7.28345500024,-73.811063,"Herpetos","T","Vías",3459.95773499,1.76345293614,4943.60449854,5378.35203016,2583.06949926,9262.55285003,7603.45617187,15.6757298999,15.6757298999,8765.00762013,4920.99017657,3974.05408405,"PVAa","Vias",NA,"Vías",NA,NA,NA,NA,NA,NA,841.669467865,"Platero",7603.45617187,0,3.47031371622,5268.76462358,NA,NA,NA,1,NA
"21","ANH_141","Simpson diversity",4.545,6.417,2.892,4.545,12.085,"VES",0.535465924895688,"7°17' 0,438"" N","73°48' 39,827"" W",7.28345500024,-73.811063,"Herpetos","T","Vías",3459.95773499,1.76345293614,4943.60449854,5378.35203016,2583.06949926,9262.55285003,7603.45617187,15.6757298999,15.6757298999,8765.00762013,4920.99017657,3974.05408405,"PVAa","Vias",NA,"Vías",NA,NA,NA,NA,NA,NA,841.669467865,"Platero",7603.45617187,0,3.47031371622,5268.76462358,NA,NA,NA,1,NA
"22","ANH_148","Species richness",8,20.5,11.295,10.75,64.823,"VES",0.723226703755216,"7°22' 32,635"" N","73°50' 26,365"" W",7.37573200024,-73.840657,"Herpetos","T","Bosque ripario",4829.71146419,1116.64982836,2897.38725802,2897.38725802,5238.11501567,422.415600905,12254.6335921,0,0,4358.77744272,6388.93089546,3163.28693661,"PVAa","Bosque Ripario",NA,"Bosque Ripario",NA,NA,NA,NA,NA,NA,8.70872486456,"Kale",422.415600905,0,5339.96129574,816.691526363,NA,NA,NA,6.25,NA
"23","ANH_148","Shannon diversity",6.227,11.978,4.277,6.227,20.36,"VES",0.723226703755216,"7°22' 32,635"" N","73°50' 26,365"" W",7.37573200024,-73.840657,"Herpetos","T","Bosque ripario",4829.71146419,1116.64982836,2897.38725802,2897.38725802,5238.11501567,422.415600905,12254.6335921,0,0,4358.77744272,6388.93089546,3163.28693661,"PVAa","Bosque Ripario",NA,"Bosque Ripario",NA,NA,NA,NA,NA,NA,8.70872486456,"Kale",422.415600905,0,5339.96129574,816.691526363,NA,NA,NA,6.25,NA
"24","ANH_148","Simpson diversity",4.9,6,2.015,4.9,9.95,"VES",0.723226703755216,"7°22' 32,635"" N","73°50' 26,365"" W",7.37573200024,-73.840657,"Herpetos","T","Bosque ripario",4829.71146419,1116.64982836,2897.38725802,2897.38725802,5238.11501567,422.415600905,12254.6335921,0,0,4358.77744272,6388.93089546,3163.28693661,"PVAa","Bosque Ripario",NA,"Bosque Ripario",NA,NA,NA,NA,NA,NA,8.70872486456,"Kale",422.415600905,0,5339.96129574,816.691526363,NA,NA,NA,6.25,NA
"25","ANH_149","Species richness",9,11.344,2.848,9.362,24.154,"VES",0.94019471488178,"7°21' 7,830"" N","73°49' 32,671"" W",7.35217500024,-73.825742,"Herpetos","T","Bosque ripario",2751.45842821,104.488896536,5975.95704949,5975.95704949,2792.80420562,2255.43043597,10660.5218366,0,0,5360.44098506,8481.95185475,2229.33599391,"PVCb2","Bosque Ripario",NA,"Bosque Ripario",NA,NA,NA,NA,NA,NA,68.9071628004,"Kale",2255.43043597,0,3013.11476475,1279.71203328,NA,NA,NA,12,NA
"26","ANH_149","Shannon diversity",8.486,12.598,4.019,8.486,20.475,"VES",0.94019471488178,"7°21' 7,830"" N","73°49' 32,671"" W",7.35217500024,-73.825742,"Herpetos","T","Bosque ripario",2751.45842821,104.488896536,5975.95704949,5975.95704949,2792.80420562,2255.43043597,10660.5218366,0,0,5360.44098506,8481.95185475,2229.33599391,"PVCb2","Bosque Ripario",NA,"Bosque Ripario",NA,NA,NA,NA,NA,NA,68.9071628004,"Kale",2255.43043597,0,3013.11476475,1279.71203328,NA,NA,NA,12,NA
"27","ANH_149","Simpson diversity",8.048,14.875,3.022,8.952,20.798,"VES",0.94019471488178,"7°21' 7,830"" N","73°49' 32,671"" W",7.35217500024,-73.825742,"Herpetos","T","Bosque ripario",2751.45842821,104.488896536,5975.95704949,5975.95704949,2792.80420562,2255.43043597,10660.5218366,0,0,5360.44098506,8481.95185475,2229.33599391,"PVCb2","Bosque Ripario",NA,"Bosque Ripario",NA,NA,NA,NA,NA,NA,68.9071628004,"Kale",2255.43043597,0,3013.11476475,1279.71203328,NA,NA,NA,12,NA
"28","ANH_150","Species richness",9,10.25,1.963,9.141,20.117,"VES",0.917941585535466,"7°20' 59,680"" N","73°49' 46,924"" W",7.34991100024,-73.829701,"Herpetos","T","Bosque ripario",2315.92134388,573.348780855,5941.04238573,5941.04238573,2492.8691893,1994.83577759,10213.3255407,0,0,4934.93594831,8078.15932235,1924.19205857,"PVCb2","Bosque Ripario",NA,"Bosque Ripario",NA,NA,NA,NA,NA,NA,18.8753280657,"Kale",1994.83577759,0,2639.59373664,964.890435938,NA,NA,NA,12,NA
"29","ANH_150","Shannon diversity",7.543,9.164,1.224,7.543,11.562,"VES",0.917941585535466,"7°20' 59,680"" N","73°49' 46,924"" W",7.34991100024,-73.829701,"Herpetos","T","Bosque ripario",2315.92134388,573.348780855,5941.04238573,5941.04238573,2492.8691893,1994.83577759,10213.3255407,0,0,4934.93594831,8078.15932235,1924.19205857,"PVCb2","Bosque Ripario",NA,"Bosque Ripario",NA,NA,NA,NA,NA,NA,18.8753280657,"Kale",1994.83577759,0,2639.59373664,964.890435938,NA,NA,NA,12,NA
"30","ANH_150","Simpson diversity",6.391,7.458,1.015,6.391,9.447,"VES",0.917941585535466,"7°20' 59,680"" N","73°49' 46,924"" W",7.34991100024,-73.829701,"Herpetos","T","Bosque ripario",2315.92134388,573.348780855,5941.04238573,5941.04238573,2492.8691893,1994.83577759,10213.3255407,0,0,4934.93594831,8078.15932235,1924.19205857,"PVCb2","Bosque Ripario",NA,"Bosque Ripario",NA,NA,NA,NA,NA,NA,18.8753280657,"Kale",1994.83577759,0,2639.59373664,964.890435938,NA,NA,NA,12,NA
"31","ANH_151","Species richness",13,16.75,4.079,13.664,34.194,"VES",0.824756606397775,"7°21' 57,524"" N","73°47' 50,165"" W",7.36597900024,-73.797268,"Herpetos","T","Bosque ripario",4764.74298494,3202.50471721,6433.87575454,7203.1880734,2064.80130495,5213.48009059,13782.0381233,0,0,5875.72411933,11283.8654382,1497.09942206,"PVAa","Bosque Ripario",NA,"Bosque Ripario",NA,NA,NA,NA,NA,NA,19.3209091367,"Kale",5213.48009059,0,4598.61976442,3324.20963395,NA,NA,NA,10,NA
"32","ANH_151","Shannon diversity",10.419,13.413,2.395,10.419,18.107,"VES",0.824756606397775,"7°21' 57,524"" N","73°47' 50,165"" W",7.36597900024,-73.797268,"Herpetos","T","Bosque ripario",4764.74298494,3202.50471721,6433.87575454,7203.1880734,2064.80130495,5213.48009059,13782.0381233,0,0,5875.72411933,11283.8654382,1497.09942206,"PVAa","Bosque Ripario",NA,"Bosque Ripario",NA,NA,NA,NA,NA,NA,19.3209091367,"Kale",5213.48009059,0,4598.61976442,3324.20963395,NA,NA,NA,10,NA
"33","ANH_151","Simpson diversity",8.67,10.118,1.572,8.67,13.198,"VES",0.824756606397775,"7°21' 57,524"" N","73°47' 50,165"" W",7.36597900024,-73.797268,"Herpetos","T","Bosque ripario",4764.74298494,3202.50471721,6433.87575454,7203.1880734,2064.80130495,5213.48009059,13782.0381233,0,0,5875.72411933,11283.8654382,1497.09942206,"PVAa","Bosque Ripario",NA,"Bosque Ripario",NA,NA,NA,NA,NA,NA,19.3209091367,"Kale",5213.48009059,0,4598.61976442,3324.20963395,NA,NA,NA,10,NA
"34","ANH_152","Species richness",6,11,5.915,6.799,37.283,"VES",0.965229485396384,"7°20' 49,812"" N","73°45' 46,512"" W",7.34717000024,-73.76292,"Herpetos","T","Bosque ripario",2550.16262916,104.011820653,3098.2126889,10541.1655143,1827.82908326,9122.16296479,15286.193745,0,0,8099.82572711,11103.7935057,1023.83415812,"PVBc2","Bosque Ripario",NA,"Bosque Ripario",NA,NA,NA,NA,NA,NA,183.668761621,"Caracterizacion",9122.16296479,0,2451.79776636,7111.53314084,NA,NA,NA,10,NA
"35","ANH_152","Shannon diversity",4.663,7.177,1.985,4.663,11.068,"VES",0.965229485396384,"7°20' 49,812"" N","73°45' 46,512"" W",7.34717000024,-73.76292,"Herpetos","T","Bosque ripario",2550.16262916,104.011820653,3098.2126889,10541.1655143,1827.82908326,9122.16296479,15286.193745,0,0,8099.82572711,11103.7935057,1023.83415812,"PVBc2","Bosque Ripario",NA,"Bosque Ripario",NA,NA,NA,NA,NA,NA,183.668761621,"Caracterizacion",9122.16296479,0,2451.79776636,7111.53314084,NA,NA,NA,10,NA
"36","ANH_152","Simpson diversity",3.789,4.397,1.205,3.789,6.758,"VES",0.965229485396384,"7°20' 49,812"" N","73°45' 46,512"" W",7.34717000024,-73.76292,"Herpetos","T","Bosque ripario",2550.16262916,104.011820653,3098.2126889,10541.1655143,1827.82908326,9122.16296479,15286.193745,0,0,8099.82572711,11103.7935057,1023.83415812,"PVBc2","Bosque Ripario",NA,"Bosque Ripario",NA,NA,NA,NA,NA,NA,183.668761621,"Caracterizacion",9122.16296479,0,2451.79776636,7111.53314084,NA,NA,NA,10,NA
"37","ANH_153","Species richness",9,16.2,8.227,10.201,52.181,"VES",0.652294853963839,"7,3841045","-73,8473915",7.3841045,-73.8473915,"Herpetos","T","Bosque ripario",0,1550.53471658,1721.79748305,1721.79748305,6103.76231745,292.80194752,12907.7171342,46.8714915381,46.8714915381,4363.80019145,5496.46773748,3575.96798577,"PVAa","Palma",NA,"Bosque Ripario",NA,NA,NA,NA,NA,NA,419.562189,"Kale",292.80194752,0,5342.96323236,1934.00784961,NA,NA,NA,5.5,NA
"38","ANH_153","Shannon diversity",8.151,14.984,5.647,8.151,26.051,"VES",0.652294853963839,"7,3841045","-73,8473915",7.3841045,-73.8473915,"Herpetos","T","Bosque ripario",0,1550.53471658,1721.79748305,1721.79748305,6103.76231745,292.80194752,12907.7171342,46.8714915381,46.8714915381,4363.80019145,5496.46773748,3575.96798577,"PVAa","Palma",NA,"Bosque Ripario",NA,NA,NA,NA,NA,NA,419.562189,"Kale",292.80194752,0,5342.96323236,1934.00784961,NA,NA,NA,5.5,NA
"39","ANH_153","Simpson diversity",7.348,12.68,4.572,7.348,21.642,"VES",0.652294853963839,"7,3841045","-73,8473915",7.3841045,-73.8473915,"Herpetos","T","Bosque ripario",0,1550.53471658,1721.79748305,1721.79748305,6103.76231745,292.80194752,12907.7171342,46.8714915381,46.8714915381,4363.80019145,5496.46773748,3575.96798577,"PVAa","Palma",NA,"Bosque Ripario",NA,NA,NA,NA,NA,NA,419.562189,"Kale",292.80194752,0,5342.96323236,1934.00784961,NA,NA,NA,5.5,NA
"40","ANH_154","Species richness",9,12.333,4.472,9.456,33.355,"VES",0.926286509040334,"7°22' 37,369"" N","73°43' 56,208"" W",7.37704700024,-73.73228,"Herpetos","T","Bosque denso",5497.72024775,782.098257309,2567.97564805,11701.2498875,2553.46731253,12387.7616677,19945.5923974,0,0,7071.85971298,13362.502474,2331.10109642,"LVCb2","Bosque Ripario",NA,"Bosque Ripario",NA,NA,NA,NA,NA,NA,662.460780049,"Caracterizacion",12387.7616677,0,5777.45127819,6917.56778495,NA,NA,NA,11,NA
"41","ANH_154","Shannon diversity",7.483,9.806,1.984,7.483,13.695,"VES",0.926286509040334,"7°22' 37,369"" N","73°43' 56,208"" W",7.37704700024,-73.73228,"Herpetos","T","Bosque denso",5497.72024775,782.098257309,2567.97564805,11701.2498875,2553.46731253,12387.7616677,19945.5923974,0,0,7071.85971298,13362.502474,2331.10109642,"LVCb2","Bosque Ripario",NA,"Bosque Ripario",NA,NA,NA,NA,NA,NA,662.460780049,"Caracterizacion",12387.7616677,0,5777.45127819,6917.56778495,NA,NA,NA,11,NA
"42","ANH_154","Simpson diversity",6.452,7.706,1.335,6.452,10.323,"VES",0.926286509040334,"7°22' 37,369"" N","73°43' 56,208"" W",7.37704700024,-73.73228,"Herpetos","T","Bosque denso",5497.72024775,782.098257309,2567.97564805,11701.2498875,2553.46731253,12387.7616677,19945.5923974,0,0,7071.85971298,13362.502474,2331.10109642,"LVCb2","Bosque Ripario",NA,"Bosque Ripario",NA,NA,NA,NA,NA,NA,662.460780049,"Caracterizacion",12387.7616677,0,5777.45127819,6917.56778495,NA,NA,NA,11,NA
"43","ANH_155","Species richness",8,27.6,24.966,10.861,142.29,"VES",0.643949930458971,"7,3889067","-73,7421733",7.3889067,-73.7421733,"Herpetos","T","Bosque ripario",0,863.19112977,3916.42347859,12376.2494579,1183.81832869,11324.9667314,19897.758236,0,0,5383.47449759,14821.2422577,1153.68143652,"LVFbp","Bosque Ripario",NA,"Bosque Ripario",NA,NA,NA,NA,NA,NA,662.46078,"Caracterizacion",11324.9667314,0,7076.04446077,5228.36441676,NA,NA,NA,1,NA
"44","ANH_155","Shannon diversity",7.715,28.482,14.96,7.715,57.802,"VES",0.643949930458971,"7,3889067","-73,7421733",7.3889067,-73.7421733,"Herpetos","T","Bosque ripario",0,863.19112977,3916.42347859,12376.2494579,1183.81832869,11324.9667314,19897.758236,0,0,5383.47449759,14821.2422577,1153.68143652,"LVFbp","Bosque Ripario",NA,"Bosque Ripario",NA,NA,NA,NA,NA,NA,662.46078,"Caracterizacion",11324.9667314,0,7076.04446077,5228.36441676,NA,NA,NA,1,NA
"45","ANH_155","Simpson diversity",7.364,29,12.501,7.364,53.501,"VES",0.643949930458971,"7,3889067","-73,7421733",7.3889067,-73.7421733,"Herpetos","T","Bosque ripario",0,863.19112977,3916.42347859,12376.2494579,1183.81832869,11324.9667314,19897.758236,0,0,5383.47449759,14821.2422577,1153.68143652,"LVFbp","Bosque Ripario",NA,"Bosque Ripario",NA,NA,NA,NA,NA,NA,662.46078,"Caracterizacion",11324.9667314,0,7076.04446077,5228.36441676,NA,NA,NA,1,NA
"46","ANH_157","Species richness",10,19.8,10.616,11.743,65.108,"VES",0.898470097357441,"7°19' 48,612"" N","73°51' 21,193"" W",7.33017000024,-73.855887,"Herpetos","T","Bosque ripario",1580.15367717,1509.95134826,6742.45291061,6742.45291061,83.8937918826,3337.71751194,6946.75373836,0,0,3183.69828009,5596.7372637,45.2550347586,"PVAa","Bosque Ripario",NA,"Bosque Ripario",NA,NA,NA,NA,NA,NA,61.3915848758,"Kale",3337.71751194,0,377.766551637,1627.66063484,NA,NA,NA,12,NA
"47","ANH_157","Shannon diversity",9.076,18.014,7.661,9.076,33.029,"VES",0.898470097357441,"7°19' 48,612"" N","73°51' 21,193"" W",7.33017000024,-73.855887,"Herpetos","T","Bosque ripario",1580.15367717,1509.95134826,6742.45291061,6742.45291061,83.8937918826,3337.71751194,6946.75373836,0,0,3183.69828009,5596.7372637,45.2550347586,"PVAa","Bosque Ripario",NA,"Bosque Ripario",NA,NA,NA,NA,NA,NA,61.3915848758,"Kale",3337.71751194,0,377.766551637,1627.66063484,NA,NA,NA,12,NA
"48","ANH_157","Simpson diversity",8.167,14.76,6.109,8.167,26.733,"VES",0.898470097357441,"7°19' 48,612"" N","73°51' 21,193"" W",7.33017000024,-73.855887,"Herpetos","T","Bosque ripario",1580.15367717,1509.95134826,6742.45291061,6742.45291061,83.8937918826,3337.71751194,6946.75373836,0,0,3183.69828009,5596.7372637,45.2550347586,"PVAa","Bosque Ripario",NA,"Bosque Ripario",NA,NA,NA,NA,NA,NA,61.3915848758,"Kale",3337.71751194,0,377.766551637,1627.66063484,NA,NA,NA,12,NA
"49","ANH_158","Species richness",8,13,6.124,8.766,40.641,"VES",0.88317107093185,"7°21' 3,697"" N","73°49' 35,324"" W",7.35102700024,-73.826479,"Herpetos","T","Bosque ripario",2600.65829088,254.880223154,6032.01050031,6032.01050031,2656.51228879,2236.10642686,10509.734724,0,0,5283.05583874,8416.46915865,2090.20268941,"PVCb2","Bosque Ripario",NA,"Bosque Ripario",NA,NA,NA,NA,NA,NA,18.8753280657,"Kale",2236.10642686,0,2866.26564404,1247.63943078,NA,NA,NA,12,NA
"50","ANH_158","Shannon diversity",6.856,11.073,3.642,6.856,18.211,"VES",0.88317107093185,"7°21' 3,697"" N","73°49' 35,324"" W",7.35102700024,-73.826479,"Herpetos","T","Bosque ripario",2600.65829088,254.880223154,6032.01050031,6032.01050031,2656.51228879,2236.10642686,10509.734724,0,0,5283.05583874,8416.46915865,2090.20268941,"PVCb2","Bosque Ripario",NA,"Bosque Ripario",NA,NA,NA,NA,NA,NA,18.8753280657,"Kale",2236.10642686,0,2866.26564404,1247.63943078,NA,NA,NA,12,NA
"51","ANH_158","Simpson diversity",5.828,8,3.194,5.828,14.261,"VES",0.88317107093185,"7°21' 3,697"" N","73°49' 35,324"" W",7.35102700024,-73.826479,"Herpetos","T","Bosque ripario",2600.65829088,254.880223154,6032.01050031,6032.01050031,2656.51228879,2236.10642686,10509.734724,0,0,5283.05583874,8416.46915865,2090.20268941,"PVCb2","Bosque Ripario",NA,"Bosque Ripario",NA,NA,NA,NA,NA,NA,18.8753280657,"Kale",2236.10642686,0,2866.26564404,1247.63943078,NA,NA,NA,12,NA
"52","ANH_159","Species richness",9,15.667,9.775,9.817,63.411,"VES",1,"7°16' 41,308"" N","73°49' 36,782"" W",7.27814100024,-73.826884,"Herpetos","T","Bosque ripario",5084.54673962,1677.42620018,3126.67797944,5536.96505486,4385.12877234,9288.76029722,5788.48012937,0,0,7139.43499503,4780.32847124,4439.07557358,"PVAa","Bosque Ripario",NA,"Bosque Ripario",NA,NA,NA,NA,NA,NA,28.1785589872,"Platero",5788.48012937,0,1781.68861093,3827.73583254,NA,NA,NA,12,NA
"53","ANH_159","Shannon diversity",7.609,10.398,2.275,7.609,14.857,"VES",1,"7°16' 41,308"" N","73°49' 36,782"" W",7.27814100024,-73.826884,"Herpetos","T","Bosque ripario",5084.54673962,1677.42620018,3126.67797944,5536.96505486,4385.12877234,9288.76029722,5788.48012937,0,0,7139.43499503,4780.32847124,4439.07557358,"PVAa","Bosque Ripario",NA,"Bosque Ripario",NA,NA,NA,NA,NA,NA,28.1785589872,"Platero",5788.48012937,0,1781.68861093,3827.73583254,NA,NA,NA,12,NA
"54","ANH_159","Simpson diversity",6.785,8.121,1.518,6.785,11.097,"VES",1,"7°16' 41,308"" N","73°49' 36,782"" W",7.27814100024,-73.826884,"Herpetos","T","Bosque ripario",5084.54673962,1677.42620018,3126.67797944,5536.96505486,4385.12877234,9288.76029722,5788.48012937,0,0,7139.43499503,4780.32847124,4439.07557358,"PVAa","Bosque Ripario",NA,"Bosque Ripario",NA,NA,NA,NA,NA,NA,28.1785589872,"Platero",5788.48012937,0,1781.68861093,3827.73583254,NA,NA,NA,12,NA
"55","ANH_160","Species richness",8,14.75,7.74,9.121,48.657,"VES",0.737134909596662,"7°15' 44,233"" N","73°49' 16,784"" W",7.26228700024,-73.821329,"Herpetos","T","Bosque ripario",3759.70213658,439.355501052,3302.11999663,3759.93448975,3971.89330336,11134.096486,6362.04780419,0,0,7886.73010475,2963.75823468,6288.88582141,"PVAa","Bosque Ripario",NA,"Bosque Ripario",NA,NA,NA,NA,NA,NA,86.2216461436,"Platero",6362.04780419,0,1422.38669404,3385.03586655,NA,NA,NA,11.25,NA
"56","ANH_160","Shannon diversity",7.579,15.708,7.577,7.579,30.558,"VES",0.737134909596662,"7°15' 44,233"" N","73°49' 16,784"" W",7.26228700024,-73.821329,"Herpetos","T","Bosque ripario",3759.70213658,439.355501052,3302.11999663,3759.93448975,3971.89330336,11134.096486,6362.04780419,0,0,7886.73010475,2963.75823468,6288.88582141,"PVAa","Bosque Ripario",NA,"Bosque Ripario",NA,NA,NA,NA,NA,NA,86.2216461436,"Platero",6362.04780419,0,1422.38669404,3385.03586655,NA,NA,NA,11.25,NA
"57","ANH_160","Simpson diversity",7.143,17.125,5.901,7.143,28.691,"VES",0.737134909596662,"7°15' 44,233"" N","73°49' 16,784"" W",7.26228700024,-73.821329,"Herpetos","T","Bosque ripario",3759.70213658,439.355501052,3302.11999663,3759.93448975,3971.89330336,11134.096486,6362.04780419,0,0,7886.73010475,2963.75823468,6288.88582141,"PVAa","Bosque Ripario",NA,"Bosque Ripario",NA,NA,NA,NA,NA,NA,86.2216461436,"Platero",6362.04780419,0,1422.38669404,3385.03586655,NA,NA,NA,11.25,NA
"58","ANH_162","Species richness",5,5.75,1.468,5.064,13.78,"VES",0.596662030598053,"7°21' 3,521"" N","73°53' 18,550"" W",7.35097800024,-73.888486,"Herpetos","T","Laguna",28.9839996631,2026.46891354,2733.50798059,2755.4853328,1442.67475031,3088.27095669,8762.9702184,1042.69606286,6.05759854513,0,1639.02557715,1405.30265122,"RVCa","Zonas Pantanosas",NA,"Ciénaga",NA,NA,NA,NA,NA,NA,65.005487393,"Kale",3088.27095669,0,1034.64346418,2934.33208527,NA,NA,NA,1,NA
"59","ANH_162","Shannon diversity",4.586,5.847,1.671,4.586,9.122,"VES",0.596662030598053,"7°21' 3,521"" N","73°53' 18,550"" W",7.35097800024,-73.888486,"Herpetos","T","Laguna",28.9839996631,2026.46891354,2733.50798059,2755.4853328,1442.67475031,3088.27095669,8762.9702184,1042.69606286,6.05759854513,0,1639.02557715,1405.30265122,"RVCa","Zonas Pantanosas",NA,"Ciénaga",NA,NA,NA,NA,NA,NA,65.005487393,"Kale",3088.27095669,0,1034.64346418,2934.33208527,NA,NA,NA,1,NA
"60","ANH_162","Simpson diversity",4.263,5.65,1.488,4.263,8.567,"VES",0.596662030598053,"7°21' 3,521"" N","73°53' 18,550"" W",7.35097800024,-73.888486,"Herpetos","T","Laguna",28.9839996631,2026.46891354,2733.50798059,2755.4853328,1442.67475031,3088.27095669,8762.9702184,1042.69606286,6.05759854513,0,1639.02557715,1405.30265122,"RVCa","Zonas Pantanosas",NA,"Ciénaga",NA,NA,NA,NA,NA,NA,65.005487393,"Kale",3088.27095669,0,1034.64346418,2934.33208527,NA,NA,NA,1,NA
"61","ANH_163","Species richness",4,4.188,0.588,4.009,7.863,"VES",0.635605006954103,"7°16' 15,121"" N","73°53' 39,199"" W",7.27086700024,-73.894222,"Herpetos","T","Laguna",3203.1476325,8290.44104495,1538.70335736,1538.70335736,6820.74306223,10515.2794949,0,41.354263127,41.354263127,95.7951223422,2551.78503258,6549.28340965,"PVAa","Zonas Pantanosas",NA,"Ciénaga",NA,NA,NA,NA,NA,NA,36.59508637,"Platero",0,0,5989.28280318,2161.26597056,NA,NA,NA,12,NA
"62","ANH_163","Shannon diversity",3.747,4.413,1.207,3.747,6.778,"VES",0.635605006954103,"7°16' 15,121"" N","73°53' 39,199"" W",7.27086700024,-73.894222,"Herpetos","T","Laguna",3203.1476325,8290.44104495,1538.70335736,1538.70335736,6820.74306223,10515.2794949,0,41.354263127,41.354263127,95.7951223422,2551.78503258,6549.28340965,"PVAa","Zonas Pantanosas",NA,"Ciénaga",NA,NA,NA,NA,NA,NA,36.59508637,"Platero",0,0,5989.28280318,2161.26597056,NA,NA,NA,12,NA
"63","ANH_163","Simpson diversity",3.556,4.45,1.129,3.556,6.664,"VES",0.635605006954103,"7°16' 15,121"" N","73°53' 39,199"" W",7.27086700024,-73.894222,"Herpetos","T","Laguna",3203.1476325,8290.44104495,1538.70335736,1538.70335736,6820.74306223,10515.2794949,0,41.354263127,41.354263127,95.7951223422,2551.78503258,6549.28340965,"PVAa","Zonas Pantanosas",NA,"Ciénaga",NA,NA,NA,NA,NA,NA,36.59508637,"Platero",0,0,5989.28280318,2161.26597056,NA,NA,NA,12,NA
"64","ANH_164","Species richness",3,3.375,1.038,3.021,9.682,"VES",0.524339360222531,"7°18' 40,486"" N","73°54' 6,440"" W",7.31124600024,-73.901789,"Herpetos","T","Laguna",1720.55843326,5449.57007572,3855.85136943,4238.45180422,2635.30905864,6978.33664187,4367.3032495,646.569935147,15.5225351489,0,1065.98467024,4886.63414764,"CA","Zonas Pantanosas",NA,"Ciénaga",NA,NA,NA,NA,NA,NA,16.1808855167,"Platero",4367.3032495,0,2489.6110323,1729.18873389,NA,NA,NA,12,NA
"65","ANH_164","Shannon diversity",2.749,3.337,1.181,2.749,5.652,"VES",0.524339360222531,"7°18' 40,486"" N","73°54' 6,440"" W",7.31124600024,-73.901789,"Herpetos","T","Laguna",1720.55843326,5449.57007572,3855.85136943,4238.45180422,2635.30905864,6978.33664187,4367.3032495,646.569935147,15.5225351489,0,1065.98467024,4886.63414764,"CA","Zonas Pantanosas",NA,"Ciénaga",NA,NA,NA,NA,NA,NA,16.1808855167,"Platero",4367.3032495,0,2489.6110323,1729.18873389,NA,NA,NA,12,NA
"66","ANH_164","Simpson diversity",2.571,3.062,1.139,2.571,5.294,"VES",0.524339360222531,"7°18' 40,486"" N","73°54' 6,440"" W",7.31124600024,-73.901789,"Herpetos","T","Laguna",1720.55843326,5449.57007572,3855.85136943,4238.45180422,2635.30905864,6978.33664187,4367.3032495,646.569935147,15.5225351489,0,1065.98467024,4886.63414764,"CA","Zonas Pantanosas",NA,"Ciénaga",NA,NA,NA,NA,NA,NA,16.1808855167,"Platero",4367.3032495,0,2489.6110323,1729.18873389,NA,NA,NA,12,NA
"67","ANH_165","Species richness",5,10.333,7.888,5.646,49.002,"VES",0.709318497913769,"7°23' 49,661"" N","73°51' 29,531"" W",7.39712800024,-73.858203,"Herpetos","T","Herbazal",3716.62928382,689.218468839,158.592274777,158.592274777,7427.65189823,1736.42206907,14057.2617574,467.27638864,0,4888.46835837,4051.58699356,2698.32913269,"PVAa","Herbazal",NA,"Herbazal",NA,NA,NA,NA,NA,NA,186.006356217,"Kale",1736.42206907,0,3762.53866524,3631.21298666,NA,NA,NA,10.25,NA
"68","ANH_165","Shannon diversity",4.762,10.694,4.355,4.762,19.23,"VES",0.709318497913769,"7°23' 49,661"" N","73°51' 29,531"" W",7.39712800024,-73.858203,"Herpetos","T","Herbazal",3716.62928382,689.218468839,158.592274777,158.592274777,7427.65189823,1736.42206907,14057.2617574,467.27638864,0,4888.46835837,4051.58699356,2698.32913269,"PVAa","Herbazal",NA,"Herbazal",NA,NA,NA,NA,NA,NA,186.006356217,"Kale",1736.42206907,0,3762.53866524,3631.21298666,NA,NA,NA,10.25,NA
"69","ANH_165","Simpson diversity",4.5,10.333,4.569,4.5,19.289,"VES",0.709318497913769,"7°23' 49,661"" N","73°51' 29,531"" W",7.39712800024,-73.858203,"Herpetos","T","Herbazal",3716.62928382,689.218468839,158.592274777,158.592274777,7427.65189823,1736.42206907,14057.2617574,467.27638864,0,4888.46835837,4051.58699356,2698.32913269,"PVAa","Herbazal",NA,"Herbazal",NA,NA,NA,NA,NA,NA,186.006356217,"Kale",1736.42206907,0,3762.53866524,3631.21298666,NA,NA,NA,10.25,NA
"70","ANH_166","Species richness",8,11.2,4.308,8.436,31.482,"VES",0.831710709318498,"7°24' 25,726"" N","73°51' 50,879"" W",7.40714600024,-73.864133,"Herpetos","T","Herbazal",3070.55542019,165.307987492,1443.20821886,1443.20821886,7962.43056702,2855.00444399,15066.6394568,47.1901919845,0,5481.50119314,3121.22480271,1580.09176463,"RVAa","Herbazal",NA,"Herbazal",NA,NA,NA,NA,NA,NA,11.1985496782,"Kale",2855.00444399,0,2875.15007684,4793.3394159,NA,NA,NA,1,NA
"71","ANH_166","Shannon diversity",7.172,10.333,2.623,7.172,15.474,"VES",0.831710709318498,"7°24' 25,726"" N","73°51' 50,879"" W",7.40714600024,-73.864133,"Herpetos","T","Herbazal",3070.55542019,165.307987492,1443.20821886,1443.20821886,7962.43056702,2855.00444399,15066.6394568,47.1901919845,0,5481.50119314,3121.22480271,1580.09176463,"RVAa","Herbazal",NA,"Herbazal",NA,NA,NA,NA,NA,NA,11.1985496782,"Kale",2855.00444399,0,2875.15007684,4793.3394159,NA,NA,NA,1,NA
"72","ANH_166","Simpson diversity",6.533,9.3,3.299,6.533,15.766,"VES",0.831710709318498,"7°24' 25,726"" N","73°51' 50,879"" W",7.40714600024,-73.864133,"Herpetos","T","Herbazal",3070.55542019,165.307987492,1443.20821886,1443.20821886,7962.43056702,2855.00444399,15066.6394568,47.1901919845,0,5481.50119314,3121.22480271,1580.09176463,"RVAa","Herbazal",NA,"Herbazal",NA,NA,NA,NA,NA,NA,11.1985496782,"Kale",2855.00444399,0,2875.15007684,4793.3394159,NA,NA,NA,1,NA
"73","ANH_167","Species richness",8,8.833,1.603,8.073,17.544,"VES",0.812239221140473,"7°25' 35,692"" N","73°50' 6,000"" W",7.42658100024,-73.835,"Herpetos","T","Herbazal",6086.93696548,2320.731006,3752.21487718,3752.21487718,9664.29768516,5098.12939534,17800.2923257,244.899366513,1.00706437249,4266.77950376,6027.00197854,2525.22215056,"PVAb2","Vias",NA,"Herbazal",NA,NA,NA,NA,NA,NA,841.669467865,"Kale",5098.12939534,0,4671.65500264,4037.04156885,NA,NA,NA,1,NA
"74","ANH_167","Shannon diversity",7.192,8.466,1.268,7.192,10.951,"VES",0.812239221140473,"7°25' 35,692"" N","73°50' 6,000"" W",7.42658100024,-73.835,"Herpetos","T","Herbazal",6086.93696548,2320.731006,3752.21487718,3752.21487718,9664.29768516,5098.12939534,17800.2923257,244.899366513,1.00706437249,4266.77950376,6027.00197854,2525.22215056,"PVAb2","Vias",NA,"Herbazal",NA,NA,NA,NA,NA,NA,841.669467865,"Kale",5098.12939534,0,4671.65500264,4037.04156885,NA,NA,NA,1,NA
"75","ANH_167","Simpson diversity",6.667,8.083,1.027,6.667,10.097,"VES",0.812239221140473,"7°25' 35,692"" N","73°50' 6,000"" W",7.42658100024,-73.835,"Herpetos","T","Herbazal",6086.93696548,2320.731006,3752.21487718,3752.21487718,9664.29768516,5098.12939534,17800.2923257,244.899366513,1.00706437249,4266.77950376,6027.00197854,2525.22215056,"PVAb2","Vias",NA,"Herbazal",NA,NA,NA,NA,NA,NA,841.669467865,"Kale",5098.12939534,0,4671.65500264,4037.04156885,NA,NA,NA,1,NA
"76","ANH_168","Species richness",6,15.375,12.945,7.238,76.995,"VES",0.734353268428373,"7°27' 30,647"" N","73°51' 44,615"" W",7.45851300024,-73.862393,"Herpetos","T","Bosque abierto",6993.43269494,757.356279433,916.566280828,916.566280828,13234.4905282,8526.49086044,20739.2389939,0,0,7431.94943672,3993.61927273,1308.80671981,"RVEa","Bosque Abierto",NA,"Herbazal",NA,NA,NA,NA,NA,NA,198.695405695,"Kale",8526.49086044,0,739.578552727,8686.2509721,NA,NA,NA,6,NA
"77","ANH_168","Shannon diversity",5.742,15.993,7.07,5.742,29.85,"VES",0.734353268428373,"7°27' 30,647"" N","73°51' 44,615"" W",7.45851300024,-73.862393,"Herpetos","T","Bosque abierto",6993.43269494,757.356279433,916.566280828,916.566280828,13234.4905282,8526.49086044,20739.2389939,0,0,7431.94943672,3993.61927273,1308.80671981,"RVEa","Bosque Abierto",NA,"Herbazal",NA,NA,NA,NA,NA,NA,198.695405695,"Kale",8526.49086044,0,739.578552727,8686.2509721,NA,NA,NA,6,NA
"78","ANH_168","Simpson diversity",5.444,16,6.495,5.444,28.73,"VES",0.734353268428373,"7°27' 30,647"" N","73°51' 44,615"" W",7.45851300024,-73.862393,"Herpetos","T","Bosque abierto",6993.43269494,757.356279433,916.566280828,916.566280828,13234.4905282,8526.49086044,20739.2389939,0,0,7431.94943672,3993.61927273,1308.80671981,"RVEa","Bosque Abierto",NA,"Herbazal",NA,NA,NA,NA,NA,NA,198.695405695,"Kale",8526.49086044,0,739.578552727,8686.2509721,NA,NA,NA,6,NA
"79","ANH_169","Species richness",6,7.125,1.798,6.124,16.229,"VES",0.692628650904033,"7°24' 30,182"" N","73°52' 3,630"" W",7.40838400024,-73.867675,"Herpetos","T","Bosque abierto",2716.49215021,346.218234506,1775.83998517,1775.83998517,7891.85366487,3046.90430912,15165.7833907,10.0735010106,10.0735010106,5414.6765113,2706.98819775,1178.57445289,"RVCa","Pastos",NA,"Bosque Abierto",NA,NA,NA,NA,NA,NA,4.48680492155,"Kale",3046.90430912,0,2464.8378661,5188.4872558,NA,NA,NA,5.5,NA
"80","ANH_169","Shannon diversity",5.67,7.979,2.224,5.67,12.338,"VES",0.692628650904033,"7°24' 30,182"" N","73°52' 3,630"" W",7.40838400024,-73.867675,"Herpetos","T","Bosque abierto",2716.49215021,346.218234506,1775.83998517,1775.83998517,7891.85366487,3046.90430912,15165.7833907,10.0735010106,10.0735010106,5414.6765113,2706.98819775,1178.57445289,"RVCa","Pastos",NA,"Bosque Abierto",NA,NA,NA,NA,NA,NA,4.48680492155,"Kale",3046.90430912,0,2464.8378661,5188.4872558,NA,NA,NA,5.5,NA
"81","ANH_169","Simpson diversity",5.4,9.25,2.485,5.4,14.12,"VES",0.692628650904033,"7°24' 30,182"" N","73°52' 3,630"" W",7.40838400024,-73.867675,"Herpetos","T","Bosque abierto",2716.49215021,346.218234506,1775.83998517,1775.83998517,7891.85366487,3046.90430912,15165.7833907,10.0735010106,10.0735010106,5414.6765113,2706.98819775,1178.57445289,"RVCa","Pastos",NA,"Bosque Abierto",NA,NA,NA,NA,NA,NA,4.48680492155,"Kale",3046.90430912,0,2464.8378661,5188.4872558,NA,NA,NA,5.5,NA
"82","ANH_171","Species richness",5,7,3.008,5.237,21.849,"VES",0.41307371349096,"7°17' 59,773"" N","73°41' 44,480"" W",7.29993700024,-73.695689,"Herpetos","T","Bosque denso",1123.30327041,1730.95449493,278.662801408,2587.47546271,4531.94382162,17733.5601596,20471.535969,0,0,16197.2773975,4666.30838536,2548.09488152,"LVBe3","Bosque Denso",NA,"Bosque Denso",NA,NA,NA,NA,NA,NA,215.82601981,"Caracterizacion",17733.5601596,0,995.727578387,2578.83093035,NA,NA,NA,12,NA
"83","ANH_171","Shannon diversity",4.327,5.789,1.34,4.327,8.414,"VES",0.41307371349096,"7°17' 59,773"" N","73°41' 44,480"" W",7.29993700024,-73.695689,"Herpetos","T","Bosque denso",1123.30327041,1730.95449493,278.662801408,2587.47546271,4531.94382162,17733.5601596,20471.535969,0,0,16197.2773975,4666.30838536,2548.09488152,"LVBe3","Bosque Denso",NA,"Bosque Denso",NA,NA,NA,NA,NA,NA,215.82601981,"Caracterizacion",17733.5601596,0,995.727578387,2578.83093035,NA,NA,NA,12,NA
"84","ANH_171","Simpson diversity",3.857,4.333,0.902,3.857,6.102,"VES",0.41307371349096,"7°17' 59,773"" N","73°41' 44,480"" W",7.29993700024,-73.695689,"Herpetos","T","Bosque denso",1123.30327041,1730.95449493,278.662801408,2587.47546271,4531.94382162,17733.5601596,20471.535969,0,0,16197.2773975,4666.30838536,2548.09488152,"LVBe3","Bosque Denso",NA,"Bosque Denso",NA,NA,NA,NA,NA,NA,215.82601981,"Caracterizacion",17733.5601596,0,995.727578387,2578.83093035,NA,NA,NA,12,NA
"85","ANH_178","Species richness",5,8,4.899,5.321,33.014,"VES",0.60778859527121,"7°22' 18,206"" N","73°45' 56,837"" W",7.37172400024,-73.765788,"Herpetos","T","Vías",5028.70021058,1818.95479447,3849.8665588,10161.5715388,103.352088216,8688.69105706,16683.6609436,27.7547271223,27.7547271223,5419.81410108,13713.1474018,686.457881277,"PVFa","Palma",NA,"Vías",NA,NA,NA,NA,NA,NA,15.6976228252,"Kale",8688.69105706,0,5182.7315472,4715.19106745,NA,NA,NA,11.75,NA
"86","ANH_178","Shannon diversity",4.456,6.72,2.126,4.456,10.887,"VES",0.60778859527121,"7°22' 18,206"" N","73°45' 56,837"" W",7.37172400024,-73.765788,"Herpetos","T","Vías",5028.70021058,1818.95479447,3849.8665588,10161.5715388,103.352088216,8688.69105706,16683.6609436,27.7547271223,27.7547271223,5419.81410108,13713.1474018,686.457881277,"PVFa","Palma",NA,"Vías",NA,NA,NA,NA,NA,NA,15.6976228252,"Kale",8688.69105706,0,5182.7315472,4715.19106745,NA,NA,NA,11.75,NA
"87","ANH_178","Simpson diversity",4,5,1.466,4,7.874,"VES",0.60778859527121,"7°22' 18,206"" N","73°45' 56,837"" W",7.37172400024,-73.765788,"Herpetos","T","Vías",5028.70021058,1818.95479447,3849.8665588,10161.5715388,103.352088216,8688.69105706,16683.6609436,27.7547271223,27.7547271223,5419.81410108,13713.1474018,686.457881277,"PVFa","Palma",NA,"Vías",NA,NA,NA,NA,NA,NA,15.6976228252,"Kale",8688.69105706,0,5182.7315472,4715.19106745,NA,NA,NA,11.75,NA
"88","ANH_179","Species richness",7,17.417,14.343,8.38,85.609,"VES",0.788595271210014,"7°19' 17,335"" N","73°44' 49,603"" W",7.32148200024,-73.747112,"Herpetos","T","Bosque ripario",1134.65609371,501.938904371,1673.79266887,7292.45541609,929.990228136,11576.2394739,15559.3451057,0,0,11346.5510483,7791.86753243,2846.44211362,"PVBc2","Bosque Ripario",NA,"Bosque Ripario",NA,NA,NA,NA,NA,NA,18.6696995506,"Caracterizacion",11576.2394739,0,71.5733746313,6928.70447826,NA,NA,NA,11,NA
"89","ANH_179","Shannon diversity",5.111,9.243,3.799,5.111,16.689,"VES",0.788595271210014,"7°19' 17,335"" N","73°44' 49,603"" W",7.32148200024,-73.747112,"Herpetos","T","Bosque ripario",1134.65609371,501.938904371,1673.79266887,7292.45541609,929.990228136,11576.2394739,15559.3451057,0,0,11346.5510483,7791.86753243,2846.44211362,"PVBc2","Bosque Ripario",NA,"Bosque Ripario",NA,NA,NA,NA,NA,NA,18.6696995506,"Caracterizacion",11576.2394739,0,71.5733746313,6928.70447826,NA,NA,NA,11,NA
"90","ANH_179","Simpson diversity",3.756,4.229,1.148,3.756,6.479,"VES",0.788595271210014,"7°19' 17,335"" N","73°44' 49,603"" W",7.32148200024,-73.747112,"Herpetos","T","Bosque ripario",1134.65609371,501.938904371,1673.79266887,7292.45541609,929.990228136,11576.2394739,15559.3451057,0,0,11346.5510483,7791.86753243,2846.44211362,"PVBc2","Bosque Ripario",NA,"Bosque Ripario",NA,NA,NA,NA,NA,NA,18.6696995506,"Caracterizacion",11576.2394739,0,71.5733746313,6928.70447826,NA,NA,NA,11,NA
"91","ANH_180","Species richness",6,7.25,1.963,6.141,17.117,"VES",0.559109874826147,"7°19' 22,566"" N","73°47' 24,943"" W",7.32293500024,-73.790262,"Herpetos","T","Vías",941.576744787,244.73588065,2779.32488418,9643.79919278,341.019899331,7273.35087285,11309.433894,96.9652535179,96.9652535179,9858.49825914,8699.79595013,543.226645521,"PVCb2","Palma",NA,"Vías",NA,NA,NA,NA,NA,NA,21.4228036738,"Caracterizacion",7273.35087285,0,76.763286297,5578.74271314,NA,NA,NA,1,NA
"92","ANH_180","Shannon diversity",5.67,8.407,2.528,5.67,13.362,"VES",0.559109874826147,"7°19' 22,566"" N","73°47' 24,943"" W",7.32293500024,-73.790262,"Herpetos","T","Vías",941.576744787,244.73588065,2779.32488418,9643.79919278,341.019899331,7273.35087285,11309.433894,96.9652535179,96.9652535179,9858.49825914,8699.79595013,543.226645521,"PVCb2","Palma",NA,"Vías",NA,NA,NA,NA,NA,NA,21.4228036738,"Caracterizacion",7273.35087285,0,76.763286297,5578.74271314,NA,NA,NA,1,NA
"93","ANH_180","Simpson diversity",5.4,10.167,2.44,5.4,14.95,"VES",0.559109874826147,"7°19' 22,566"" N","73°47' 24,943"" W",7.32293500024,-73.790262,"Herpetos","T","Vías",941.576744787,244.73588065,2779.32488418,9643.79919278,341.019899331,7273.35087285,11309.433894,96.9652535179,96.9652535179,9858.49825914,8699.79595013,543.226645521,"PVCb2","Palma",NA,"Vías",NA,NA,NA,NA,NA,NA,21.4228036738,"Caracterizacion",7273.35087285,0,76.763286297,5578.74271314,NA,NA,NA,1,NA
"94","ANH_181","Species richness",9,11.222,2.968,9.306,25.143,"VES",0.821974965229485,"7°15' 58,828"" N","73°52' 32,506"" W",7.26634100024,-73.875696,"Herpetos","T","Bosque ripario",4897.62859073,6192.29961784,2266.13858395,2266.13858395,7142.48315283,10508.6179053,356.514411846,0,0,1974.4879915,4546.58708741,5901.33349282,"PVAa","Bosque Ripario",NA,"Bosque Ripario",NA,NA,NA,NA,NA,NA,78.6478687443,"Platero",356.514411846,0,5843.50046111,1040.84946892,NA,NA,NA,10,NA
"95","ANH_181","Shannon diversity",7.288,9.458,1.642,7.288,12.676,"VES",0.821974965229485,"7°15' 58,828"" N","73°52' 32,506"" W",7.26634100024,-73.875696,"Herpetos","T","Bosque ripario",4897.62859073,6192.29961784,2266.13858395,2266.13858395,7142.48315283,10508.6179053,356.514411846,0,0,1974.4879915,4546.58708741,5901.33349282,"PVAa","Bosque Ripario",NA,"Bosque Ripario",NA,NA,NA,NA,NA,NA,78.6478687443,"Platero",356.514411846,0,5843.50046111,1040.84946892,NA,NA,NA,10,NA
"96","ANH_181","Simpson diversity",5.918,6.952,1.112,5.918,9.131,"VES",0.821974965229485,"7°15' 58,828"" N","73°52' 32,506"" W",7.26634100024,-73.875696,"Herpetos","T","Bosque ripario",4897.62859073,6192.29961784,2266.13858395,2266.13858395,7142.48315283,10508.6179053,356.514411846,0,0,1974.4879915,4546.58708741,5901.33349282,"PVAa","Bosque Ripario",NA,"Bosque Ripario",NA,NA,NA,NA,NA,NA,78.6478687443,"Platero",356.514411846,0,5843.50046111,1040.84946892,NA,NA,NA,10,NA
"97","ANH_182","Species richness",6,7.688,2.628,6.192,20.852,"VES",0.739916550764951,"7°15' 20,909"" N","73°51' 49,381"" W",7.25580800024,-73.863717,"Herpetos","T","Bosque ripario",3402.81217061,4565.04417514,1292.38639475,3339.84980014,8185.34131877,11567.8439006,1683.69076247,0,0,3692.0021985,4128.1729872,6691.78251201,"PVAa","Bosque Ripario",NA,"Bosque Ripario",NA,NA,NA,NA,NA,NA,2.4041208229,"Platero",1683.69076247,0,4080.8587808,852.647399101,NA,NA,NA,1,NA
"98","ANH_182","Shannon diversity",5.451,7.558,2.424,5.451,12.31,"VES",0.739916550764951,"7°15' 20,909"" N","73°51' 49,381"" W",7.25580800024,-73.863717,"Herpetos","T","Bosque ripario",3402.81217061,4565.04417514,1292.38639475,3339.84980014,8185.34131877,11567.8439006,1683.69076247,0,0,3692.0021985,4128.1729872,6691.78251201,"PVAa","Bosque Ripario",NA,"Bosque Ripario",NA,NA,NA,NA,NA,NA,2.4041208229,"Platero",1683.69076247,0,4080.8587808,852.647399101,NA,NA,NA,1,NA
"99","ANH_182","Simpson diversity",5,7,2.428,5,11.759,"VES",0.739916550764951,"7°15' 20,909"" N","73°51' 49,381"" W",7.25580800024,-73.863717,"Herpetos","T","Bosque ripario",3402.81217061,4565.04417514,1292.38639475,3339.84980014,8185.34131877,11567.8439006,1683.69076247,0,0,3692.0021985,4128.1729872,6691.78251201,"PVAa","Bosque Ripario",NA,"Bosque Ripario",NA,NA,NA,NA,NA,NA,2.4041208229,"Platero",1683.69076247,0,4080.8587808,852.647399101,NA,NA,NA,1,NA
"100","ANH_185","Species richness",7,11.688,5.766,7.714,37.768,"VES",0.581363004172462,"7°13' 53,929"" N","73°49' 48,094"" W",7.23164700024,-73.830026,"Herpetos","T","Pastos limpios",1460.21656417,175.413782221,3046.67973167,3412.17240227,4169.05093324,14314.3289182,5942.34216922,69.9893274268,69.9893274268,8264.77005432,89.9858470295,7424.35795761,"PVAa","Pastos",NA,"Pastos",NA,NA,NA,NA,NA,NA,21.2723623644,"Platero",5942.34216922,0,318.281693792,670.853086721,NA,NA,NA,1,NA
"101","ANH_185","Shannon diversity",6.614,12.562,6.354,6.614,25.015,"VES",0.581363004172462,"7°13' 53,929"" N","73°49' 48,094"" W",7.23164700024,-73.830026,"Herpetos","T","Pastos limpios",1460.21656417,175.413782221,3046.67973167,3412.17240227,4169.05093324,14314.3289182,5942.34216922,69.9893274268,69.9893274268,8264.77005432,89.9858470295,7424.35795761,"PVAa","Pastos",NA,"Pastos",NA,NA,NA,NA,NA,NA,21.2723623644,"Platero",5942.34216922,0,318.281693792,670.853086721,NA,NA,NA,1,NA
"102","ANH_185","Simpson diversity",6.231,13.75,5.611,6.231,24.747,"VES",0.581363004172462,"7°13' 53,929"" N","73°49' 48,094"" W",7.23164700024,-73.830026,"Herpetos","T","Pastos limpios",1460.21656417,175.413782221,3046.67973167,3412.17240227,4169.05093324,14314.3289182,5942.34216922,69.9893274268,69.9893274268,8264.77005432,89.9858470295,7424.35795761,"PVAa","Pastos",NA,"Pastos",NA,NA,NA,NA,NA,NA,21.2723623644,"Platero",5942.34216922,0,318.281693792,670.853086721,NA,NA,NA,1,NA
"103","ANH_223","Species richness",9,28.6,24.966,11.861,143.29,"VES",0.795549374130737,"7°15' 40,968"" N","73°53' 36,128"" W",7.26138000024,-73.893369,"Herpetos","T","Bosque ripario",4183.7672248,7863.83795276,493.209825993,493.209825993,7860.04012826,11479.9993459,0,324.215902756,324.215902756,1144.84996335,2650.63199241,7322.40683837,"PVAa","Palma",NA,"Bosque Ripario",NA,NA,NA,NA,NA,NA,165.005220596,"Platero",0,0,7000.52433293,2820.39050094,NA,NA,NA,3,NA
"104","ANH_223","Shannon diversity",7.137,16.525,6.758,7.137,29.77,"VES",0.795549374130737,"7°15' 40,968"" N","73°53' 36,128"" W",7.26138000024,-73.893369,"Herpetos","T","Bosque ripario",4183.7672248,7863.83795276,493.209825993,493.209825993,7860.04012826,11479.9993459,0,324.215902756,324.215902756,1144.84996335,2650.63199241,7322.40683837,"PVAa","Palma",NA,"Bosque Ripario",NA,NA,NA,NA,NA,NA,165.005220596,"Platero",0,0,7000.52433293,2820.39050094,NA,NA,NA,3,NA
"105","ANH_223","Simpson diversity",5.444,6.818,2.273,5.444,11.274,"VES",0.795549374130737,"7°15' 40,968"" N","73°53' 36,128"" W",7.26138000024,-73.893369,"Herpetos","T","Bosque ripario",4183.7672248,7863.83795276,493.209825993,493.209825993,7860.04012826,11479.9993459,0,324.215902756,324.215902756,1144.84996335,2650.63199241,7322.40683837,"PVAa","Palma",NA,"Bosque Ripario",NA,NA,NA,NA,NA,NA,165.005220596,"Platero",0,0,7000.52433293,2820.39050094,NA,NA,NA,3,NA
"106","ANH_232","Species richness",12,22.208,11.039,13.819,69.284,"VES",0.767732962447844,"7°17' 42,436"" N","73°52' 37,942"" W",7.29512100024,-73.877206,"Herpetos","T","Bosque ripario",2879.24597743,5158.65195667,4511.84825113,4607.41940345,3974.45621607,7407.68087184,2595.68603701,0,0,1351.99539749,3474.97249614,3304.21273599,"PVAa","Bosque Ripario",NA,"Bosque Ripario",NA,NA,NA,NA,NA,NA,32.8373162882,"Platero",2595.68603701,0,3090.66441294,812.832337561,NA,NA,NA,12,NA
"107","ANH_232","Shannon diversity",9.452,14.416,3.442,9.452,21.162,"VES",0.767732962447844,"7°17' 42,436"" N","73°52' 37,942"" W",7.29512100024,-73.877206,"Herpetos","T","Bosque ripario",2879.24597743,5158.65195667,4511.84825113,4607.41940345,3974.45621607,7407.68087184,2595.68603701,0,0,1351.99539749,3474.97249614,3304.21273599,"PVAa","Bosque Ripario",NA,"Bosque Ripario",NA,NA,NA,NA,NA,NA,32.8373162882,"Platero",2595.68603701,0,3090.66441294,812.832337561,NA,NA,NA,12,NA
"108","ANH_232","Simpson diversity",7.579,9.013,1.627,7.579,12.201,"VES",0.767732962447844,"7°17' 42,436"" N","73°52' 37,942"" W",7.29512100024,-73.877206,"Herpetos","T","Bosque ripario",2879.24597743,5158.65195667,4511.84825113,4607.41940345,3974.45621607,7407.68087184,2595.68603701,0,0,1351.99539749,3474.97249614,3304.21273599,"PVAa","Bosque Ripario",NA,"Bosque Ripario",NA,NA,NA,NA,NA,NA,32.8373162882,"Platero",2595.68603701,0,3090.66441294,812.832337561,NA,NA,NA,12,NA
"109","ANH_306","Species richness",12,32.417,25.989,14.982,151.776,"VES",0.795549374130737,"7°22' 47,658"" N","73°49' 31,958"" W",7.37990500024,-73.825544,"Herpetos","T","Bosque ripario",5569.07557121,2327.27065206,3735.08486161,3735.08486161,5545.70121637,2090.71270552,13337.4248645,0,0,5914.23201398,7952.30274015,3847.40719159,"PVAa","Bosque Ripario",NA,"Bosque Ripario",NA,NA,NA,NA,NA,NA,34.180294317,"Kale",2090.71270552,0,5972.56355556,308.521415361,NA,NA,NA,12,NA
"110","ANH_306","Shannon diversity",9.215,14.683,4.201,9.215,22.918,"VES",0.795549374130737,"7°22' 47,658"" N","73°49' 31,958"" W",7.37990500024,-73.825544,"Herpetos","T","Bosque ripario",5569.07557121,2327.27065206,3735.08486161,3735.08486161,5545.70121637,2090.71270552,13337.4248645,0,0,5914.23201398,7952.30274015,3847.40719159,"PVAa","Bosque Ripario",NA,"Bosque Ripario",NA,NA,NA,NA,NA,NA,34.180294317,"Kale",2090.71270552,0,5972.56355556,308.521415361,NA,NA,NA,12,NA
"111","ANH_306","Simpson diversity",7.515,8.524,1.633,7.515,11.723,"VES",0.795549374130737,"7°22' 47,658"" N","73°49' 31,958"" W",7.37990500024,-73.825544,"Herpetos","T","Bosque ripario",5569.07557121,2327.27065206,3735.08486161,3735.08486161,5545.70121637,2090.71270552,13337.4248645,0,0,5914.23201398,7952.30274015,3847.40719159,"PVAa","Bosque Ripario",NA,"Bosque Ripario",NA,NA,NA,NA,NA,NA,34.180294317,"Kale",2090.71270552,0,5972.56355556,308.521415361,NA,NA,NA,12,NA
"112","ANH_360","Species richness",9,16.2,8.227,10.201,52.181,"VES",0.913769123783032,"7°19' 16,237"" N","73°42' 47,354"" W",7.32117700024,-73.713154,"Herpetos","T","Bosque denso",2453.76742999,708.127754277,3263.06471993,5171.69875723,1638.08036151,15132.3434513,19103.1246716,0,0,13163.8125228,7045.22132278,3365.54496082,"LVBe3","Bosque Ripario",NA,"Bosque Denso",NA,NA,NA,NA,NA,NA,740.917316393,"Caracterizacion",15132.3434513,0,1051.59371216,5172.32192669,NA,NA,NA,12,NA
"113","ANH_360","Shannon diversity",7.729,13.496,4.543,7.729,22.401,"VES",0.913769123783032,"7°19' 16,237"" N","73°42' 47,354"" W",7.32117700024,-73.713154,"Herpetos","T","Bosque denso",2453.76742999,708.127754277,3263.06471993,5171.69875723,1638.08036151,15132.3434513,19103.1246716,0,0,13163.8125228,7045.22132278,3365.54496082,"LVBe3","Bosque Ripario",NA,"Bosque Denso",NA,NA,NA,NA,NA,NA,740.917316393,"Caracterizacion",15132.3434513,0,1051.59371216,5172.32192669,NA,NA,NA,12,NA
"114","ANH_360","Simpson diversity",6.533,9.3,3.368,6.533,15.901,"VES",0.913769123783032,"7°19' 16,237"" N","73°42' 47,354"" W",7.32117700024,-73.713154,"Herpetos","T","Bosque denso",2453.76742999,708.127754277,3263.06471993,5171.69875723,1638.08036151,15132.3434513,19103.1246716,0,0,13163.8125228,7045.22132278,3365.54496082,"LVBe3","Bosque Ripario",NA,"Bosque Denso",NA,NA,NA,NA,NA,NA,740.917316393,"Caracterizacion",15132.3434513,0,1051.59371216,5172.32192669,NA,NA,NA,12,NA
"115","ANH_374","Species richness",2,2,0.449,2,3.57,"VES",0.478442280945758,"7°17' 57,822"" N","73°42' 4,003"" W",7.29939500024,-73.701112,"Herpetos","T","Bosque denso",904.368653331,1683.47761846,870.891997427,2522.36446477,4364.38543782,17203.6225075,19870.5796742,0,0,15898.7596361,4629.25867981,2080.76662338,"LVBe3","Bosque Denso",NA,"Bosque Denso",NA,NA,NA,NA,NA,NA,215.82601981,"Caracterizacion",17203.6225075,0,586.810272055,2528.23538246,NA,NA,NA,12,NA
"116","ANH_374","Shannon diversity",1.649,1.804,0.398,1.649,2.583,"VES",0.478442280945758,"7°17' 57,822"" N","73°42' 4,003"" W",7.29939500024,-73.701112,"Herpetos","T","Bosque denso",904.368653331,1683.47761846,870.891997427,2522.36446477,4364.38543782,17203.6225075,19870.5796742,0,0,15898.7596361,4629.25867981,2080.76662338,"LVBe3","Bosque Denso",NA,"Bosque Denso",NA,NA,NA,NA,NA,NA,215.82601981,"Caracterizacion",17203.6225075,0,586.810272055,2528.23538246,NA,NA,NA,12,NA
"117","ANH_374","Simpson diversity",1.471,1.5,0.346,1.471,2.179,"VES",0.478442280945758,"7°17' 57,822"" N","73°42' 4,003"" W",7.29939500024,-73.701112,"Herpetos","T","Bosque denso",904.368653331,1683.47761846,870.891997427,2522.36446477,4364.38543782,17203.6225075,19870.5796742,0,0,15898.7596361,4629.25867981,2080.76662338,"LVBe3","Bosque Denso",NA,"Bosque Denso",NA,NA,NA,NA,NA,NA,215.82601981,"Caracterizacion",17203.6225075,0,586.810272055,2528.23538246,NA,NA,NA,12,NA
"118","ANH_375","Species richness",5,10.333,7.888,5.646,49.002,"VES",0.369958275382476,"7°19' 21,403"" N","73°42' 54,792"" W",7.322612,-73.71522,"Herpetos","PE","Bosque denso",2210.66594352,436.444699858,3534.62923512,5395.98138136,1410.40625581,14868.6228318,18931.206566,0,0,17883.5736416,7201.83681167,3386.20872067,NA,"Bosque Denso",NA,"Bosque Denso",NA,NA,NA,NA,NA,NA,NA,"Kale",14868.6228318,NA,1047.41517925,5372.40507078,NA,NA,NA,NA,NA
"119","ANH_375","Shannon diversity",4.762,10.694,4.27,4.762,19.063,"VES",0.369958275382476,"7°19' 21,403"" N","73°42' 54,792"" W",7.322612,-73.71522,"Herpetos","PE","Bosque denso",2210.66594352,436.444699858,3534.62923512,5395.98138136,1410.40625581,14868.6228318,18931.206566,0,0,17883.5736416,7201.83681167,3386.20872067,NA,"Bosque Denso",NA,"Bosque Denso",NA,NA,NA,NA,NA,NA,NA,"Kale",14868.6228318,NA,1047.41517925,5372.40507078,NA,NA,NA,NA,NA
"120","ANH_375","Simpson diversity",4.5,10.333,3.464,4.5,17.122,"VES",0.369958275382476,"7°19' 21,403"" N","73°42' 54,792"" W",7.322612,-73.71522,"Herpetos","PE","Bosque denso",2210.66594352,436.444699858,3534.62923512,5395.98138136,1410.40625581,14868.6228318,18931.206566,0,0,17883.5736416,7201.83681167,3386.20872067,NA,"Bosque Denso",NA,"Bosque Denso",NA,NA,NA,NA,NA,NA,NA,"Kale",14868.6228318,NA,1047.41517925,5372.40507078,NA,NA,NA,NA,NA
"121","ANH_398","Species richness",7,17,13.784,8.323,82.563,"VES",0.47009735744089,"7°21' 26,640"" N","73°44' 32,460"" W",7.3574,-73.74235,"Herpetos","PE","Bosque ripario",3501.18680767,1195.24257419,818.011658558,10145.332532,2863.8492993,11281.8720195,17809.1413562,9.47054739669,9.47054739669,14574.6285734,11410.4226174,1537.06082202,NA,NA,NA,"Bosque Ripario",NA,NA,NA,NA,NA,NA,NA,"Kale",11281.8720195,NA,3607.36888669,7672.55226932,NA,NA,NA,NA,NA
"122","ANH_398","Shannon diversity",6.261,13.538,5.659,6.261,24.631,"VES",0.47009735744089,"7°21' 26,640"" N","73°44' 32,460"" W",7.3574,-73.74235,"Herpetos","PE","Bosque ripario",3501.18680767,1195.24257419,818.011658558,10145.332532,2863.8492993,11281.8720195,17809.1413562,9.47054739669,9.47054739669,14574.6285734,11410.4226174,1537.06082202,NA,NA,NA,"Bosque Ripario",NA,NA,NA,NA,NA,NA,NA,"Kale",11281.8720195,NA,3607.36888669,7672.55226932,NA,NA,NA,NA,NA
"123","ANH_398","Simpson diversity",5.556,9.2,5.829,5.556,20.624,"VES",0.47009735744089,"7°21' 26,640"" N","73°44' 32,460"" W",7.3574,-73.74235,"Herpetos","PE","Bosque ripario",3501.18680767,1195.24257419,818.011658558,10145.332532,2863.8492993,11281.8720195,17809.1413562,9.47054739669,9.47054739669,14574.6285734,11410.4226174,1537.06082202,NA,NA,NA,"Bosque Ripario",NA,NA,NA,NA,NA,NA,NA,"Kale",11281.8720195,NA,3607.36888669,7672.55226932,NA,NA,NA,NA,NA
"124","ANH_82","Species richness",6,15.375,12.945,7.238,76.995,"VES",0.910987482614743,"7°24' 46,940"" N","73°50' 4,740"" W",7.41303900024,-73.83465,"Herpetos","T","Bosque ripario",6064.94201733,1100.57427174,2671.68573207,2671.68573207,8539.45971072,3656.64062008,16375.8351116,0,0,4776.50219875,6104.58562563,4021.82697019,"RVCa","Bosque Ripario",NA,"Bosque Ripario",NA,NA,NA,NA,NA,NA,9.31710564999,"Kale",3656.64062008,0,5977.99618082,3022.81786139,NA,NA,NA,12,NA
"125","ANH_82","Shannon diversity",5.742,15.993,7.58,5.742,30.849,"VES",0.910987482614743,"7°24' 46,940"" N","73°50' 4,740"" W",7.41303900024,-73.83465,"Herpetos","T","Bosque ripario",6064.94201733,1100.57427174,2671.68573207,2671.68573207,8539.45971072,3656.64062008,16375.8351116,0,0,4776.50219875,6104.58562563,4021.82697019,"RVCa","Bosque Ripario",NA,"Bosque Ripario",NA,NA,NA,NA,NA,NA,9.31710564999,"Kale",3656.64062008,0,5977.99618082,3022.81786139,NA,NA,NA,12,NA
"126","ANH_82","Simpson diversity",5.444,16,6.517,5.444,28.773,"VES",0.910987482614743,"7°24' 46,940"" N","73°50' 4,740"" W",7.41303900024,-73.83465,"Herpetos","T","Bosque ripario",6064.94201733,1100.57427174,2671.68573207,2671.68573207,8539.45971072,3656.64062008,16375.8351116,0,0,4776.50219875,6104.58562563,4021.82697019,"RVCa","Bosque Ripario",NA,"Bosque Ripario",NA,NA,NA,NA,NA,NA,9.31710564999,"Kale",3656.64062008,0,5977.99618082,3022.81786139,NA,NA,NA,12,NA
