"","parentEven","richness","Shannon","Simpson","samplEff.1","shann_corr","simp_corr","parentEven.y","verbatimLa","verbatimLo","decimalLat","decimalLon","GrupoBiolo","Tipo","Dis_CP","Dis_Oleodu","Dis_Pozo","Dis_Pozact","Dis_Ferroc","Dis_Kale","Dis_Plater","DisBosque","Dis_CobNat","Dis_Cienag","Dis_MGSG","Dis_Dre345","UCSuelo","Cobertura","Tam_Parche","Plataf","Dis_PlatEf","Orden","Dis_ViaPri","Dia_ViaSec"
"1","ANH_128",33,3.20015163,0.94617284,1,3.20015163,0.94617284,"ANH_128","7°19' 31,102"" N","73°42' 56,649"" W",7.32530605467,-73.7157358468,"Unidad Muestral","OE",2151.63861056,179.782790227,3793.75383002,5695.75471078,1110.8283978,14732.9221746,18967.7586619,0,0,12626.5146732,7500.37168615,3626.42288584,"LVBe3","Bosque Ripario",740.917316393,"Caracterizacion",14732.9221746,0,1250.6437865,5675.65736857
"2","ANH_154",21,2.8962936,0.93761815,1,2.8962936,0.93761815,"ANH_154","7°22' 55,213"" N","73°43' 49,796"" W",7.38200374052,-73.7304989852,"Unidad Muestral","OE",5707.68185688,630.923830548,3141.29649561,12163.9146673,2615.03937952,12584.152642,20427.9896691,0,0,6730.35157964,13879.1689562,1760.19133592,"LVCb2","Bosque Ripario",66.8118485261,"Caracterizacion",12584.152642,0,6344.21715567,6708.39722987
"3","ANH_169",44,3.44516539,0.95626667,1,3.44516539,0.95626667,"ANH_169","7°24' 17,808"" N","73°51' 51,846"" W",7.40494656747,-73.8644016177,"Unidad Muestral","OE",3008.6006518,344.82821215,1254.44457271,1254.44457271,7738.55098229,2615.44791641,14821.616022,67.6693111242,67.6693111242,5251.1625434,3143.07907235,1696.90185098,"RVAa","Vegetacion Secundaria",12.5783041534,"Kale",2615.44791641,0,2894.09970279,4673.48726668
"4","ANH_185",40,3.34800831,0.9545516,1,3.34800831,0.9545516,"ANH_185","7°13' 53,838"" N","73°49' 51,196"" W",7.23162158044,-73.8308878681,"Unidad Muestral","OE",1369.29339055,261.955887974,3141.23325334,3506.74083286,4253.43907342,14306.8167844,5857.08118083,122.231646732,122.231646732,8186.57181895,147.716199116,7518.14009957,"PVAa","Pastos",21.2723623644,"Platero",5857.08118083,0,293.352964141,575.667411528
"5","ANH_189",7,1.82387332,0.82352941,1,1.82387332,0.82352941,"ANH_189","7°18' 13,776"" N","73°42' 12,316"" W",7.30382674324,-73.7034211482,"Unidad Muestral","OE",1421.52135387,2181.17836061,1228.08907513,3043.98993982,3814.56531264,16780.7846653,19701.0083926,0,0,15350.7908453,5146.2383441,2346.37321103,"LVBe3","Bosque Denso",215.82601981,"Caracterizacion",16780.7846653,0,1000.68761787,3053.76219255
"6","ANH_189",7,1.82387332,0.82352941,1,1.82387332,0.82352941,"ANH_189","7°18' 17,000"" N","73°42' 13,900"" W",7.30472222246,-73.7038611111,"Camaras","PE",1528.39285465,2280.05000501,1314.12400049,3150.12591481,3704.43815614,16698.9998067,19671.3416335,0,0,15241.7946314,5251.15141019,2413.15579596,"LVBe3","Bosque Denso",215.82601981,"Caracterizacion",16698.9998067,0,959.369646156,3160.46946298
"7","ANH_189",1,0,0,1,0,0,"ANH_189","7°18' 13,776"" N","73°42' 12,316"" W",7.30382674324,-73.7034211482,"Unidad Muestral","OE",1421.52135387,2181.17836061,1228.08907513,3043.98993982,3814.56531264,16780.7846653,19701.0083926,0,0,15350.7908453,5146.2383441,2346.37321103,"LVBe3","Bosque Denso",215.82601981,"Caracterizacion",16780.7846653,0,1000.68761787,3053.76219255
"8","ANH_189",1,0,0,1,0,0,"ANH_189","7°18' 17,000"" N","73°42' 13,900"" W",7.30472222246,-73.7038611111,"Camaras","PE",1528.39285465,2280.05000501,1314.12400049,3150.12591481,3704.43815614,16698.9998067,19671.3416335,0,0,15241.7946314,5251.15141019,2413.15579596,"LVBe3","Bosque Denso",215.82601981,"Caracterizacion",16698.9998067,0,959.369646156,3160.46946298
"9","ANH_189",2,0.28683598,0.15277778,1,0.28683598,0.15277778,"ANH_189","7°18' 13,776"" N","73°42' 12,316"" W",7.30382674324,-73.7034211482,"Unidad Muestral","OE",1421.52135387,2181.17836061,1228.08907513,3043.98993982,3814.56531264,16780.7846653,19701.0083926,0,0,15350.7908453,5146.2383441,2346.37321103,"LVBe3","Bosque Denso",215.82601981,"Caracterizacion",16780.7846653,0,1000.68761787,3053.76219255
"10","ANH_189",2,0.28683598,0.15277778,1,0.28683598,0.15277778,"ANH_189","7°18' 17,000"" N","73°42' 13,900"" W",7.30472222246,-73.7038611111,"Camaras","PE",1528.39285465,2280.05000501,1314.12400049,3150.12591481,3704.43815614,16698.9998067,19671.3416335,0,0,15241.7946314,5251.15141019,2413.15579596,"LVBe3","Bosque Denso",215.82601981,"Caracterizacion",16698.9998067,0,959.369646156,3160.46946298
"11","ANH_191",43,3.28960582,0.94672903,1,3.28960582,0.94672903,"ANH_191","7°27' 39,092"" N","73°51' 31,272"" W",7.46085876372,-73.8586867642,"Unidad Muestral","OE",7415.97928794,457.166098863,974.816184056,974.816184056,13614.7814446,8784.76062213,21037.1521322,0,0,7118.32206393,4466.56046422,1367.26096442,"RVEa","Bosque Abierto",198.695405695,"Kale",8784.76062213,0,444.74058344,8631.02406434
"12","ANH_192",54,1.9777262,0.62327583,1,1.9777262,0.62327583,"ANH_192","7°26' 45,000"" N","73°52' 2,500"" W",7.44583333358,-73.8673611111,"Camaras","PE",5498.30849009,1877.93425303,2244.03370737,2244.03370737,11730.6093229,7148.387597,19298.7979624,88.4132487013,88.4132487013,7718.67189694,3174.91927726,660.852266602,"RVEa","Pastos",70.5645698221,"Kale",7148.387597,0,2030.53455386,8086.27041861
"13","ANH_192",54,1.9777262,0.62327583,1,1.9777262,0.62327583,"ANH_192","7°26' 48,051"" N","73°51' 58,233"" W",7.44668087215,-73.8661757302,"Unidad Muestral","OE",5644.18581636,1981.27643735,2144.15740489,2144.15740489,11861.1578405,7232.34363938,19401.3683985,0,0,7597.65648414,3311.67545257,555.989847517,"RVEa","Bosque Abierto",198.695405695,"Kale",7232.34363938,0,2030.94470746,8047.8782146
"14","ANH_197",57,3.52365865,0.95613904,1,3.52365865,0.95613904,"ANH_197","7°25' 4,300"" N","73°51' 30,800"" W",7.41786111135,-73.8585555556,"Camaras","PE",4023.66166586,1078.83448181,2217.18327176,2217.18327176,9296.17221899,4029.46963715,16318.5379209,0,0,6815.1943943,3421.66193706,1421.57381339,"RVCa","Bosque Abierto",103.050667928,"Kale",4029.46963715,0,3300.78448516,5195.80502476
"15","ANH_197",57,3.52365865,0.95613904,1,3.52365865,0.95613904,"ANH_197","7°25' 2,243"" N","73°51' 41,459"" W",7.41728983444,-73.8615164703,"Unidad Muestral","OE",3701.92527837,838.354312138,2256.57732245,2256.57732245,9080.92060996,3967.20185668,16214.0090388,0,0,6601.45563609,3102.8763716,1145.59320132,"RVCa","Bosque Abierto",103.050667928,"Kale",3967.20185668,0,2979.08904943,5354.57818348
"16","ANH_208",13,2.25089315,0.86653517,1,2.25089315,0.86653517,"ANH_208","7°20' 52,700"" N","73°49' 58,100"" W",7.34797222246,-73.8328055556,"Camaras","PE",1980.01303651,704.051744886,5959.48704099,5959.48704099,2254.02240935,1874.74854151,9850.9839398,344.04046881,344.04046881,4614.48656343,7762.18690722,1649.58305887,"PVCb2","Palma",192.76476812,"Kale",1874.74854151,0,2353.13770905,728.522826001
"17","ANH_208",13,2.25089315,0.86653517,1,2.25089315,0.86653517,"ANH_208","7°20' 54,155"" N","73°49' 59,138"" W",7.34837652658,-73.8330938643,"Unidad Muestral","OE",2009.97375067,662.5525456,5905.13606895,5905.13606895,2296.83236485,1820.41683902,9872.94180946,346.409943482,346.409943482,4577.58403029,7724.89772381,1685.64653943,"PVCb2","Palma",192.76476812,"Kale",1820.41683902,0,2392.12531733,682.156427487
"18","ANH_211",13,2.37164063,0.89163237,1,2.37164063,0.89163237,"ANH_211","7°22' 51,700"" N","73°48' 5,200"" W",7.38102777802,-73.8014444444,"Camaras","PE",4888.15484722,3931.78475366,6097.69458687,6097.69458687,3443.6522869,4751.33738976,14809.1944015,119.051375255,119.051375255,4418.56716031,10551.6718941,1227.78070352,"PVAa","Palma",34.4873853707,"Kale",4751.33738976,0,6321.07954662,1872.69201169
"19","ANH_211",13,2.37164063,0.89163237,1,2.37164063,0.89163237,"ANH_211","7°22' 50,385"" N","73°48' 3,827"" W",7.38066242717,-73.8010631694,"Unidad Muestral","OE",4902.36029051,3989.41349139,6150.41204246,6150.41204246,3385.32188337,4793.45688935,14800.6380944,164.270883888,164.270883888,4440.80846283,10599.1812669,1176.54862823,"PVCb2","Palma",34.4873853707,"Kale",4793.45688935,0,6272.92319179,1930.50624485
"20","ANH_213",13,2.15119359,0.83558793,1,2.15119359,0.83558793,"ANH_213","7°21' 14,900"" N","73°47' 19,100"" W",7.35413888913,-73.7886388889,"Camaras","PE",3198.09409998,2595.36124038,4818.20750453,8706.17435802,590.858563596,6203.83435782,13507.2258961,66.3506823433,66.3506823433,7040.33810808,12097.7459743,460.021531549,"PVCb2","Palma",48.7429855242,"Kale",6203.83435782,0,3211.16509548,4926.95361368
"21","ANH_213",13,2.15119359,0.83558793,1,2.15119359,0.83558793,"ANH_213","7°21' 14,439"" N","73°47' 21,086"" W",7.35401072356,-73.7891905294,"Unidad Muestral","OE",3204.11755637,2557.84072315,4838.37341276,8663.87576728,629.933679015,6144.87783022,13452.7469077,127.191082802,127.191082802,7058.13448691,12090.0633107,453.081422823,"PVCb2","Palma",48.7429855242,"Kale",6144.87783022,0,3196.36415622,4896.29344462
"22","ANH_218",19,2.4424748,0.87363039,1,2.4424748,0.87363039,"ANH_218","7°21' 29,064"" N","73°51' 29,352"" W",7.35807321053,-73.8581534393,"Unidad Muestral","OE",3361.92848048,233.438240626,4170.74043203,4170.74043203,3129.63111506,253.640360041,9821.98981748,35.1243961014,35.1243961014,1822.86894856,4858.93701925,462.609756294,"PVFa","Palma",609.783370423,"Kale",253.640360041,0,3378.74393095,2284.78580234
"23","ANH_220",12,1.97778049,0.78822314,1,1.97778049,0.78822314,"ANH_220","7°19' 12,334"" N","73°52' 23,417"" W",7.32009285305,-73.8731714844,"Unidad Muestral","OE",1023.36538091,3502.64877142,5834.46053551,5834.46053551,1195.56699271,4620.14793335,5387.93275637,1410.37893157,615.868736919,2491.44752831,4068.73164501,1670.35316871,"PVAa","Palma",674.172808638,"Platero",4620.14793335,0,609.255027091,1249.61331982
"24","ANH_221",29,3.04675703,0.93542701,1,3.04675703,0.93542701,"ANH_221","7°18' 24,200"" N","73°50' 57,200"" W",7.30672222246,-73.8492222222,"Camaras","PE",2368.95930012,2043.99116885,4767.79630032,7394.15757018,2448.72737083,5925.65485169,5072.98812183,249.780835596,249.780835596,4549.71403218,6674.36648214,942.58475744,"PVAa","Palma",855.986956246,"Platero",5072.98812183,0,2044.52145961,2433.6525491
"25","ANH_221",29,3.04675703,0.93542701,1,3.04675703,0.93542701,"ANH_221","7°18' 23,939"" N","73°51' 2,552"" W",7.3066497414,-73.8507089999,"Unidad Muestral","OE",2438.02992681,2183.88904855,4755.08800264,7279.48658122,2468.99568932,5934.82298991,4962.2455833,159.439674495,159.439674495,4387.37092537,6510.5863038,1001.70825585,"PVAa","Palma",855.986956246,"Platero",4962.2455833,0,2184.4968606,2509.45777454
"26","ANH_222",26,2.93078268,0.92824074,1,2.93078268,0.92824074,"ANH_222","7°17' 11,970"" N","73°48' 21,699"" W",7.28665829025,-73.8060275884,"Unidad Muestral","OE",2853.30957954,228.241149926,5568.19183615,5624.84620833,1990.82505585,9182.30959834,8215.75653704,280.678899214,280.678899214,9267.05493915,5035.10433846,3466.35082082,"PVAa","Palma",137.622864224,"Platero",8215.75653704,0,655.657599453,5258.92529835
"27","ANH_222",26,2.93078268,0.92824074,1,2.93078268,0.92824074,"ANH_222","7°17' 11,000"" N","73°48' 20,000"" W",7.28638888913,-73.8055555556,"Camaras","PE",2851.61199627,168.316010392,5544.84936392,5588.79514166,1942.35483593,9232.890276,8260.92011289,334.072906164,334.072906164,9322.27508875,4990.24894192,3482.29358256,"PVAa","Palma",137.622864224,"Platero",8260.92011289,0,682.342402627,5207.27415868
"28","ANH_223",21,2.84452484,0.9317602,1,2.84452484,0.9317602,"ANH_223","7°15' 46,506"" N","73°54' 17,981"" W",7.26291832472,-73.9049946459,"Unidad Muestral","OE",3681.37448462,9134.2071882,1387.6663433,1387.6663433,7848.80904965,11772.4579123,499.513531931,20.5537263758,20.5537263758,1416.2947214,1483.68315645,7998.23575581,"PVAa","Palma",140.04484974,"Platero",499.513531931,0,7167.11630702,3639.21064269
"29","ANH_223",21,2.84452484,0.9317602,1,2.84452484,0.9317602,"ANH_223","7°15' 49,000"" N","73°54' 15,500"" W",7.26361111135,-73.9043055556,"Camaras","PE",3614.47359969,9086.78833975,1361.05458583,1361.05458583,7758.75659761,11671.786742,423.44469588,127.509180486,127.509180486,1316.17439141,1586.46919769,7890.30052898,"RVBa","Palma",140.04484974,"Platero",423.44469588,0,7069.19568741,3532.00077593
"30","ANH_225",19,2.53892793,0.89771057,1,2.53892793,0.89771057,"ANH_225","7°17' 43,200"" N","73°50' 34,800"" W",7.29533333357,-73.843,"Camaras","PE",3474.98464045,2185.7356219,3618.37529919,7046.59145143,3638.48007745,7183.55071307,4748.13451404,370.367750729,370.367750729,5124.5667376,7094.13594749,2108.82521836,"PVAa","Palma",151.450709365,"Platero",4748.13451404,0,2192.17157991,3510.1259126
"31","ANH_225",19,2.53892793,0.89771057,1,2.53892793,0.89771057,"ANH_225","7°17' 42,961"" N","73°50' 35,218"" W",7.29526701876,-73.8431160795,"Unidad Muestral","OE",3483.70509429,2200.46654421,3608.08260756,7031.94204528,3646.98718237,7190.60066976,4733.39586977,367.782867071,367.782867071,5111.89916511,7091.77898244,2115.37880845,"PVAa","Palma",151.450709365,"Platero",4733.39586977,0,2206.89730667,3518.41912449
"32","ANH_226",5,1.15958881,0.56198347,1,1.15958881,0.56198347,"ANH_226","7°14' 27,000"" N","73°53' 46,700"" W",7.24083322199,-73.8963056745,"Camaras","PE",4533.22496322,7311.5621957,1802.19900698,1802.19900698,10150.1717469,13749.9220473,1458.6934908,1140.76344616,178.737706178,3425.24352903,2135.8612279,9430.24643159,"PVAa","Palma",72.7912703845,"Platero",1458.6934908,0,6733.14286114,4640.19617447
"33","ANH_226",5,1.15958881,0.56198347,1,1.15958881,0.56198347,"ANH_226","7°14' 26,911"" N","73°53' 45,019"" W",7.2408085567,-73.8958384868,"Unidad Muestral","OE",4505.58349639,7262.99035395,1798.14808538,1798.14808538,10149.0600079,13738.4884688,1461.26272475,1101.09020232,216.654846077,3424.82205332,2187.2835034,9408.13515052,"PVAa","Palma",72.7912703845,"Platero",1461.26272475,0,6681.75841121,4605.04061175
"34","ANH_227",26,2.52478545,0.85338374,1,2.52478545,0.85338374,"ANH_227","7°15' 3,000"" N","73°48' 53,700"" W",7.25083333357,-73.8149166667,"Camaras","PE",2673.29779775,699.863599198,2139.9626923,2349.72854086,3147.82172508,12535.904973,7082.26082055,852.95959392,852.95959392,8882.37443116,1652.96029846,5633.34539215,"PVAa","Palma",212.199627141,"Platero",7082.26082055,0,1055.62960399,3183.33244255
"35","ANH_227",26,2.52478545,0.85338374,1,2.52478545,0.85338374,"ANH_227","7°15' 2,144"" N","73°48' 57,317"" W",7.25059561358,-73.815921312,"Unidad Muestral","OE",2778.51997957,607.438341654,2191.57824281,2414.0765088,3254.70582897,12532.9056236,6972.8063774,743.63983828,743.63983828,8783.69139234,1630.24780835,5740.91995281,"PVAa","Palma",212.199627141,"Platero",6972.8063774,0,1167.87537712,3084.49933612
"36","ANH_228",24,2.86132821,0.92724609,1,2.86132821,0.92724609,"ANH_228","7°22' 14,930"" N","73°50' 48,573"" W",7.37081386305,-73.8468257594,"Unidad Muestral","OE",4328.63759349,312.996970125,3011.32198336,3011.32198336,4640.05199127,0,11518.1769931,0,0,3496.31296358,5808.44448903,2324.19183422,"PVAa","Bosque Ripario",13.5017406607,"Kale",0,0,4758.21356958,1068.97993329
"37","ANH_228",24,2.86132821,0.92724609,1,2.86132821,0.92724609,"ANH_228","7°22' 12,700"" N","73°50' 46,500"" W",7.37019444468,-73.84625,"Camaras","PE",4252.17959135,286.974364251,3099.64959401,3099.64959401,4575.37360186,0,11472.8346634,0,0,3519.34659554,5885.81015274,2303.15418806,"PVAa","Bosque Ripario",13.5017406607,"Kale",0,0,4693.33324761,985.046911226
"38","ANH_229",19,2.62030951,0.90567901,1,2.62030951,0.90567901,"ANH_229","7°20' 4,900"" N","73°51' 10,700"" W",7.33469444468,-73.8529722222,"Camaras","PE",1322.11828468,1229.61068662,6604.90370415,6604.90370415,612.701129765,2835.10050769,7531.0896056,0.398900379177,0.398900379177,3072.79756493,5832.60679028,145.854260641,"PVAa","Palma",118.635607611,"Kale",2835.10050769,0,737.474746614,1318.6149707
"39","ANH_229",19,2.62030951,0.90567901,1,2.62030951,0.90567901,"ANH_229","7°20' 7,582"" N","73°51' 11,913"" W",7.33543952006,-73.8533090412,"Unidad Muestral","OE",1378.40860025,1289.87593762,6521.22460315,6521.22460315,692.792120261,2752.96311986,7593.44279556,0,0,2992.99334012,5785.15771355,74.3097425206,"PVAa","Bosque Ripario",61.3915848758,"Kale",2752.96311986,0,822.706099478,1364.32309023
"40","ANH_230",24,2.71004579,0.89778259,1,2.71004579,0.89778259,"ANH_230","7°18' 32,300"" N","73°51' 35,400"" W",7.30897222246,-73.8598333333,"Camaras","PE",2804.14648705,2707.82188589,5101.52024812,6875.7075769,2293.3723837,5685.03963463,4627.70764033,0,0,3446.13027927,5553.75070045,887.806603638,"PVAa","Bosque Ripario",135.594330327,"Platero",4627.70764033,0,1826.96735878,2640.74253156
"41","ANH_230",24,2.71004579,0.89778259,1,2.71004579,0.89778259,"ANH_230","7°18' 33,455"" N","73°51' 34,106"" W",7.30929307151,-73.859473959,"Unidad Muestral","OE",2750.98389345,2654.60386461,5129.16458624,6927.14498471,2253.89087724,5649.27912163,4677.40266621,0,0,3490.55772817,5598.8643484,836.757949351,"PVAa","Bosque Ripario",135.594330327,"Platero",4677.40266621,0,1790.32472631,2689.86553398
"42","ANH_232",23,2.75854199,0.91358025,1,2.75854199,0.91358025,"ANH_232","7°17' 43,500"" N","73°52' 29,600"" W",7.2954166669,-73.8748888889,"Camaras","PE",2917.58088162,4946.1772706,4379.63145172,4745.15011772,3930.85206639,7322.4113895,2658.83904847,0,0,1604.80496393,3731.15679322,3102.47506423,"PVAa","Bosque Ripario",32.8373162882,"Platero",2658.83904847,0,3082.32043663,1001.75944126
"43","ANH_232",23,2.75854199,0.91358025,1,2.75854199,0.91358025,"ANH_232","7°17' 42,765"" N","73°52' 28,617"" W",7.29521244688,-73.8746159132,"Unidad Muestral","OE",2948.58323848,4939.45561887,4343.52564574,4738.41382644,3950.81657463,7338.8664236,2641.80993309,0,0,1636.30190706,3761.04659039,3098.33150222,"PVAa","Bosque Ripario",32.8373162882,"Platero",2641.80993309,0,3108.91433388,1039.19132844
"44","ANH_233",30,3.09540716,0.94074394,1,3.09540716,0.94074394,"ANH_233","7°17' 6,140"" N","73°50' 18,813"" W",7.28503890633,-73.8385590377,"Unidad Muestral","OE",4551.629507,2413.92150423,2746.00203357,6858.95553097,4722.43812833,8345.90061316,4692.79732655,0,0,5748.89860717,5856.27128697,3302.46796056,"PVAa","Bosque Ripario",39.6740433363,"Platero",4692.79732655,0,2424.52788173,3317.91979304
"45","ANH_233",30,3.09540716,0.94074394,1,3.09540716,0.94074394,"ANH_233","7°17' 4,800"" N","73°50' 22,200"" W",7.2846666669,-73.8395,"Camaras","PE",4604.0625298,2523.15408495,2658.61477447,6747.67629941,4778.28381387,8379.4668656,4581.22214523,0,0,5656.64059411,5854.08852915,3325.10083289,"PVAa","Bosque Ripario",39.6740433363,"Platero",4581.22214523,0,2533.64722541,3217.53123553
"46","ANH_235",16,2.68465654,0.9260355,1,2.68465654,0.9260355,"ANH_235","7°16' 7,900"" N","73°49' 37,300"" W",7.26886111135,-73.8270277778,"Camaras","PE",4665.84351675,1299.118921,2730.65210085,4721.42539208,4516.21981473,10291.5785616,5729.96178465,0,0,7160.32743085,3776.6335889,5377.81522204,"PVAa","Bosque Ripario",86.2216461436,"Platero",5729.96178465,0,2029.6952495,3195.87138521
"47","ANH_235",16,2.68465654,0.9260355,1,2.68465654,0.9260355,"ANH_235","7°16' 6,958"" N","73°49' 39,469"" W",7.26859940793,-73.8276303587,"Unidad Muestral","OE",4661.01166351,1349.50923895,2659.54080529,4742.70032356,4585.59457946,10307.784494,5663.52778679,0,0,7097.08853017,3763.73454584,5381.91951528,"PVAa","Bosque Ripario",86.2216461436,"Platero",5663.52778679,0,2097.07527578,3123.92168963
"48","ANH_236",27,2.88655695,0.91965106,1,2.88655695,0.91965106,"ANH_236","7°14' 39,600"" N","73°52' 6,500"" W",7.24433333357,-73.8684722222,"Camaras","PE",2840.80632129,4632.26745547,531.47941586,3139.76523883,8551.20683585,12854.5187315,1574.71938675,46.5601380856,46.5601380856,4091.99678721,3368.22511994,8027.61048715,"PVAa","Palma",63.7099560844,"Platero",1574.71938675,0,3855.65230411,2093.91819672
"49","ANH_236",27,2.88655695,0.91965106,1,2.88655695,0.91965106,"ANH_236","7°14' 43,100"" N","73°52' 6,930"" W",7.24530557335,-73.8685917064,"Unidad Muestral","OE",2916.94958458,4686.36700274,559.679279531,3081.462744,8634.16323471,12747.8848769,1493.8893514,0,0,4003.9950229,3460.45591382,7924.21196927,"PVAa","Bosque Ripario",45.7606127029,"Platero",1493.8893514,0,3909.22585702,2035.02150305
"50","ANH_238",32,2.9051977,0.89816145,1,2.9051977,0.89816145,"ANH_238","7°20' 53,461"" N","73°49' 13,658"" W",7.34818360919,-73.8204606132,"Unidad Muestral","OE",2754.46332826,0.310736637539,6664.02982809,6664.02982809,2486.90193759,2970.95997637,10638.2685329,0,0,5967.38061602,9112.73858391,1999.48389318,"PVCb2","Bosque Ripario",68.9071628004,"Kale",2970.95997637,0,2821.46841411,1981.6977542
"51","ANH_238",32,2.9051977,0.89816145,1,2.9051977,0.89816145,"ANH_238","7°20' 54,200"" N","73°49' 14,100"" W",7.34838888913,-73.8205833333,"Camaras","PE",2766.04367025,6.15763295145,6637.62233695,6637.62233695,2504.14481286,2948.67792241,10648.1237132,0,0,5951.85856097,9096.8283528,2013.71537504,"PVCb2","Bosque Ripario",68.9071628004,"Kale",2948.67792241,0,2837.39453809,1960.57460899
"52","ANH_239",28,2.72943091,0.89586133,1,2.72943091,0.89586133,"ANH_239","7°21' 29,701"" N","73°49' 39,509"" W",7.35825031491,-73.8276414983,"Unidad Muestral","OE",3248.01294544,243.506182133,5298.14571024,5298.14571024,3434.89121689,1873.73252954,11119.219907,0,0,5176.31305873,8223.21493736,2863.28880317,"PVCb2","Bosque Ripario",68.9071628004,"Kale",1873.73252954,0,3589.06561141,1026.40088499
"53","ANH_239",28,2.72943091,0.89586133,1,2.72943091,0.89586133,"ANH_239","7°21' 28,300"" N","73°49' 42,000"" W",7.35786111135,-73.8283333333,"Camaras","PE",3178.79604619,162.296748782,5293.15766927,5293.15766927,3383.5151737,1803.77209731,11043.3700922,0,0,5097.5328211,8148.48107387,2812.42612993,"PVCb2","Bosque Ripario",68.9071628004,"Kale",1803.77209731,0,3527.54635661,947.81061187
"54","ANH_240",17,2.63190907,0.91522491,1,2.63190907,0.91522491,"ANH_240","7°23' 41,622"" N","73°48' 27,798"" W",7.39489489169,-73.8077215898,"Unidad Muestral","OE",4128.84602956,2291.88443202,5109.728914,5109.728914,5054.91598789,4321.48004896,15727.9355456,0,0,3415.48823377,9456.33790736,1840.98926531,"PVCb2","Bosque Ripario",71.8131727053,"Kale",4321.48004896,0,7973.07735985,548.696239275
"55","ANH_240",17,2.63190907,0.91522491,1,2.63190907,0.91522491,"ANH_240","7°23' 42,100"" N","73°48' 27,800"" W",7.39502777802,-73.8077222222,"Camaras","PE",4119.18168627,2280.23236677,5108.57567386,5108.57567386,5066.53536764,4326.48706357,15740.6315266,0,0,3403.02303598,9451.94076908,1828.99251491,"PVCb2","Bosque Ripario",71.8131727053,"Kale",4326.48706357,0,7987.32164663,541.781793222
"56","ANH_240",2,0.41011632,0.24489796,1,0.41011632,0.24489796,"ANH_240","7°23' 41,622"" N","73°48' 27,798"" W",7.39489489169,-73.8077215898,"Unidad Muestral","OE",4128.84602956,2291.88443202,5109.728914,5109.728914,5054.91598789,4321.48004896,15727.9355456,0,0,3415.48823377,9456.33790736,1840.98926531,"PVCb2","Bosque Ripario",71.8131727053,"Kale",4321.48004896,0,7973.07735985,548.696239275
"57","ANH_240",2,0.41011632,0.24489796,1,0.41011632,0.24489796,"ANH_240","7°23' 42,100"" N","73°48' 27,800"" W",7.39502777802,-73.8077222222,"Camaras","PE",4119.18168627,2280.23236677,5108.57567386,5108.57567386,5066.53536764,4326.48706357,15740.6315266,0,0,3403.02303598,9451.94076908,1828.99251491,"PVCb2","Bosque Ripario",71.8131727053,"Kale",4326.48706357,0,7987.32164663,541.781793222
"58","ANH_240",4,1.1490597,0.61728395,1,1.1490597,0.61728395,"ANH_240","7°23' 41,622"" N","73°48' 27,798"" W",7.39489489169,-73.8077215898,"Unidad Muestral","OE",4128.84602956,2291.88443202,5109.728914,5109.728914,5054.91598789,4321.48004896,15727.9355456,0,0,3415.48823377,9456.33790736,1840.98926531,"PVCb2","Bosque Ripario",71.8131727053,"Kale",4321.48004896,0,7973.07735985,548.696239275
"59","ANH_240",4,1.1490597,0.61728395,1,1.1490597,0.61728395,"ANH_240","7°23' 42,100"" N","73°48' 27,800"" W",7.39502777802,-73.8077222222,"Camaras","PE",4119.18168627,2280.23236677,5108.57567386,5108.57567386,5066.53536764,4326.48706357,15740.6315266,0,0,3403.02303598,9451.94076908,1828.99251491,"PVCb2","Bosque Ripario",71.8131727053,"Kale",4326.48706357,0,7987.32164663,541.781793222
"60","ANH_241",6,1.70455145,0.80555556,1,1.70455145,0.80555556,"ANH_241","7°22' 54,500"" N","73°48' 51,700"" W",7.3818055558,-73.8143611111,"Camaras","PE",5668.47517032,3016.11087052,4731.18700825,4731.18700825,4585.08450553,3325.46513527,14108.0248566,0,0,5024.47685893,9128.80439192,2640.88141812,"PVAa","Bosque Ripario",9.85348903275,"Kale",3325.46513527,0,6522.3965242,752.377232118
"61","ANH_241",6,1.70455145,0.80555556,1,1.70455145,0.80555556,"ANH_241","7°22' 52,466"" N","73°48' 51,921"" W",7.38124059953,-73.8144225456,"Unidad Muestral","OE",5719.26725647,3063.98174996,4749.50338295,4749.50338295,4555.09773044,3318.48456969,14050.7014624,0,0,5079.60783389,9132.08945758,2638.33556314,"PVAa","Bosque Ripario",9.85348903275,"Kale",3318.48456969,0,6461.50371215,795.419698335
"62","ANH_244",22,2.78051566,0.91346154,1,2.78051566,0.91346154,"ANH_244","7°22' 59,198"" N","73°44' 9,944"" W",7.38311048489,-73.7360956046,"Unidad Muestral","OE",6043.83095043,53.586897815,3210.45230725,12472.3246127,2043.33752849,11967.4858939,20010.7969561,0,0,6279.94244296,14083.9969376,1682.22723382,"LVBd2","Bosque Ripario",662.460780049,"Caracterizacion",11967.4858939,0,6420.65345229,6155.28956457
"63","ANH_248",19,2.62331643,0.9018595,1,2.62331643,0.9018595,"ANH_248","7°15' 37,042"" N","73°48' 49,703"" W",7.26028939207,-73.8138063989,"Unidad Muestral","OE",2925.78033106,412.669756548,2973.59115839,3097.03145098,3170.90552704,11564.7723232,7193.63243579,0,0,8744.10462864,2698.80647916,5722.46223523,"PVAa","Bosque Ripario",86.2216461436,"Platero",7193.63243579,0,606.207986219,3841.63434046
"64","ANH_248",19,2.62331643,0.9018595,1,2.62331643,0.9018595,"ANH_248","7°15' 38,500"" N","73°48' 49,100"" W",7.26069444468,-73.8136388889,"Camaras","PE",2933.2646087,412.604599001,3007.04736606,3126.31670542,3147.53473484,11527.4020301,7211.96006624,0,0,8753.88052184,2743.64722157,5717.92309955,"PVAa","Bosque Ripario",86.2216461436,"Platero",7211.96006624,0,581.566271656,3844.45762126
"65","ANH_250",26,2.86745258,0.9209178,1,2.86745258,0.9209178,"ANH_250","7°18' 22,358"" N","73°47' 30,626"" W",7.30621068893,-73.7918404417,"Unidad Muestral","OE",263.958092922,106.341817425,3113.919178,7786.1604244,132.306827416,8339.16101066,10343.6052631,0,0,10465.2780703,6891.35848025,1225.15087202,"PVAa","Bosque Ripario",18.0408152179,"Platero",8339.16101066,0,980.507516881,5856.00340154
"66","ANH_250",26,2.86745258,0.9209178,1,2.86745258,0.9209178,"ANH_250","7°18' 23,500"" N","73°47' 30,500"" W",7.30652777802,-73.7918055556,"Camaras","PE",230.759695266,121.652701772,3097.05724468,7821.43938003,114.381803662,8316.74766226,10360.1649276,0,0,10451.7943531,6926.20706805,1190.46214353,"PVAa","Bosque Ripario",18.0408152179,"Platero",8316.74766226,0,948.636083016,5845.88516954
"67","ANH_252",20,2.42099385,0.8531821,1,2.42099385,0.8531821,"ANH_252","7°17' 35,210"" N","73°45' 43,528"" W",7.29311392634,-73.7620912421,"Unidad Muestral","OE",3609.18407561,228.209086395,2150.81328908,7240.04854177,2910.31981118,11744.9384423,13114.8927637,0,0,13960.0115576,5267.94229348,628.233475771,"PVCb2","Bosque Denso",32.3578898741,"Caracterizacion",11744.9384423,0,2598.18455745,4660.68214659
"68","ANH_253",34,3.2674514,0.95252009,1,3.2674514,0.95252009,"ANH_253","7°19' 59,400"" N","73°50' 3,400"" W",7.33316666691,-73.8342777778,"Camaras","PE",570.422805813,744.141592254,7392.23488714,7392.23488714,609.989917513,3202.65606914,8394.9958427,0,0,4934.14690676,7901.14052294,28.1263652175,"PVCb2","Bosque Ripario",99.7831160149,"Kale",3202.65606914,0,720.092652635,744.998005835
"69","ANH_253",34,3.2674514,0.95252009,1,3.2674514,0.95252009,"ANH_253","7°19' 58,758"" N","73°50' 4,522"" W",7.33298846409,-73.8345894997,"Unidad Muestral","OE",530.897874732,712.393321448,7398.75829717,7398.75829717,588.33643466,3209.22200724,8358.85154785,0,0,4911.99039546,7869.71357345,0.290794128572,"PVFa","Bosque Ripario",99.7831160149,"Kale",3209.22200724,0,691.876441647,707.768331781
"70","ANH_254",25,2.6844126,0.889,1,2.6844126,0.889,"ANH_254","7°15' 20,400"" N","73°50' 26,100"" W",7.2556666669,-73.8405833333,"Camaras","PE",2830.54580762,2141.03935014,1468.0272663,5023.88199172,6027.83669646,11576.5649933,4238.49366873,853.72678678,853.72678678,6019.07234364,2944.61806862,6503.78778457,"PVAa","Palma",311.763235134,"Platero",4238.49366873,0,2563.80037708,1173.65723597
"71","ANH_254",25,2.6844126,0.889,1,2.6844126,0.889,"ANH_254","7°15' 19,292"" N","73°50' 25,593"" W",7.25535875762,-73.8404424339,"Unidad Muestral","OE",2800.6248423,2115.35157891,1501.05530904,4995.3018452,6007.63316687,11611.1826818,4254.1817729,817.391632987,817.391632987,6044.97364176,2907.39729355,6538.74605572,"PVAa","Palma",311.763235134,"Platero",4254.1817729,0,2526.60081501,1170.44702672
"72","ANH_256",18,2.4838296,0.87981859,1,2.4838296,0.87981859,"ANH_256","7°17' 41,795"" N","73°47' 0,669"" W",7.2949430146,-73.7835192164,"Unidad Muestral","OE",1764.8965244,1084.80294942,3128.5429027,6728.98441261,581.493834489,9875.38192776,10842.0539559,958.51295416,580.124754009,11692.6641164,5528.715318,1945.65905257,"PVAa","Palma",1096.10755595,"Caracterizacion",9875.38192776,0,2500.11033416,5377.97399147
"73","ANH_256",18,2.4838296,0.87981859,1,2.4838296,0.87981859,"ANH_256","7°17' 43,900"" N","73°46' 55,500"" W",7.29552777802,-73.7820833333,"Camaras","PE",1791.52942891,980.680602052,2980.08005934,6834.26850775,746.28284105,9937.44185327,11011.4475661,1031.78128823,748.612478188,11850.6021599,5575.9188377,1780.74962437,"PVAa","Palma",1096.10755595,"Caracterizacion",9937.44185327,0,2527.74472504,5422.70495716
"74","ANH_258",23,2.90283359,0.93310547,1,2.90283359,0.93310547,"ANH_258","7°16' 55,572"" N","73°45' 29,516"" W",7.28210322152,-73.7581988032,"Unidad Muestral","OE",4418.02816914,109.178441302,3346.46504457,6606.55878195,3200.9719886,12865.555913,13378.9860534,740.656939694,740.656939694,14572.0381323,4115.29196211,1357.30986246,"PVAa","Palma",834.954271967,"Caracterizacion",12865.555913,0,3884.11273843,3377.11950027
"75","ANH_272",9,1.75342655,0.78550604,1,1.75342655,0.78550604,"ANH_272","7°16' 8,563"" N","73°42' 45,753"" W",7.2690451532,-73.7127091496,"Unidad Muestral","OE",2190.51268842,33.0557934683,1574.39881349,1574.39881349,6731.4124467,17706.9011972,18354.2594914,129.876869276,129.876869276,18172.9283163,1295.37691722,1769.86718015,"PVCb2","Pastos",34.0313294509,"Caracterizacion",17706.9011972,0,1821.97683569,88.8032569021
"76","ANH_274",4,1.1490597,0.61728395,1,1.1490597,0.61728395,"ANH_274","7°24' 40,100"" N","73°47' 29,100"" W",7.41113888913,-73.7914166667,"Camaras","PE",1597.86598893,2201.5225799,7038.46855768,7038.46855768,4590.79118137,6714.81064753,18195.6424065,0,0,926.59861027,10870.5218126,611.144339251,"PVCb2","Bosque Ripario",55.5231894305,"Kale",6714.81064753,0,9024.21971796,39.6919903404
"77","ANH_274",4,1.1490597,0.61728395,1,1.1490597,0.61728395,"ANH_274","7°24' 39,691"" N","73°47' 30,024"" W",7.41102524144,-73.7916734334,"Unidad Muestral","OE",1628.20805073,2181.43821636,7008.18001843,7008.18001843,4609.61330843,6683.938074,18169.9488487,0,0,951.410180426,10843.5219258,587.122360119,"PVCb2","Bosque Ripario",55.523189,"Kale",6683.938074,0,9011.745892,17.7611342178
"78","ANH_275",20,2.75337852,0.92148148,1,2.75337852,0.92148148,"ANH_275","7°23' 0,152"" N","73°49' 29,836"" W",7.38337560209,-73.8249545495,"Unidad Muestral","OE",5954.31585263,2291.34006077,3597.5264463,3597.5264463,5667.1376837,2166.02020108,13710.9608992,0,0,5579.93694886,7946.49085759,3823.18685147,"PVAa","Bosque Ripario",13.707103,"Kale",2166.02020108,0,6361.65101326,9.38015465489
"79","ANH_275",20,2.75337852,0.92148148,1,2.75337852,0.92148148,"ANH_275","7°23' 0,400"" N","73°49' 29,400"" W",7.38344444469,-73.8248333333,"Camaras","PE",5965.63504807,2289.97602467,3605.91799622,3605.91799622,5659.29587741,2180.09068995,13723.6360665,0,0,5565.37264729,7958.51096872,3811.16604258,"PVAa","Bosque Ripario",13.7071031146,"Kale",2180.09068995,0,6371.78565052,16.5271101568
"80","ANH_279",22,2.73541424,0.91041322,1,2.73541424,0.91041322,"ANH_279","7°16' 13,692"" N","73°48' 57,694"" W",7.27046987365,-73.8160262045,"Unidad Muestral","OE",3768.97883318,244.923485201,3956.63491299,4205.86762933,3289.00072278,10416.899981,6944.19872636,349.645586672,0,8356.15821923,3826.49376685,5511.15679988,"PVAa","Herbazales",84.6054235413,"Platero",6944.19872636,0,809.997037728,4340.11797809
"81","ANH_279",22,2.73541424,0.91041322,1,2.73541424,0.91041322,"ANH_279","7°16' 10,500"" N","73°48' 56,500"" W",7.26958333357,-73.8156944444,"Camaras","PE",3678.06981533,173.53476933,3975.2730052,4101.65578421,3263.60985867,10521.4313687,6981.20921988,433.823777185,0,8400.15814028,3727.50274895,5590.19405963,"PVAa","Herbazales",84.6054235413,"Platero",6981.20921988,0,776.306624395,4323.7729597
"82","ANH_280",34,3.20037457,0.94,1,3.20037457,0.94,"ANH_280","7°15' 24,300"" N","73°54' 52,000"" W",7.25675000024,-73.9144444444,"Camaras","PE",4383.354205,9842.69120906,2264.7353429,2264.7353429,8770.64024177,12834.5405387,1542.83481718,512.257524859,0,2552.56115859,269.045023416,9211.23377983,"RVAa","Herbazales",3.74291149702,"Platero",1542.83481718,0,8198.95888165,4880.93938213
"83","ANH_280",34,3.20037457,0.94,1,3.20037457,0.94,"ANH_280","7°15' 20,668"" N","73°54' 51,600"" W",7.25574112321,-73.9143334288,"Unidad Muestral","OE",4492.26512881,9787.88222163,2256.37051304,2256.37051304,8873.61498991,12928.8186825,1530.53476715,624.482788228,0,2632.56964531,253.07594539,9284.60443193,"RVBa","Herbazal",10.753411,"Platero",1530.53476715,0,8295.23434091,4940.5029367
"84","ANH_282",18,2.74222772,0.9275,1,2.74222772,0.9275,"ANH_282","7°26' 7,600"" N","73°48' 33,700"" W",7.43544444469,-73.8093611111,"Camaras","PE",3622.46017028,576.186003729,5714.96766374,6400.31488421,7750.38940927,7118.27860555,19668.4536207,63.3116865818,0,1290.36998034,8956.79457498,2227.40019645,"RVCa","Herbazales",40.4679862137,"Kale",7118.27860555,0,5787.56934634,3194.49133849
"85","ANH_282",18,2.74222772,0.9275,1,2.74222772,0.9275,"ANH_282","7°26' 8,356"" N","73°48' 26,193"" W",7.43565446293,-73.807275809,"Unidad Muestral","OE",3430.02219687,367.026735333,5884.19368455,6593.22094523,7588.11126862,7265.38551573,19780.7619915,28.7379049563,28.7379049563,1059.11508222,9187.73432727,2084.29736684,"RVCa","Palma",2.35741546657,"Kale",7265.38551573,0,5962.76113376,3063.40081364
"86","ANH_283",27,2.93454417,0.93065744,1,2.93454417,0.93065744,"ANH_283","7°24' 55,200"" N","73°50' 34,700"" W",7.41533333358,-73.8429722222,"Camaras","PE",5549.30667035,1646.31956066,2229.37285912,2229.37285912,9380.12608265,3749.3226532,16371.5712984,5.34721106024,0,5532.8967624,5161.39718652,3152.83071449,"RVCa","Herbazales",62.0580546812,"Kale",3749.3226532,0,5037.39985988,3945.35223973
"87","ANH_283",27,2.93454417,0.93065744,1,2.93454417,0.93065744,"ANH_283","7°25' 4,284"" N","73°50' 35,400"" W",7.41785677445,-73.8431665913,"Unidad Muestral","OE",5607.4555553,1913.76173321,2458.49465732,2458.49465732,9586.47689943,4027.31341962,16637.3606923,251.436617255,0,5437.9586381,5116.24193186,3073.35713334,"RVCa","Herbazales",62.0580546812,"Kale",4027.31341962,0,4997.89532156,4103.07651834
"88","ANH_289",4,1.31383403,0.72,1,1.31383403,0.72,"ANH_289","7°18' 33,533"" N","73°43' 1,452"" W",7.30931472488,-73.7170698803,"Unidad Muestral","OE",2567.514325,1384.77238141,2852.57982666,4140.50130972,2475.72313296,15156.021622,18348.3847655,0,0,14018.0490966,5736.68686481,2058.44948593,"PVBc2","Bosque Ripario",15.4867700411,"Caracterizacion",15156.021622,0,82.7717107812,4011.5789866
"89","ANH_360",22,2.86197483,0.93129227,1,2.86197483,0.93129227,"ANH_360","7°19' 11,600"" N","73°42' 38,500"" W",7.31988888913,-73.7106944444,"Camaras","PE",2743.59372419,997.590853986,2976.55420847,4956.59223065,1866.32894663,15433.4307288,19323.7678604,0,0,13438.1088668,6914.60254643,3406.84497116,"LVBe3","Bosque Ripario",740.917316393,"Caracterizacion",15433.4307288,0,1086.13653917,4972.01336111
"90","ANH_360",22,2.86197483,0.93129227,1,2.86197483,0.93129227,"ANH_360","7°19' 12,449"" N","73°42' 35,263"" W",7.32012461335,-73.7097952459,"Unidad Muestral","NE",2837.40882939,1046.28921354,2933.51998627,4956.04490484,1881.00095997,15521.0137475,19426.3976436,0,0,13475.7949098,6947.54458813,3489.05311784,"LVBe3","Bosque Ripario",740.917316393,"Caracterizacion",15521.0137475,0,1172.5452164,4970.22301123
"91","ANH_361",24,2.96951616,0.93813481,1,2.96951616,0.93813481,"ANH_361","7°25' 38,479"" N","73°49' 7,162"" W",7.42735518303,-73.8186560225,"Unidad Muestral","NE",4313.25047457,1243.81532111,5039.39991536,5039.39991536,8090.92233495,5821.0961239,18453.8082006,0,0,2537.88599382,7832.66645472,2592.9065776,"PVAb2","Bosque Ripario",218.109366834,"Kale",5821.0961239,0,5621.2865807,3202.61462639
"92","ANH_361",24,2.96951616,0.93813481,1,2.96951616,0.93813481,"ANH_361","7°25' 44,400"" N","73°49' 5,800"" W",7.42900000024,-73.8182777778,"Camaras","PE",4308.60177058,1265.32585598,5188.58862608,5188.58862608,8146.75830509,6000.37287166,18638.5540668,0,0,2428.45054831,7889.14148951,2627.74261386,"PVAb2","Bosque Ripario",218.109366834,"Kale",6000.37287166,0,5517.50931662,3349.06835917
"93","ANH_74",15,2.21583199,0.82879819,1,2.21583199,0.82879819,"ANH_74","7°23' 6,060"" N","73°48' 32,875"" W",7.38501663288,-73.8091318159,"Unidad Muestral","OE",5020.17640854,3067.39391995,5155.54240603,5155.54240603,4360.90501744,3922.29124945,14709.6323892,0,0,4410.33874648,9617.01125832,2173.34031182,"PVAa","Bosque Ripario",38.2228274838,"Kale",3922.29124945,0,6967.62422541,928.208480804
"94","ANH_82",32,3.05035456,0.93594815,1,3.05035456,0.93594815,"ANH_82","7°24' 46,463"" N","73°50' 28,372"" W",7.41290648239,-73.841214312,"Unidad Muestral","OE",5675.85904095,1425.19795799,2130.64606134,2130.64606134,9055.93701174,3495.87249401,16160.20376,117.959152111,117.959152111,5483.50498744,5389.84551847,3411.60045362,"PVAa","Palma",39.2756311824,"Kale",3495.87249401,0,5261.32327276,3636.8872313
