"","parentEventID","order","observado","estimado","s.e.","LCL","UCL","Dis_Cienag","Dis_MGSG","Dis_Dre345","DisBosque","Dis_CobNat","Tam_Parche","Dis_CP","Dis_Oleodu","Dis_Pozo","Dis_Pozact","Dis_Ferroc","Dis_ViaPri","Dia_ViaSec","Plataf","CobCopr","samplEff.1"
"1","ANH_130","Species richness",7,7.995,2.225,7.072,20.72,7662.42449432,4179.3981336,1873.97616434,0,0,198.695405695,7535.17467335,133.464090212,399.271359103,399.271359103,13813.8223851,115.7157158,9192.95834191,"Kale","Bosque Abierto",0.5
"2","ANH_130","Shannon diversity",3.734,3.812,0.232,3.734,4.267,7662.42449432,4179.3981336,1873.97616434,0,0,198.695405695,7535.17467335,133.464090212,399.271359103,399.271359103,13813.8223851,115.7157158,9192.95834191,"Kale","Bosque Abierto",0.5
"3","ANH_130","Simpson diversity",2.824,2.852,0.246,2.824,3.335,7662.42449432,4179.3981336,1873.97616434,0,0,198.695405695,7535.17467335,133.464090212,399.271359103,399.271359103,13813.8223851,115.7157158,9192.95834191,"Kale","Bosque Abierto",0.5
"4","ANH_371","Species richness",17,18.122,1.765,17.126,26.998,1843.06092152,4372.81737163,6195.96499413,30.7155542884,30.7155542884,39.6740433363,4855.93635099,6371.5667867,1939.60473599,1939.60473599,7368.35344896,5908.67646059,1373.81350347,"Platero","Bosque Ripario",1
"5","ANH_371","Shannon diversity",3.861,3.963,0.296,3.861,4.543,1843.06092152,4372.81737163,6195.96499413,30.7155542884,30.7155542884,39.6740433363,4855.93635099,6371.5667867,1939.60473599,1939.60473599,7368.35344896,5908.67646059,1373.81350347,"Platero","Bosque Ripario",1
"6","ANH_371","Simpson diversity",2.363,2.372,0.151,2.363,2.667,1843.06092152,4372.81737163,6195.96499413,30.7155542884,30.7155542884,39.6740433363,4855.93635099,6371.5667867,1939.60473599,1939.60473599,7368.35344896,5908.67646059,1373.81350347,"Platero","Bosque Ripario",1
"7","ANH_110","Species richness",11,11.498,1.318,11.029,19.413,5492.74055019,3341.43186616,1802.62551194,10.2432607343,0.377995076014,2.32462719475,3258.2412738,74.4777500016,1269.32440151,1269.32440151,7989.92196241,3093.51571147,4575.43079393,"Kale","Bosque Ripario",0.5
"8","ANH_110","Shannon diversity",5.462,5.586,0.362,5.462,6.295,5492.74055019,3341.43186616,1802.62551194,10.2432607343,0.377995076014,2.32462719475,3258.2412738,74.4777500016,1269.32440151,1269.32440151,7989.92196241,3093.51571147,4575.43079393,"Kale","Bosque Ripario",0.5
"9","ANH_110","Simpson diversity",3.89,3.936,0.326,3.89,4.574,5492.74055019,3341.43186616,1802.62551194,10.2432607343,0.377995076014,2.32462719475,3258.2412738,74.4777500016,1269.32440151,1269.32440151,7989.92196241,3093.51571147,4575.43079393,"Kale","Bosque Ripario",0.5
"10","ANH_368","Species richness",14,15.116,1.758,14.125,23.96,2729.85095313,5689.23419082,93.4324920071,0,0,61.3915848758,1575.3478284,1428.21372064,6208.33777501,6208.33777501,1141.52136153,1274.37570273,1427.07644303,"Kale","Bosque Ripario",0.5
"11","ANH_368","Shannon diversity",6.422,6.818,0.59,6.422,7.975,2729.85095313,5689.23419082,93.4324920071,0,0,61.3915848758,1575.3478284,1428.21372064,6208.33777501,6208.33777501,1141.52136153,1274.37570273,1427.07644303,"Kale","Bosque Ripario",0.5
"12","ANH_368","Simpson diversity",4.503,4.628,0.44,4.503,5.491,2729.85095313,5689.23419082,93.4324920071,0,0,61.3915848758,1575.3478284,1428.21372064,6208.33777501,6208.33777501,1141.52136153,1274.37570273,1427.07644303,"Kale","Bosque Ripario",0.5
"13","ANH_144","Species richness",8,8,0.525,8,9.52,2219.12042092,2847.89452658,8054.19517242,552.566404312,0,32.9593032451,5274.33862912,7201.43962949,676.420851186,676.420851186,8871.0935591,6429.16526773,3332.19291415,"Platero","Herbazal",0.5
"14","ANH_144","Shannon diversity",4.079,4.199,0.361,4.079,4.908,2219.12042092,2847.89452658,8054.19517242,552.566404312,0,32.9593032451,5274.33862912,7201.43962949,676.420851186,676.420851186,8871.0935591,6429.16526773,3332.19291415,"Platero","Herbazal",0.5
"15","ANH_144","Simpson diversity",2.798,2.839,0.313,2.798,3.452,2219.12042092,2847.89452658,8054.19517242,552.566404312,0,32.9593032451,5274.33862912,7201.43962949,676.420851186,676.420851186,8871.0935591,6429.16526773,3332.19291415,"Platero","Herbazal",0.5
"16","ANH_112","Species richness",14,14.166,0.533,14.008,17.519,2947.09730655,5775.1310261,32.3766510733,0,0,61.3915848758,1400.95931847,1316.71792944,6468.68738409,6468.68738409,770.028384384,899.641733784,1372.13229726,"Kale","Bosque Ripario",0.5
"17","ANH_112","Shannon diversity",6.531,6.809,0.693,6.531,8.166,2947.09730655,5775.1310261,32.3766510733,0,0,61.3915848758,1400.95931847,1316.71792944,6468.68738409,6468.68738409,770.028384384,899.641733784,1372.13229726,"Kale","Bosque Ripario",0.5
"18","ANH_112","Simpson diversity",3.74,3.803,0.481,3.74,4.746,2947.09730655,5775.1310261,32.3766510733,0,0,61.3915848758,1400.95931847,1316.71792944,6468.68738409,6468.68738409,770.028384384,899.641733784,1372.13229726,"Kale","Bosque Ripario",0.5
"19","ANH_115","Species richness",5,5.984,2.166,5.073,18.306,7067.62801339,7642.86674444,2311.0768736,0,0,22.3923333945,2561.59474968,53.6861140587,5303.42932065,8079.05005578,2226.84841013,61.2336416602,2987.59380117,"Platero","Bosque Ripario",0.5
"20","ANH_115","Shannon diversity",1.962,2.058,0.265,1.962,2.577,7067.62801339,7642.86674444,2311.0768736,0,0,22.3923333945,2561.59474968,53.6861140587,5303.42932065,8079.05005578,2226.84841013,61.2336416602,2987.59380117,"Platero","Bosque Ripario",0.5
"21","ANH_115","Simpson diversity",1.461,1.472,0.172,1.461,1.809,7067.62801339,7642.86674444,2311.0768736,0,0,22.3923333945,2561.59474968,53.6861140587,5303.42932065,8079.05005578,2226.84841013,61.2336416602,2987.59380117,"Platero","Bosque Ripario",0.5
"22","ANH_120","Species richness",8,13.838,6.917,8.931,44.596,5362.30896689,4443.04154536,3014.80857825,0,0,0.598963687928,4182.07934311,351.960456553,98.4295645032,98.4295645032,7708.02808744,4174.6220021,3354.78179208,"Kale","Herbazal",0.5
"23","ANH_120","Shannon diversity",4.315,5.205,1.155,4.315,7.469,5362.30896689,4443.04154536,3014.80857825,0,0,0.598963687928,4182.07934311,351.960456553,98.4295645032,98.4295645032,7708.02808744,4174.6220021,3354.78179208,"Kale","Herbazal",0.5
"24","ANH_120","Simpson diversity",2.944,3.112,0.668,2.944,4.421,5362.30896689,4443.04154536,3014.80857825,0,0,0.598963687928,4182.07934311,351.960456553,98.4295645032,98.4295645032,7708.02808744,4174.6220021,3354.78179208,"Kale","Herbazal",0.5
"25","ANH_374","Species richness",11,12.121,1.764,11.126,20.994,15269.6498865,5043.16329707,2051.04835969,9.24729242185,9.24729242185,14.3116499417,1375.87996214,2033.43565156,1536.47039986,2981.8802144,3747.57255063,622.418187418,2999.66115488,"Caracterizacion","Bosque Denso",0.5
"26","ANH_374","Shannon diversity",2.788,2.847,0.18,2.788,3.2,15269.6498865,5043.16329707,2051.04835969,9.24729242185,9.24729242185,14.3116499417,1375.87996214,2033.43565156,1536.47039986,2981.8802144,3747.57255063,622.418187418,2999.66115488,"Caracterizacion","Bosque Denso",0.5
"27","ANH_374","Simpson diversity",2.088,2.096,0.114,2.088,2.319,15269.6498865,5043.16329707,2051.04835969,9.24729242185,9.24729242185,14.3116499417,1375.87996214,2033.43565156,1536.47039986,2981.8802144,3747.57255063,622.418187418,2999.66115488,"Caracterizacion","Bosque Denso",0.5
"28","ANH_391","Species richness",13,22.982,10.203,14.903,65.373,15401.0365961,4797.31409519,1795.80812033,7.07870015647,7.07870015647,14.3116499417,1203.41754109,1805.95960498,1452.30039472,2802.29667839,3865.82877521,426.430359367,2799.5910993,"Caracterizacion","Pastos",0.5
"29","ANH_391","Shannon diversity",2.564,2.615,0.157,2.564,2.922,15401.0365961,4797.31409519,1795.80812033,7.07870015647,7.07870015647,14.3116499417,1203.41754109,1805.95960498,1452.30039472,2802.29667839,3865.82877521,426.430359367,2799.5910993,"Caracterizacion","Pastos",0.5
"30","ANH_391","Simpson diversity",1.64,1.641,0.072,1.64,1.783,15401.0365961,4797.31409519,1795.80812033,7.07870015647,7.07870015647,14.3116499417,1203.41754109,1805.95960498,1452.30039472,2802.29667839,3865.82877521,426.430359367,2799.5910993,"Caracterizacion","Pastos",0.5
"31","ANH_136","Species richness",7,7.976,2.187,7.071,20.487,3519.71643527,3918.08655039,7830.37668337,0,0,45.7606127029,3439.10903788,5226.22472141,1096.25815597,2542.11125603,9140.86710557,4449.04692583,2262.79724728,"Platero","Bosque Ripario",0.5
"32","ANH_136","Shannon diversity",3.719,4.097,0.673,3.719,5.415,3519.71643527,3918.08655039,7830.37668337,0,0,45.7606127029,3439.10903788,5226.22472141,1096.25815597,2542.11125603,9140.86710557,4449.04692583,2262.79724728,"Platero","Bosque Ripario",0.5
"33","ANH_136","Simpson diversity",2.476,2.571,0.534,2.476,3.618,3519.71643527,3918.08655039,7830.37668337,0,0,45.7606127029,3439.10903788,5226.22472141,1096.25815597,2542.11125603,9140.86710557,4449.04692583,2262.79724728,"Platero","Bosque Ripario",0.5
"34","ANH_142","Species richness",16,19.981,5.268,16.554,44.595,11164.8874488,7894.17095092,30.3195804972,0,0,664.464997752,712.004767372,321.277878317,1448.76838204,9187.73879096,885.93568311,636.338589231,6907.38779167,"Caracterizacion","Bosque Ripario",0.5
"35","ANH_142","Shannon diversity",4.531,4.762,0.493,4.531,5.728,11164.8874488,7894.17095092,30.3195804972,0,0,664.464997752,712.004767372,321.277878317,1448.76838204,9187.73879096,885.93568311,636.338589231,6907.38779167,"Caracterizacion","Bosque Ripario",0.5
"36","ANH_142","Simpson diversity",2.326,2.34,0.21,2.326,2.751,11164.8874488,7894.17095092,30.3195804972,0,0,664.464997752,712.004767372,321.277878317,1448.76838204,9187.73879096,885.93568311,636.338589231,6907.38779167,"Caracterizacion","Bosque Ripario",0.5
"37","ANH_118","Species richness",5,5.493,1.308,5.029,13.349,4619.23581323,4157.51414291,2608.94056515,693.621580326,23.8041668133,27.5701937781,3778.92229983,1040.52527417,219.060489356,219.060489356,7071.29573852,3902.47316071,3449.10054815,"Kale","Herbazal",0.5
"38","ANH_118","Shannon diversity",1.869,1.932,0.258,1.869,2.438,4619.23581323,4157.51414291,2608.94056515,693.621580326,23.8041668133,27.5701937781,3778.92229983,1040.52527417,219.060489356,219.060489356,7071.29573852,3902.47316071,3449.10054815,"Kale","Herbazal",0.5
"39","ANH_118","Simpson diversity",1.393,1.4,0.138,1.393,1.671,4619.23581323,4157.51414291,2608.94056515,693.621580326,23.8041668133,27.5701937781,3778.92229983,1040.52527417,219.060489356,219.060489356,7071.29573852,3902.47316071,3449.10054815,"Kale","Herbazal",0.5
"40","ANH_365","Species richness",8,10.969,4.419,8.357,32.69,1252.26637029,10830.5067878,640.85987812,0,0,55.5231894305,1863.87276874,2295.41625677,6904.70571563,6904.70571563,4512.23449541,9191.13484621,82.3485781298,"Kale","Bosque Ripario",0.5
"41","ANH_365","Shannon diversity",3.535,3.742,0.368,3.535,4.464,1252.26637029,10830.5067878,640.85987812,0,0,55.5231894305,1863.87276874,2295.41625677,6904.70571563,6904.70571563,4512.23449541,9191.13484621,82.3485781298,"Kale","Bosque Ripario",0.5
"42","ANH_365","Simpson diversity",2.652,2.698,0.261,2.652,3.208,1252.26637029,10830.5067878,640.85987812,0,0,55.5231894305,1863.87276874,2295.41625677,6904.70571563,6904.70571563,4512.23449541,9191.13484621,82.3485781298,"Kale","Bosque Ripario",0.5
"43","ANH_131","Species richness",11,12.489,2.276,11.173,23.804,1469.80581741,1666.92018194,7959.82087772,0,0,12.8940759543,3910.72556154,8813.96473151,1056.84261934,1056.84261934,7989.0702231,7261.86704279,3558.96486117,"Platero","Bosque Ripario",0.5
"44","ANH_131","Shannon diversity",4.456,4.682,0.447,4.456,5.559,1469.80581741,1666.92018194,7959.82087772,0,0,12.8940759543,3910.72556154,8813.96473151,1056.84261934,1056.84261934,7989.0702231,7261.86704279,3558.96486117,"Platero","Bosque Ripario",0.5
"45","ANH_131","Simpson diversity",3.173,3.227,0.29,3.173,3.795,1469.80581741,1666.92018194,7959.82087772,0,0,12.8940759543,3910.72556154,8813.96473151,1056.84261934,1056.84261934,7989.0702231,7261.86704279,3558.96486117,"Platero","Bosque Ripario",0.5
"46","ANH_394","Species richness",15,17.07,2.492,15.324,28.233,15287.8827099,5193.85321796,2359.28240105,0,0,14.3116499417,1472.10032295,2221.70804089,1291.7899476,3093.34619982,3757.15065644,950.79649798,3103.97121972,"Caracterizacion","Bosque Denso",0.5
"47","ANH_394","Shannon diversity",4.366,4.637,0.5,4.366,5.616,15287.8827099,5193.85321796,2359.28240105,0,0,14.3116499417,1472.10032295,2221.70804089,1291.7899476,3093.34619982,3757.15065644,950.79649798,3103.97121972,"Caracterizacion","Bosque Denso",0.5
"48","ANH_394","Simpson diversity",2.599,2.627,0.269,2.599,3.153,15287.8827099,5193.85321796,2359.28240105,0,0,14.3116499417,1472.10032295,2221.70804089,1291.7899476,3093.34619982,3757.15065644,950.79649798,3103.97121972,"Caracterizacion","Bosque Denso",0.5
"49","ANH_117","Species richness",11,11.999,1.869,11.09,22.053,606.06933313,11028.6308784,774.261904227,0,0,55.5231894305,1298.49588441,2271.08154435,7272.83963289,7272.83963289,4572.68864243,8983.97611953,47.5385945421,"Kale","Bosque Ripario",0.5
"50","ANH_117","Shannon diversity",2.83,2.852,0.101,2.83,3.049,606.06933313,11028.6308784,774.261904227,0,0,55.5231894305,1298.49588441,2271.08154435,7272.83963289,7272.83963289,4572.68864243,8983.97611953,47.5385945421,"Kale","Bosque Ripario",0.5
"51","ANH_117","Simpson diversity",2.323,2.326,0.048,2.323,2.421,606.06933313,11028.6308784,774.261904227,0,0,55.5231894305,1298.49588441,2271.08154435,7272.83963289,7272.83963289,4572.68864243,8983.97611953,47.5385945421,"Kale","Bosque Ripario",0.5
"52","ANH_113","Species richness",5,5.245,0.719,5.013,9.669,1234.93243079,2409.98279271,1156.70691475,268.708952995,19.0348003521,83.8038571938,2524.63621215,218.994264264,1953.26196361,1953.26196361,3772.76027598,1958.59007239,4579.05353993,"Kale","Bosque Ripario",0.5
"53","ANH_113","Shannon diversity",1.94,2.028,0.313,1.94,2.64,1234.93243079,2409.98279271,1156.70691475,268.708952995,19.0348003521,83.8038571938,2524.63621215,218.994264264,1953.26196361,1953.26196361,3772.76027598,1958.59007239,4579.05353993,"Kale","Bosque Ripario",0.5
"54","ANH_113","Simpson diversity",1.422,1.434,0.176,1.422,1.78,1234.93243079,2409.98279271,1156.70691475,268.708952995,19.0348003521,83.8038571938,2524.63621215,218.994264264,1953.26196361,1953.26196361,3772.76027598,1958.59007239,4579.05353993,"Kale","Bosque Ripario",0.5
"55","ANH_132","Species richness",14,14,0.323,14,14.747,302.343268463,2662.0425725,5590.96575883,0,0,78.6478687443,2977.39183017,7419.54858269,2360.98035931,2360.98035931,6017.74889492,5135.08893899,1228.16533075,"Platero","Bosque Ripario",0.5
"56","ANH_132","Shannon diversity",6.665,6.804,0.44,6.665,7.666,302.343268463,2662.0425725,5590.96575883,0,0,78.6478687443,2977.39183017,7419.54858269,2360.98035931,2360.98035931,6017.74889492,5135.08893899,1228.16533075,"Platero","Bosque Ripario",0.5
"57","ANH_132","Simpson diversity",4.334,4.379,0.341,4.334,5.048,302.343268463,2662.0425725,5590.96575883,0,0,78.6478687443,2977.39183017,7419.54858269,2360.98035931,2360.98035931,6017.74889492,5135.08893899,1228.16533075,"Platero","Bosque Ripario",0.5
"58","ANH_134","Species richness",13,13.994,1.861,13.09,24.009,4012.27738979,4372.4068974,5956.51740973,0,0,86.2216461436,3692.93375659,4147.77775296,735.935856156,4046.41475493,7449.29986845,4121.86096946,92.4842888361,"Platero","Bosque Ripario",0.5
"59","ANH_134","Shannon diversity",6.316,6.593,0.6,6.316,7.769,4012.27738979,4372.4068974,5956.51740973,0,0,86.2216461436,3692.93375659,4147.77775296,735.935856156,4046.41475493,7449.29986845,4121.86096946,92.4842888361,"Platero","Bosque Ripario",0.5
"60","ANH_134","Simpson diversity",3.91,3.982,0.465,3.91,4.893,4012.27738979,4372.4068974,5956.51740973,0,0,86.2216461436,3692.93375659,4147.77775296,735.935856156,4046.41475493,7449.29986845,4121.86096946,92.4842888361,"Platero","Bosque Ripario",0.5
"61","ANH_369","Species richness",12,20.978,10.149,13.516,65.152,900.980889468,9368.51272465,2143.67987701,0.309194141466,0.309194141466,9.32914430345,3398.51719337,288.493337933,5894.18279023,6832.43007291,7576.3913364,5981.97001047,3131.59658606,"Kale","Bosque Ripario",0.5
"62","ANH_369","Shannon diversity",2.811,2.887,0.168,2.811,3.216,900.980889468,9368.51272465,2143.67987701,0.309194141466,0.309194141466,9.32914430345,3398.51719337,288.493337933,5894.18279023,6832.43007291,7576.3913364,5981.97001047,3131.59658606,"Kale","Bosque Ripario",0.5
"63","ANH_369","Simpson diversity",2.236,2.243,0.091,2.236,2.422,900.980889468,9368.51272465,2143.67987701,0.309194141466,0.309194141466,9.32914430345,3398.51719337,288.493337933,5894.18279023,6832.43007291,7576.3913364,5981.97001047,3131.59658606,"Kale","Bosque Ripario",0.5
"64","ANH_137","Species richness",12,16.458,7.129,12.49,52.552,3249.6971626,5300.74814197,2998.82116791,0,0,39.6740433363,4247.0202919,4198.63557887,3015.20865344,5104.29075125,4483.12248492,4019.63149168,1897.12466021,"Platero","Bosque Ripario",1
"65","ANH_137","Shannon diversity",6.719,7.258,0.79,6.719,8.805,3249.6971626,5300.74814197,2998.82116791,0,0,39.6740433363,4247.0202919,4198.63557887,3015.20865344,5104.29075125,4483.12248492,4019.63149168,1897.12466021,"Platero","Bosque Ripario",1
"66","ANH_137","Simpson diversity",4.434,4.584,0.695,4.434,5.946,3249.6971626,5300.74814197,2998.82116791,0,0,39.6740433363,4247.0202919,4198.63557887,3015.20865344,5104.29075125,4483.12248492,4019.63149168,1897.12466021,"Platero","Bosque Ripario",1
"67","ANH_108","Species richness",8,8,0.587,8,9.752,4169.12630645,7041.02388467,78.529061878,0,0,61.3915848758,142.744112279,75.9216051966,7149.33660161,7149.33660161,520.918865432,632.459910152,110.902419057,"Kale","Bosque Ripario",0.5
"68","ANH_108","Shannon diversity",4.325,4.507,0.455,4.325,5.399,4169.12630645,7041.02388467,78.529061878,0,0,61.3915848758,142.744112279,75.9216051966,7149.33660161,7149.33660161,520.918865432,632.459910152,110.902419057,"Kale","Bosque Ripario",0.5
"69","ANH_108","Simpson diversity",2.959,3.026,0.454,2.959,3.917,4169.12630645,7041.02388467,78.529061878,0,0,61.3915848758,142.744112279,75.9216051966,7149.33660161,7149.33660161,520.918865432,632.459910152,110.902419057,"Kale","Bosque Ripario",0.5
"70","ANH_114","Species richness",12,12.995,2.269,12.071,26.049,7772.43765711,11419.8058711,1022.10809691,0,0,183.668761621,2484.37678576,510.283718324,3529.66430737,10890.3404168,1435.17847993,2797.31039025,6658.50651281,"Caracterizacion","Bosque Ripario",0.5
"71","ANH_114","Shannon diversity",6.42,6.612,0.398,6.42,7.393,7772.43765711,11419.8058711,1022.10809691,0,0,183.668761621,2484.37678576,510.283718324,3529.66430737,10890.3404168,1435.17847993,2797.31039025,6658.50651281,"Caracterizacion","Bosque Ripario",0.5
"72","ANH_114","Simpson diversity",5.233,5.336,0.287,5.233,5.898,7772.43765711,11419.8058711,1022.10809691,0,0,183.668761621,2484.37678576,510.283718324,3529.66430737,10890.3404168,1435.17847993,2797.31039025,6658.50651281,"Caracterizacion","Bosque Ripario",0.5
"73","ANH_116","Species richness",7,11.345,6.956,7.477,46.583,715.967483857,2814.45347069,3403.43592733,0,0,21.8924435076,2119.59407948,5349.77109701,5030.96654994,5030.96654994,3356.22507881,2465.43077871,127.562087129,"Platero","Bosque Ripario",0.5
"74","ANH_116","Shannon diversity",4.579,5.554,1.197,4.579,7.9,715.967483857,2814.45347069,3403.43592733,0,0,21.8924435076,2119.59407948,5349.77109701,5030.96654994,5030.96654994,3356.22507881,2465.43077871,127.562087129,"Platero","Bosque Ripario",0.5
"75","ANH_116","Simpson diversity",3.549,3.904,0.814,3.549,5.499,715.967483857,2814.45347069,3403.43592733,0,0,21.8924435076,2119.59407948,5349.77109701,5030.96654994,5030.96654994,3356.22507881,2465.43077871,127.562087129,"Platero","Bosque Ripario",0.5
"76","ANH_125","Species richness",12,14.241,3.383,12.265,30.971,1213.52641236,9033.35868172,2173.45753099,0,0,49.5349354553,3554.85103451,503.982787208,5774.91808584,6461.00685769,7691.88442548,5849.38150085,3144.69963347,"Kale","Bosque Ripario",0.5
"77","ANH_125","Shannon diversity",3.883,4.001,0.265,3.883,4.521,1213.52641236,9033.35868172,2173.45753099,0,0,49.5349354553,3554.85103451,503.982787208,5774.91808584,6461.00685769,7691.88442548,5849.38150085,3144.69963347,"Kale","Bosque Ripario",0.5
"78","ANH_125","Simpson diversity",2.813,2.834,0.146,2.813,3.12,1213.52641236,9033.35868172,2173.45753099,0,0,49.5349354553,3554.85103451,503.982787208,5774.91808584,6461.00685769,7691.88442548,5849.38150085,3144.69963347,"Kale","Bosque Ripario",0.5
"79","ANH_133","Species richness",8,12.445,7.11,8.489,48.445,3754.24871838,5776.91882848,3870.52127352,0,0,27.8725991505,5206.14944025,4428.69791633,2031.65975464,4792.44626716,5365.3995098,4437.47530607,1498.9772529,"Platero","Bosque Ripario",0.5
"80","ANH_133","Shannon diversity",4.284,4.616,0.523,4.284,5.642,3754.24871838,5776.91882848,3870.52127352,0,0,27.8725991505,5206.14944025,4428.69791633,2031.65975464,4792.44626716,5365.3995098,4437.47530607,1498.9772529,"Platero","Bosque Ripario",0.5
"81","ANH_133","Simpson diversity",3.635,3.757,0.301,3.635,4.348,3754.24871838,5776.91882848,3870.52127352,0,0,27.8725991505,5206.14944025,4428.69791633,2031.65975464,4792.44626716,5365.3995098,4437.47530607,1498.9772529,"Platero","Bosque Ripario",0.5
"82","ANH_138","Species richness",15,17.99,4.527,15.352,40.402,2023.0996943,4599.36726538,5937.17323501,0,0,78.6478687443,4954.44724907,6147.00390552,2270.74147776,2270.74147776,7190.65001517,5786.90125696,1054.5816454,"Platero","Bosque Ripario",1
"83","ANH_138","Shannon diversity",6.036,6.226,0.388,6.036,6.986,2023.0996943,4599.36726538,5937.17323501,0,0,78.6478687443,4954.44724907,6147.00390552,2270.74147776,2270.74147776,7190.65001517,5786.90125696,1054.5816454,"Platero","Bosque Ripario",1
"84","ANH_138","Simpson diversity",4.207,4.254,0.263,4.207,4.77,2023.0996943,4599.36726538,5937.17323501,0,0,78.6478687443,4954.44724907,6147.00390552,2270.74147776,2270.74147776,7190.65001517,5786.90125696,1054.5816454,"Platero","Bosque Ripario",1
"85","ANH_147","Species richness",15,27.484,17.117,16.663,108.715,8302.58243891,3617.92239452,5734.18772127,563.299829417,0,84.6054235413,3692.18219991,229.189819958,3851.79656364,4048.94849176,3383.03377986,887.019885277,4174.37764141,"Platero","Herbazal",0.5
"86","ANH_147","Shannon diversity",5.81,5.907,0.207,5.81,6.313,8302.58243891,3617.92239452,5734.18772127,563.299829417,0,84.6054235413,3692.18219991,229.189819958,3851.79656364,4048.94849176,3383.03377986,887.019885277,4174.37764141,"Platero","Herbazal",0.5
"87","ANH_147","Simpson diversity",4.844,4.868,0.137,4.844,5.137,8302.58243891,3617.92239452,5734.18772127,563.299829417,0,84.6054235413,3692.18219991,229.189819958,3851.79656364,4048.94849176,3383.03377986,887.019885277,4174.37764141,"Platero","Herbazal",0.5
"88","ANH_370","Species richness",13,15.984,4.504,13.353,38.251,4099.89329616,6125.85574765,3245.70198161,0,0,39.6740433363,4660.60946389,3711.52851526,2525.0865867,5514.26175788,4727.64781582,3718.77362296,2250.90043765,"Platero","Bosque Ripario",1
"89","ANH_370","Shannon diversity",5.219,5.445,0.457,5.219,6.342,4099.89329616,6125.85574765,3245.70198161,0,0,39.6740433363,4660.60946389,3711.52851526,2525.0865867,5514.26175788,4727.64781582,3718.77362296,2250.90043765,"Platero","Bosque Ripario",1
"90","ANH_370","Simpson diversity",3.558,3.607,0.288,3.558,4.17,4099.89329616,6125.85574765,3245.70198161,0,0,39.6740433363,4660.60946389,3711.52851526,2525.0865867,5514.26175788,4727.64781582,3718.77362296,2250.90043765,"Platero","Bosque Ripario",1
"91","ANH_373","Species richness",5,5.241,0.71,5.013,9.614,9903.839611,8046.0207503,70.8481414912,0,0,30.9381020034,239.676678516,765.047073447,2932.01519844,8928.41680806,299.78362937,99.9727641695,5451.62386497,"Caracterizacion","Bosque Ripario",0.5
"92","ANH_373","Shannon diversity",3.361,3.648,0.645,3.361,4.912,9903.839611,8046.0207503,70.8481414912,0,0,30.9381020034,239.676678516,765.047073447,2932.01519844,8928.41680806,299.78362937,99.9727641695,5451.62386497,"Caracterizacion","Bosque Ripario",0.5
"93","ANH_373","Simpson diversity",2.813,3.007,0.473,2.813,3.935,9903.839611,8046.0207503,70.8481414912,0,0,30.9381020034,239.676678516,765.047073447,2932.01519844,8928.41680806,299.78362937,99.9727641695,5451.62386497,"Caracterizacion","Bosque Ripario",0.5
"94","ANH_135","Species richness",6,6.498,1.318,6.029,14.409,4283.8719189,3395.64494303,9359.4887215,12.1829218307,12.1829218307,6.27350340693,3234.34332956,5501.69580339,2159.49814938,2816.2293474,9025.41920683,4973.55831525,3291.60273484,"Platero","Bosque Ripario",0.5
"95","ANH_135","Shannon diversity",2.79,2.829,0.159,2.79,3.141,4283.8719189,3395.64494303,9359.4887215,12.1829218307,12.1829218307,6.27350340693,3234.34332956,5501.69580339,2159.49814938,2816.2293474,9025.41920683,4973.55831525,3291.60273484,"Platero","Bosque Ripario",0.5
"96","ANH_135","Simpson diversity",2.253,2.266,0.133,2.253,2.526,4283.8719189,3395.64494303,9359.4887215,12.1829218307,12.1829218307,6.27350340693,3234.34332956,5501.69580339,2159.49814938,2816.2293474,9025.41920683,4973.55831525,3291.60273484,"Platero","Bosque Ripario",0.5
"97","ANH_372","Species richness",6,10.359,6.979,6.479,45.708,4182.6531319,7045.3580222,69.9209283099,0,0,61.3915848758,124.312192215,60.8706352681,7173.7878619,7173.7878619,496.261135561,608.108601314,107.046376678,"Kale","Bosque Ripario",0.5
"98","ANH_372","Shannon diversity",2.97,3.481,0.786,2.97,5.022,4182.6531319,7045.3580222,69.9209283099,0,0,61.3915848758,124.312192215,60.8706352681,7173.7878619,7173.7878619,496.261135561,608.108601314,107.046376678,"Kale","Bosque Ripario",0.5
"99","ANH_372","Simpson diversity",2.116,2.195,0.428,2.116,3.034,4182.6531319,7045.3580222,69.9209283099,0,0,61.3915848758,124.312192215,60.8706352681,7173.7878619,7173.7878619,496.261135561,608.108601314,107.046376678,"Kale","Bosque Ripario",0.5
"100","ANH_109","Species richness",4,4.983,2.135,4.074,17.076,2063.52176983,1969.52412599,379.391120664,104.313443497,14.5386812815,632.865573488,2394.34198899,174.966320912,1650.16257637,1650.16257637,4544.32989632,1686.07838086,4929.5784494,"Kale","Bosque Ripario",0.5
"101","ANH_109","Shannon diversity",2.313,2.407,0.163,2.313,2.727,2063.52176983,1969.52412599,379.391120664,104.313443497,14.5386812815,632.865573488,2394.34198899,174.966320912,1650.16257637,1650.16257637,4544.32989632,1686.07838086,4929.5784494,"Kale","Bosque Ripario",0.5
"102","ANH_109","Simpson diversity",2.135,2.177,0.102,2.135,2.376,2063.52176983,1969.52412599,379.391120664,104.313443497,14.5386812815,632.865573488,2394.34198899,174.966320912,1650.16257637,1650.16257637,4544.32989632,1686.07838086,4929.5784494,"Kale","Bosque Ripario",0.5
"103","ANH_145","Species richness",4,4.944,2.058,4.071,16.617,4138.41011159,409.863606765,10559.8711783,1145.26352032,0,24.3359158825,5431.89133062,8815.2484927,2838.64304091,2838.64304091,10630.6825724,8423.18475224,5551.07951658,"Platero","Herbazal",0.428571428571429
"104","ANH_145","Shannon diversity",2.524,2.88,0.483,2.524,3.826,4138.41011159,409.863606765,10559.8711783,1145.26352032,0,24.3359158825,5431.89133062,8815.2484927,2838.64304091,2838.64304091,10630.6825724,8423.18475224,5551.07951658,"Platero","Herbazal",0.428571428571429
"105","ANH_145","Simpson diversity",2,2.125,0.506,2,3.116,4138.41011159,409.863606765,10559.8711783,1145.26352032,0,24.3359158825,5431.89133062,8815.2484927,2838.64304091,2838.64304091,10630.6825724,8423.18475224,5551.07951658,"Platero","Herbazal",0.428571428571429
"106","ANH_366","Species richness",9,11.223,3.359,9.262,27.837,7140.91207827,12079.8438471,618.778767439,0,0,183.668761621,3209.15560639,773.86219979,3432.58786772,10738.4479843,854.350385904,3399.38832351,6137.63544853,"Caracterizacion","Bosque Ripario",0.5
"107","ANH_366","Shannon diversity",4.238,4.545,0.541,4.238,5.606,7140.91207827,12079.8438471,618.778767439,0,0,183.668761621,3209.15560639,773.86219979,3432.58786772,10738.4479843,854.350385904,3399.38832351,6137.63544853,"Caracterizacion","Bosque Ripario",0.5
"108","ANH_366","Simpson diversity",3.116,3.198,0.4,3.116,3.983,7140.91207827,12079.8438471,618.778767439,0,0,183.668761621,3209.15560639,773.86219979,3432.58786772,10738.4479843,854.350385904,3399.38832351,6137.63544853,"Caracterizacion","Bosque Ripario",0.5
"109","ANH_392","Species richness",5,6.909,3.584,5.172,26.212,15300.870753,4919.61309458,1913.85002942,0,0,215.82601981,1312.63273713,1928.69097517,1542.86123271,2915.10559407,3768.86787349,477.011716792,2919.52033518,"Caracterizacion","Pastos",0.5
"110","ANH_392","Shannon diversity",3.422,3.99,0.862,3.422,5.68,15300.870753,4919.61309458,1913.85002942,0,0,215.82601981,1312.63273713,1928.69097517,1542.86123271,2915.10559407,3768.86787349,477.011716792,2919.52033518,"Caracterizacion","Pastos",0.5
"111","ANH_392","Simpson diversity",2.881,3.164,0.571,2.881,4.284,15300.870753,4919.61309458,1913.85002942,0,0,215.82601981,1312.63273713,1928.69097517,1542.86123271,2915.10559407,3768.86787349,477.011716792,2919.52033518,"Caracterizacion","Pastos",0.5
"112","ANH_121","Species richness",3,3.478,1.274,3.028,11.137,396.250745049,1220.34156716,665.874091684,125.865439258,8.0448046338,329.936133785,1741.05177204,333.373974324,1030.9861027,1030.9861027,2754.14873848,927.591008246,4850.88452208,"Kale","Herbazal",0.5
"113","ANH_121","Shannon diversity",1.6,1.706,0.336,1.6,2.365,396.250745049,1220.34156716,665.874091684,125.865439258,8.0448046338,329.936133785,1741.05177204,333.373974324,1030.9861027,1030.9861027,2754.14873848,927.591008246,4850.88452208,"Kale","Herbazal",0.5
"114","ANH_121","Simpson diversity",1.306,1.325,0.237,1.306,1.788,396.250745049,1220.34156716,665.874091684,125.865439258,8.0448046338,329.936133785,1741.05177204,333.373974324,1030.9861027,1030.9861027,2754.14873848,927.591008246,4850.88452208,"Kale","Herbazal",0.5
"115","ANH_123","Species richness",15,17.995,4.534,15.353,40.442,1521.49384032,459.79948646,3484.00776854,1335.58336294,0,12.567356786,222.446494064,3085.06246024,2118.16058427,2118.16058427,643.046252203,1053.96442071,2467.40905203,"Platero","Herbazal",0.5
"116","ANH_123","Shannon diversity",7.685,7.803,0.266,7.685,8.324,1521.49384032,459.79948646,3484.00776854,1335.58336294,0,12.567356786,222.446494064,3085.06246024,2118.16058427,2118.16058427,643.046252203,1053.96442071,2467.40905203,"Platero","Herbazal",0.5
"117","ANH_123","Simpson diversity",5.943,5.992,0.274,5.943,6.53,1521.49384032,459.79948646,3484.00776854,1335.58336294,0,12.567356786,222.446494064,3085.06246024,2118.16058427,2118.16058427,643.046252203,1053.96442071,2467.40905203,"Platero","Herbazal",0.5
