"","parentEventID","order","observado","estimado","s.e.","LCL","UCL","Dis_Cienag","Dis_MGSG","Dis_Dre345","DisBosque","Dis_CobNat","Tam_Parche","Dis_CP","Dis_Oleodu","Dis_Pozo","Dis_Pozact","Dis_Ferroc","Dis_ViaPri","Dia_ViaSec","Plataf","CobHerp","samplEff.1"
"1","ANH_159","Species richness",9,11.946,4.404,9.352,33.633,7139.43499503,4780.32847124,4439.07557358,0,0,28.1785589872,5084.54673962,1677.42620018,3126.67797944,5536.96505486,4385.12877234,1781.68861093,3827.73583254,"Platero","Bosque Ripario",1
"2","ANH_159","Shannon diversity",5.437,6.062,0.713,5.437,7.459,7139.43499503,4780.32847124,4439.07557358,0,0,28.1785589872,5084.54673962,1677.42620018,3126.67797944,5536.96505486,4385.12877234,1781.68861093,3827.73583254,"Platero","Bosque Ripario",1
"3","ANH_159","Simpson diversity",4.031,4.266,0.674,4.031,5.586,7139.43499503,4780.32847124,4439.07557358,0,0,28.1785589872,5084.54673962,1677.42620018,3126.67797944,5536.96505486,4385.12877234,1781.68861093,3827.73583254,"Platero","Bosque Ripario",1
"4","ANH_160","Species richness",7,16.286,9.398,8.791,55.153,7886.73010475,2963.75823468,6288.88582141,0,0,86.2216461436,3759.70213658,439.355501052,3302.11999663,3759.93448975,3971.89330336,1422.38669404,3385.03586655,"Platero","Bosque Ripario",0.54292343387471
"5","ANH_160","Shannon diversity",5.302,9.319,3.439,5.302,16.059,7886.73010475,2963.75823468,6288.88582141,0,0,86.2216461436,3759.70213658,439.355501052,3302.11999663,3759.93448975,3971.89330336,1422.38669404,3385.03586655,"Platero","Bosque Ripario",0.54292343387471
"6","ANH_160","Simpson diversity",4.261,5.687,2.184,4.261,9.968,7886.73010475,2963.75823468,6288.88582141,0,0,86.2216461436,3759.70213658,439.355501052,3302.11999663,3759.93448975,3971.89330336,1422.38669404,3385.03586655,"Platero","Bosque Ripario",0.54292343387471
"7","ANH_360","Species richness",11,23.083,16.58,12.608,101.789,13163.8125228,7045.22132278,3365.54496082,0,0,740.917316393,2453.76742999,708.127754277,3263.06471993,5171.69875723,1638.08036151,1051.59371216,5172.32192669,"Caracterizacion","Bosque Denso",0.733178654292343
"8","ANH_360","Shannon diversity",8.612,12.301,3.287,8.612,18.744,13163.8125228,7045.22132278,3365.54496082,0,0,740.917316393,2453.76742999,708.127754277,3263.06471993,5171.69875723,1638.08036151,1051.59371216,5172.32192669,"Caracterizacion","Bosque Denso",0.733178654292343
"9","ANH_360","Simpson diversity",7.258,9.255,2.03,7.258,13.233,13163.8125228,7045.22132278,3365.54496082,0,0,740.917316393,2453.76742999,708.127754277,3263.06471993,5171.69875723,1638.08036151,1051.59371216,5172.32192669,"Caracterizacion","Bosque Denso",0.733178654292343
"10","ANH_375","Species richness",6,6.477,1.271,6.028,14.123,17883.5736416,7201.83681167,3386.20872067,0,0,NA,2210.66594352,436.444699858,3534.62923512,5395.98138136,1410.40625581,1047.41517925,5372.40507078,"Kale","Bosque Denso",0.617169373549884
"11","ANH_375","Shannon diversity",4.985,5.726,1.047,4.985,7.779,17883.5736416,7201.83681167,3386.20872067,0,0,NA,2210.66594352,436.444699858,3534.62923512,5395.98138136,1410.40625581,1047.41517925,5372.40507078,"Kale","Bosque Denso",0.617169373549884
"12","ANH_375","Simpson diversity",4.321,5.133,1.076,4.321,7.243,17883.5736416,7201.83681167,3386.20872067,0,0,NA,2210.66594352,436.444699858,3534.62923512,5395.98138136,1410.40625581,1047.41517925,5372.40507078,"Kale","Bosque Denso",0.617169373549884
"13","ANH_151","Species richness",12,24.374,16.97,13.648,104.912,5875.72411933,11283.8654382,1497.09942206,0,0,19.3209091367,4764.74298494,3202.50471721,6433.87575454,7203.1880734,2064.80130495,4598.61976442,3324.20963395,"Kale","Bosque Ripario",0.756380510440835
"14","ANH_151","Shannon diversity",4.207,4.712,0.747,4.207,6.177,5875.72411933,11283.8654382,1497.09942206,0,0,19.3209091367,4764.74298494,3202.50471721,6433.87575454,7203.1880734,2064.80130495,4598.61976442,3324.20963395,"Kale","Bosque Ripario",0.756380510440835
"15","ANH_151","Simpson diversity",2.462,2.499,0.332,2.462,3.149,5875.72411933,11283.8654382,1497.09942206,0,0,19.3209091367,4764.74298494,3202.50471721,6433.87575454,7203.1880734,2064.80130495,4598.61976442,3324.20963395,"Kale","Bosque Ripario",0.756380510440835
"16","ANH_152","Species richness",11,12.465,2.246,11.17,23.639,8099.82572711,11103.7935057,1023.83415812,0,0,183.668761621,2550.16262916,104.011820653,3098.2126889,10541.1655143,1827.82908326,2451.79776636,7111.53314084,"Caracterizacion","Bosque Ripario",0.777262180974478
"17","ANH_152","Shannon diversity",8.092,9.411,1.095,8.092,11.557,8099.82572711,11103.7935057,1023.83415812,0,0,183.668761621,2550.16262916,104.011820653,3098.2126889,10541.1655143,1827.82908326,2451.79776636,7111.53314084,"Caracterizacion","Bosque Ripario",0.777262180974478
"18","ANH_152","Simpson diversity",6.627,7.653,1.201,6.627,10.006,8099.82572711,11103.7935057,1023.83415812,0,0,183.668761621,2550.16262916,104.011820653,3098.2126889,10541.1655143,1827.82908326,2451.79776636,7111.53314084,"Caracterizacion","Bosque Ripario",0.777262180974478
"19","ANH_153","Species richness",7,9.109,3.204,7.247,24.993,4363.80019145,5496.46773748,3575.96798577,46.8714915381,46.8714915381,419.562189,0,1550.53471658,1721.79748305,1721.79748305,6103.76231745,5342.96323236,1934.00784961,"Kale","Bosque Ripario",0.54292343387471
"20","ANH_153","Shannon diversity",5.753,7.746,1.77,5.753,11.214,4363.80019145,5496.46773748,3575.96798577,46.8714915381,46.8714915381,419.562189,0,1550.53471658,1721.79748305,1721.79748305,6103.76231745,5342.96323236,1934.00784961,"Kale","Bosque Ripario",0.54292343387471
"21","ANH_153","Simpson diversity",4.923,6.667,1.618,4.923,9.838,4363.80019145,5496.46773748,3575.96798577,46.8714915381,46.8714915381,419.562189,0,1550.53471658,1721.79748305,1721.79748305,6103.76231745,5342.96323236,1934.00784961,"Kale","Bosque Ripario",0.54292343387471
"22","ANH_154","Species richness",9,9.993,1.86,9.09,20.003,7071.85971298,13362.502474,2331.10109642,0,0,662.460780049,5497.72024775,782.098257309,2567.97564805,11701.2498875,2553.46731253,5777.45127819,6917.56778495,"Caracterizacion","Bosque Ripario",0.712296983758701
"23","ANH_154","Shannon diversity",2.202,2.278,0.228,2.202,2.726,7071.85971298,13362.502474,2331.10109642,0,0,662.460780049,5497.72024775,782.098257309,2567.97564805,11701.2498875,2553.46731253,5777.45127819,6917.56778495,"Caracterizacion","Bosque Ripario",0.712296983758701
"24","ANH_154","Simpson diversity",1.478,1.483,0.108,1.478,1.694,7071.85971298,13362.502474,2331.10109642,0,0,662.460780049,5497.72024775,782.098257309,2567.97564805,11701.2498875,2553.46731253,5777.45127819,6917.56778495,"Caracterizacion","Bosque Ripario",0.712296983758701
"25","ANH_182","Species richness",7,7.95,1.791,7.085,17.609,3692.0021985,4128.1729872,6691.78251201,0,0,2.4041208229,3402.81217061,4565.04417514,1292.38639475,3339.84980014,8185.34131877,4080.8587808,852.647399101,"Platero","Bosque Ripario",0.591647331786543
"26","ANH_182","Shannon diversity",5.663,6.914,1.325,5.663,9.512,3692.0021985,4128.1729872,6691.78251201,0,0,2.4041208229,3402.81217061,4565.04417514,1292.38639475,3339.84980014,8185.34131877,4080.8587808,852.647399101,"Platero","Bosque Ripario",0.591647331786543
"27","ANH_182","Simpson diversity",4.762,5.938,1.4,4.762,8.682,3692.0021985,4128.1729872,6691.78251201,0,0,2.4041208229,3402.81217061,4565.04417514,1292.38639475,3339.84980014,8185.34131877,4080.8587808,852.647399101,"Platero","Bosque Ripario",0.591647331786543
"28","ANH_181","Species richness",10,12.215,3.348,10.261,28.777,1974.4879915,4546.58708741,5901.33349282,0,0,78.6478687443,4897.62859073,6192.29961784,2266.13858395,2266.13858395,7142.48315283,5843.50046111,1040.84946892,"Platero","Bosque Ripario",0.645011600928074
"29","ANH_181","Shannon diversity",4.312,4.762,0.788,4.312,6.306,1974.4879915,4546.58708741,5901.33349282,0,0,78.6478687443,4897.62859073,6192.29961784,2266.13858395,2266.13858395,7142.48315283,5843.50046111,1040.84946892,"Platero","Bosque Ripario",0.645011600928074
"30","ANH_181","Simpson diversity",2.681,2.754,0.439,2.681,3.615,1974.4879915,4546.58708741,5901.33349282,0,0,78.6478687443,4897.62859073,6192.29961784,2266.13858395,2266.13858395,7142.48315283,5843.50046111,1040.84946892,"Platero","Bosque Ripario",0.645011600928074
"31","ANH_133","Species richness",11,11.165,0.531,11.008,14.503,3674.55972873,5697.57717866,3872.18798745,0,0,27.8725991505,5160.47181143,4493.33615423,2065.36517366,4727.91314187,5368.07199542,4501.68100899,1444.39173489,"Platero","Bosque Ripario",0.675174013921114
"32","ANH_133","Shannon diversity",6.213,6.657,0.791,6.213,8.208,3674.55972873,5697.57717866,3872.18798745,0,0,27.8725991505,5160.47181143,4493.33615423,2065.36517366,4727.91314187,5368.07199542,4501.68100899,1444.39173489,"Platero","Bosque Ripario",0.675174013921114
"33","ANH_133","Simpson diversity",4.38,4.578,0.63,4.38,5.813,3674.55972873,5697.57717866,3872.18798745,0,0,27.8725991505,5160.47181143,4493.33615423,2065.36517366,4727.91314187,5368.07199542,4501.68100899,1444.39173489,"Platero","Bosque Ripario",0.675174013921114
"34","ANH_232","Species richness",11,23.153,16.673,12.618,102.297,1351.99539749,3474.97249614,3304.21273599,0,0,32.8373162882,2879.24597743,5158.65195667,4511.84825113,4607.41940345,3974.45621607,3090.66441294,812.832337561,"Platero","Bosque Ripario",0.568445475638051
"35","ANH_232","Shannon diversity",7.665,10.318,2.329,7.665,14.882,1351.99539749,3474.97249614,3304.21273599,0,0,32.8373162882,2879.24597743,5158.65195667,4511.84825113,4607.41940345,3974.45621607,3090.66441294,812.832337561,"Platero","Bosque Ripario",0.568445475638051
"36","ANH_232","Simpson diversity",6,7,1.388,6,9.72,1351.99539749,3474.97249614,3304.21273599,0,0,32.8373162882,2879.24597743,5158.65195667,4511.84825113,4607.41940345,3974.45621607,3090.66441294,812.832337561,"Platero","Bosque Ripario",0.568445475638051
"37","ANH_178","Species richness",5,7.667,3.924,5.325,26.858,5419.81410108,13713.1474018,686.457881277,27.7547271223,27.7547271223,15.6976228252,5028.70021058,1818.95479447,3849.8665588,10161.5715388,103.352088216,5182.7315472,4715.19106745,"Kale","Vías",0.160092807424594
"38","ANH_178","Shannon diversity",4.327,6.718,2.105,4.327,10.844,5419.81410108,13713.1474018,686.457881277,27.7547271223,27.7547271223,15.6976228252,5028.70021058,1818.95479447,3849.8665588,10161.5715388,103.352088216,5182.7315472,4715.19106745,"Kale","Vías",0.160092807424594
"39","ANH_178","Simpson diversity",3.857,6,3.17,3.857,12.213,5419.81410108,13713.1474018,686.457881277,27.7547271223,27.7547271223,15.6976228252,5028.70021058,1818.95479447,3849.8665588,10161.5715388,103.352088216,5182.7315472,4715.19106745,"Kale","Vías",0.160092807424594
"40","ANH_117","Species richness",5,6.895,3.559,5.17,26.067,1250.34556023,10812.9671575,621.738218213,0,0,55.5231894305,1869.41343296,2276.30596642,6890.02563213,6890.02563213,4531.26312019,9172.49771502,63.3444318525,"Kale","Bosque Ripario",0.612529002320186
"41","ANH_117","Shannon diversity",3.292,3.932,1.018,3.292,5.928,1250.34556023,10812.9671575,621.738218213,0,0,55.5231894305,1869.41343296,2276.30596642,6890.02563213,6890.02563213,4531.26312019,9172.49771502,63.3444318525,"Kale","Bosque Ripario",0.612529002320186
"42","ANH_117","Simpson diversity",2.524,2.758,0.844,2.524,4.412,1250.34556023,10812.9671575,621.738218213,0,0,55.5231894305,1869.41343296,2276.30596642,6890.02563213,6890.02563213,4531.26312019,9172.49771502,63.3444318525,"Kale","Bosque Ripario",0.612529002320186
"43","ANH_158","Species richness",10,14.404,7.047,10.484,50.094,5283.05583874,8416.46915865,2090.20268941,0,0,18.8753280657,2600.65829088,254.880223154,6032.01050031,6032.01050031,2656.51228879,2866.26564404,1247.63943078,"Kale","Bosque Ripario",0.751740139211137
"44","ANH_158","Shannon diversity",6.123,7.136,1.239,6.123,9.564,5283.05583874,8416.46915865,2090.20268941,0,0,18.8753280657,2600.65829088,254.880223154,6032.01050031,6032.01050031,2656.51228879,2866.26564404,1247.63943078,"Kale","Bosque Ripario",0.751740139211137
"45","ANH_158","Simpson diversity",4.323,4.659,1.013,4.323,6.645,5283.05583874,8416.46915865,2090.20268941,0,0,18.8753280657,2600.65829088,254.880223154,6032.01050031,6032.01050031,2656.51228879,2866.26564404,1247.63943078,"Kale","Bosque Ripario",0.751740139211137
"46","ANH_150","Species richness",9,9.958,1.804,9.086,19.685,4934.93594831,8078.15932235,1924.19205857,0,0,18.8753280657,2315.92134388,573.348780855,5941.04238573,5941.04238573,2492.8691893,2639.59373664,964.890435938,"Kale","Bosque Ripario",0.658932714617169
"47","ANH_150","Shannon diversity",8.123,10.027,1.286,8.123,12.548,4934.93594831,8078.15932235,1924.19205857,0,0,18.8753280657,2315.92134388,573.348780855,5941.04238573,5941.04238573,2492.8691893,2639.59373664,964.890435938,"Kale","Bosque Ripario",0.658932714617169
"48","ANH_150","Simpson diversity",7.579,10.615,1.657,7.579,13.863,4934.93594831,8078.15932235,1924.19205857,0,0,18.8753280657,2315.92134388,573.348780855,5941.04238573,5941.04238573,2492.8691893,2639.59373664,964.890435938,"Kale","Bosque Ripario",0.658932714617169
"49","ANH_185","Species richness",4,4.219,0.659,4.011,8.301,8264.77005432,89.9858470295,7424.35795761,69.9893274268,69.9893274268,21.2723623644,1460.21656417,175.413782221,3046.67973167,3412.17240227,4169.05093324,318.281693792,670.853086721,"Platero","Pastos",0.308584686774942
"50","ANH_185","Shannon diversity",3.747,4.729,1.513,3.747,7.693,8264.77005432,89.9858470295,7424.35795761,69.9893274268,69.9893274268,21.2723623644,1460.21656417,175.413782221,3046.67973167,3412.17240227,4169.05093324,318.281693792,670.853086721,"Platero","Pastos",0.308584686774942
"51","ANH_185","Simpson diversity",3.556,5.6,1.972,3.556,9.464,8264.77005432,89.9858470295,7424.35795761,69.9893274268,69.9893274268,21.2723623644,1460.21656417,175.413782221,3046.67973167,3412.17240227,4169.05093324,318.281693792,670.853086721,"Platero","Pastos",0.308584686774942
"52","ANH_136","Species richness",5,5.233,0.692,5.012,9.503,3772.19952628,3710.94089137,7648.29191517,0,0,45.7606127029,3131.28967322,4828.64940675,716.182519488,2937.95539175,8819.04167881,4064.7544514,1877.99430016,"Platero","Bosque Ripario",0.5707656612529
"53","ANH_136","Shannon diversity",4.037,4.733,1.107,4.037,6.902,3772.19952628,3710.94089137,7648.29191517,0,0,45.7606127029,3131.28967322,4828.64940675,716.182519488,2937.95539175,8819.04167881,4064.7544514,1877.99430016,"Platero","Bosque Ripario",0.5707656612529
"54","ANH_136","Simpson diversity",3.358,4.038,1.284,3.358,6.555,3772.19952628,3710.94089137,7648.29191517,0,0,45.7606127029,3131.28967322,4828.64940675,716.182519488,2937.95539175,8819.04167881,4064.7544514,1877.99430016,"Platero","Bosque Ripario",0.5707656612529
"55","ANH_168","Species richness",10,14.445,7.11,10.489,50.445,7431.94943672,3993.61927273,1308.80671981,0,0,198.695405695,6993.43269494,757.356279433,916.566280828,916.566280828,13234.4905282,739.578552727,8686.2509721,"Kale","Herbazal",0.533642691415313
"56","ANH_168","Shannon diversity",6.716,7.327,0.691,6.716,8.682,7431.94943672,3993.61927273,1308.80671981,0,0,198.695405695,6993.43269494,757.356279433,916.566280828,916.566280828,13234.4905282,739.578552727,8686.2509721,"Kale","Herbazal",0.533642691415313
"57","ANH_168","Simpson diversity",5.757,6.116,0.574,5.757,7.241,7431.94943672,3993.61927273,1308.80671981,0,0,198.695405695,6993.43269494,757.356279433,916.566280828,916.566280828,13234.4905282,739.578552727,8686.2509721,"Kale","Herbazal",0.533642691415313
"58","ANH_167","Species richness",10,12.564,3.366,10.361,28.236,4266.77950376,6027.00197854,2525.22215056,244.899366513,1.00706437249,841.669467865,6086.93696548,2320.731006,3752.21487718,3752.21487718,9664.29768516,4671.65500264,4037.04156885,"Kale","Herbazal",0.535962877030162
"59","ANH_167","Shannon diversity",7.554,9.787,2.008,7.554,13.723,4266.77950376,6027.00197854,2525.22215056,244.899366513,1.00706437249,841.669467865,6086.93696548,2320.731006,3752.21487718,3752.21487718,9664.29768516,4671.65500264,4037.04156885,"Kale","Herbazal",0.535962877030162
"60","ANH_167","Simpson diversity",5.93,7.386,1.863,5.93,11.037,4266.77950376,6027.00197854,2525.22215056,244.899366513,1.00706437249,841.669467865,6086.93696548,2320.731006,3752.21487718,3752.21487718,9664.29768516,4671.65500264,4037.04156885,"Kale","Herbazal",0.535962877030162
"61","ANH_166","Species richness",13,13.662,1.298,13.056,20.765,5481.50119314,3121.22480271,1580.09176463,47.1901919845,0,11.1985496782,3070.55542019,165.307987492,1443.20821886,1443.20821886,7962.43056702,2875.15007684,4793.3394159,"Kale","Herbazal",0.619489559164733
"62","ANH_166","Shannon diversity",5.949,6.226,0.584,5.949,7.371,5481.50119314,3121.22480271,1580.09176463,47.1901919845,0,11.1985496782,3070.55542019,165.307987492,1443.20821886,1443.20821886,7962.43056702,2875.15007684,4793.3394159,"Kale","Herbazal",0.619489559164733
"63","ANH_166","Simpson diversity",3.663,3.729,0.423,3.663,4.557,5481.50119314,3121.22480271,1580.09176463,47.1901919845,0,11.1985496782,3070.55542019,165.307987492,1443.20821886,1443.20821886,7962.43056702,2875.15007684,4793.3394159,"Kale","Herbazal",0.619489559164733
"64","ANH_169","Species richness",8,10.959,4.405,8.356,32.614,5414.6765113,2706.98819775,1178.57445289,10.0735010106,10.0735010106,4.48680492155,2716.49215021,346.218234506,1775.83998517,1775.83998517,7891.85366487,2464.8378661,5188.4872558,"Kale","Bosque Abierto",0.582366589327146
"65","ANH_169","Shannon diversity",5.042,5.435,0.518,5.042,6.45,5414.6765113,2706.98819775,1178.57445289,10.0735010106,10.0735010106,4.48680492155,2716.49215021,346.218234506,1775.83998517,1775.83998517,7891.85366487,2464.8378661,5188.4872558,"Kale","Bosque Abierto",0.582366589327146
"66","ANH_169","Simpson diversity",4.252,4.45,0.442,4.252,5.315,5414.6765113,2706.98819775,1178.57445289,10.0735010106,10.0735010106,4.48680492155,2716.49215021,346.218234506,1775.83998517,1775.83998517,7891.85366487,2464.8378661,5188.4872558,"Kale","Bosque Abierto",0.582366589327146
"67","ANH_149","Species richness",6,6.962,1.809,6.086,16.714,5360.44098506,8481.95185475,2229.33599391,0,0,68.9071628004,2751.45842821,104.488896536,5975.95704949,5975.95704949,2792.80420562,3013.11476475,1279.71203328,"Kale","Bosque Ripario",0.709976798143852
"68","ANH_149","Shannon diversity",3.595,4.107,0.843,3.595,5.76,5360.44098506,8481.95185475,2229.33599391,0,0,68.9071628004,2751.45842821,104.488896536,5975.95704949,5975.95704949,2792.80420562,3013.11476475,1279.71203328,"Kale","Bosque Ripario",0.709976798143852
"69","ANH_149","Simpson diversity",2.6,2.778,0.707,2.6,4.163,5360.44098506,8481.95185475,2229.33599391,0,0,68.9071628004,2751.45842821,104.488896536,5975.95704949,5975.95704949,2792.80420562,3013.11476475,1279.71203328,"Kale","Bosque Ripario",0.709976798143852
"70","ANH_306","Species richness",9,21.143,16.66,10.616,100.224,5914.23201398,7952.30274015,3847.40719159,0,0,34.180294317,5569.07557121,2327.27065206,3735.08486161,3735.08486161,5545.70121637,5972.56355556,308.521415361,"Kale","Bosque Ripario",0.647331786542923
"71","ANH_306","Shannon diversity",5.212,6.865,1.784,5.212,10.362,5914.23201398,7952.30274015,3847.40719159,0,0,34.180294317,5569.07557121,2327.27065206,3735.08486161,3735.08486161,5545.70121637,5972.56355556,308.521415361,"Kale","Bosque Ripario",0.647331786542923
"72","ANH_306","Simpson diversity",3.889,4.25,0.953,3.889,6.119,5914.23201398,7952.30274015,3847.40719159,0,0,34.180294317,5569.07557121,2327.27065206,3735.08486161,3735.08486161,5545.70121637,5972.56355556,308.521415361,"Kale","Bosque Ripario",0.647331786542923
"73","ANH_155","Species richness",9,11.216,3.349,9.261,27.785,5383.47449759,14821.2422577,1153.68143652,0,0,662.46078,0,863.19112977,3916.42347859,12376.2494579,1183.81832869,7076.04446077,5228.36441676,"Caracterizacion","Bosque Ripario",0.633410672853828
"74","ANH_155","Shannon diversity",3.856,4.21,0.624,3.856,5.433,5383.47449759,14821.2422577,1153.68143652,0,0,662.46078,0,863.19112977,3916.42347859,12376.2494579,1183.81832869,7076.04446077,5228.36441676,"Caracterizacion","Bosque Ripario",0.633410672853828
"75","ANH_155","Simpson diversity",2.417,2.471,0.378,2.417,3.212,5383.47449759,14821.2422577,1153.68143652,0,0,662.46078,0,863.19112977,3916.42347859,12376.2494579,1183.81832869,7076.04446077,5228.36441676,"Caracterizacion","Bosque Ripario",0.633410672853828
"76","ANH_82","Species richness",8,9.957,3.666,8.176,29.69,4776.50219875,6104.58562563,4021.82697019,0,0,9.31710564999,6064.94201733,1100.57427174,2671.68573207,2671.68573207,8539.45971072,5977.99618082,3022.81786139,"Kale","Bosque Ripario",0.779582366589327
"77","ANH_82","Shannon diversity",5.738,6.388,0.844,5.738,8.041,4776.50219875,6104.58562563,4021.82697019,0,0,9.31710564999,6064.94201733,1100.57427174,2671.68573207,2671.68573207,8539.45971072,5977.99618082,3022.81786139,"Kale","Bosque Ripario",0.779582366589327
"78","ANH_82","Simpson diversity",4.723,5.149,0.823,4.723,6.762,4776.50219875,6104.58562563,4021.82697019,0,0,9.31710564999,6064.94201733,1100.57427174,2671.68573207,2671.68573207,8539.45971072,5977.99618082,3022.81786139,"Kale","Bosque Ripario",0.779582366589327
"79","ANH_109","Species richness",11,20.865,10.055,12.886,62.59,1870.17913746,2040.99857978,611.00037254,134.308512745,0,33.9255733774,2621.08020641,313.658975118,1712.4251117,1712.4251117,4350.70255724,1724.23565215,4825.12437241,"Kale","Herbazal",0.464037122969838
"80","ANH_109","Shannon diversity",3.598,4.124,0.81,3.598,5.711,1870.17913746,2040.99857978,611.00037254,134.308512745,0,33.9255733774,2621.08020641,313.658975118,1712.4251117,1712.4251117,4350.70255724,1724.23565215,4825.12437241,"Kale","Herbazal",0.464037122969838
"81","ANH_109","Simpson diversity",2.049,2.079,0.326,2.049,2.718,1870.17913746,2040.99857978,611.00037254,134.308512745,0,33.9255733774,2621.08020641,313.658975118,1712.4251117,1712.4251117,4350.70255724,1724.23565215,4825.12437241,"Kale","Herbazal",0.464037122969838
"82","ANH_165","Species richness",9,11.914,4.359,9.348,33.386,4888.46835837,4051.58699356,2698.32913269,467.27638864,0,186.006356217,3716.62928382,689.218468839,158.592274777,158.592274777,7427.65189823,3762.53866524,3631.21298666,"Kale","Herbazal",0.501160092807425
"83","ANH_165","Shannon diversity",6.974,8.302,1.246,6.974,10.744,4888.46835837,4051.58699356,2698.32913269,467.27638864,0,186.006356217,3716.62928382,689.218468839,158.592274777,158.592274777,7427.65189823,3762.53866524,3631.21298666,"Kale","Herbazal",0.501160092807425
"84","ANH_165","Simpson diversity",5.918,6.919,1.211,5.918,9.292,4888.46835837,4051.58699356,2698.32913269,467.27638864,0,186.006356217,3716.62928382,689.218468839,158.592274777,158.592274777,7427.65189823,3762.53866524,3631.21298666,"Kale","Herbazal",0.501160092807425
"85","ANH_141","Species richness",10,22.355,16.944,11.645,102.772,8765.00762013,4920.99017657,3974.05408405,15.6757298999,15.6757298999,841.669467865,3459.95773499,1.76345293614,4943.60449854,5378.35203016,2583.06949926,3.47031371622,5268.76462358,"Platero","Vías",0.473317865429234
"86","ANH_141","Shannon diversity",4.179,4.704,0.704,4.179,6.085,8765.00762013,4920.99017657,3974.05408405,15.6757298999,15.6757298999,841.669467865,3459.95773499,1.76345293614,4943.60449854,5378.35203016,2583.06949926,3.47031371622,5268.76462358,"Platero","Vías",0.473317865429234
"87","ANH_141","Simpson diversity",3.123,3.203,0.313,3.123,3.817,8765.00762013,4920.99017657,3974.05408405,15.6757298999,15.6757298999,841.669467865,3459.95773499,1.76345293614,4943.60449854,5378.35203016,2583.06949926,3.47031371622,5268.76462358,"Platero","Vías",0.473317865429234
"88","ANH_223","Species richness",5,5.958,1.804,5.086,15.685,1144.84996335,2650.63199241,7322.40683837,324.215902756,324.215902756,165.005220596,4183.7672248,7863.83795276,493.209825993,493.209825993,7860.04012826,7000.52433293,2820.39050094,"Platero","Bosque Ripario",0.566125290023202
"89","ANH_223","Shannon diversity",2.447,2.766,0.654,2.447,4.048,1144.84996335,2650.63199241,7322.40683837,324.215902756,324.215902756,165.005220596,4183.7672248,7863.83795276,493.209825993,493.209825993,7860.04012826,7000.52433293,2820.39050094,"Platero","Bosque Ripario",0.566125290023202
"90","ANH_223","Simpson diversity",1.725,1.781,0.417,1.725,2.598,1144.84996335,2650.63199241,7322.40683837,324.215902756,324.215902756,165.005220596,4183.7672248,7863.83795276,493.209825993,493.209825993,7860.04012826,7000.52433293,2820.39050094,"Platero","Bosque Ripario",0.566125290023202
"91","ANH_179","Species richness",8,10.889,4.307,8.347,32.074,11346.5510483,7791.86753243,2846.44211362,0,0,18.6696995506,1134.65609371,501.938904371,1673.79266887,7292.45541609,929.990228136,71.5733746313,6928.70447826,"Caracterizacion","Bosque Ripario",0.635730858468677
"92","ANH_179","Shannon diversity",6.514,8.009,1.183,6.514,10.327,11346.5510483,7791.86753243,2846.44211362,0,0,18.6696995506,1134.65609371,501.938904371,1673.79266887,7292.45541609,929.990228136,71.5733746313,6928.70447826,"Caracterizacion","Bosque Ripario",0.635730858468677
"93","ANH_179","Simpson diversity",5.832,7.163,1.111,5.832,9.341,11346.5510483,7791.86753243,2846.44211362,0,0,18.6696995506,1134.65609371,501.938904371,1673.79266887,7292.45541609,929.990228136,71.5733746313,6928.70447826,"Caracterizacion","Bosque Ripario",0.635730858468677
"94","ANH_398","Species richness",7,10.765,5.002,7.521,34.18,14574.6285734,11410.4226174,1537.06082202,9.47054739669,9.47054739669,NA,3501.18680767,1195.24257419,818.011658558,10145.332532,2863.8492993,3607.36888669,7672.55226932,"Kale","Bosque Ripario",0.784222737819026
"95","ANH_398","Shannon diversity",4.513,6.313,2.117,4.513,10.461,14574.6285734,11410.4226174,1537.06082202,9.47054739669,9.47054739669,NA,3501.18680767,1195.24257419,818.011658558,10145.332532,2863.8492993,3607.36888669,7672.55226932,"Kale","Bosque Ripario",0.784222737819026
"96","ANH_398","Simpson diversity",3.108,3.579,1.549,3.108,6.614,14574.6285734,11410.4226174,1537.06082202,9.47054739669,9.47054739669,NA,3501.18680767,1195.24257419,818.011658558,10145.332532,2863.8492993,3607.36888669,7672.55226932,"Kale","Bosque Ripario",0.784222737819026
"97","ANH_163","Species richness",1,1,0.129,1,1.276,95.7951223422,2551.78503258,6549.28340965,41.354263127,41.354263127,36.59508637,3203.1476325,8290.44104495,1538.70335736,1538.70335736,6820.74306223,5989.28280318,2161.26597056,"Platero","Ciénaga",0.22737819025522
"98","ANH_163","Shannon diversity",1,1,0,1,1,95.7951223422,2551.78503258,6549.28340965,41.354263127,41.354263127,36.59508637,3203.1476325,8290.44104495,1538.70335736,1538.70335736,6820.74306223,5989.28280318,2161.26597056,"Platero","Ciénaga",0.22737819025522
"99","ANH_163","Simpson diversity",1,1,0,1,1,95.7951223422,2551.78503258,6549.28340965,41.354263127,41.354263127,36.59508637,3203.1476325,8290.44104495,1538.70335736,1538.70335736,6820.74306223,5989.28280318,2161.26597056,"Platero","Ciénaga",0.22737819025522
"100","ANH_162","Species richness",4,4,0.479,4,5.44,0,1639.02557715,1405.30265122,1042.69606286,6.05759854513,65.005487393,28.9839996631,2026.46891354,2733.50798059,2755.4853328,1442.67475031,1034.64346418,2934.33208527,"Kale","Ciénaga",0.280742459396752
"101","ANH_162","Shannon diversity",2.933,3.036,0.286,2.933,3.596,0,1639.02557715,1405.30265122,1042.69606286,6.05759854513,65.005487393,28.9839996631,2026.46891354,2733.50798059,2755.4853328,1442.67475031,1034.64346418,2934.33208527,"Kale","Ciénaga",0.280742459396752
"102","ANH_162","Simpson diversity",2.556,2.647,0.339,2.556,3.311,0,1639.02557715,1405.30265122,1042.69606286,6.05759854513,65.005487393,28.9839996631,2026.46891354,2733.50798059,2755.4853328,1442.67475031,1034.64346418,2934.33208527,"Kale","Ciénaga",0.280742459396752
"103","ANH_157","Species richness",7,8.895,3.559,7.17,28.067,3183.69828009,5596.7372637,45.2550347586,0,0,61.3915848758,1580.15367717,1509.95134826,6742.45291061,6742.45291061,83.8937918826,377.766551637,1627.66063484,"Kale","Bosque Ripario",0.531322505800464
"104","ANH_157","Shannon diversity",6.105,7.714,1.649,6.105,10.945,3183.69828009,5596.7372637,45.2550347586,0,0,61.3915848758,1580.15367717,1509.95134826,6742.45291061,6742.45291061,83.8937918826,377.766551637,1627.66063484,"Kale","Bosque Ripario",0.531322505800464
"105","ANH_157","Simpson diversity",5.554,7.435,1.587,5.554,10.545,3183.69828009,5596.7372637,45.2550347586,0,0,61.3915848758,1580.15367717,1509.95134826,6742.45291061,6742.45291061,83.8937918826,377.766551637,1627.66063484,"Kale","Bosque Ripario",0.531322505800464
"106","ANH_100","Species richness",4,5.714,3.245,4.153,23.247,6965.5497725,7970.32534722,2045.72173973,217.921544993,217.921544993,841.669467865,2216.45098132,3.77554811857,5502.87910693,8424.27427021,1977.99908983,2.8524766246,2646.40491361,"Platero","Vías",0.211136890951276
"107","ANH_100","Shannon diversity",3.586,5.357,2.954,3.586,11.147,6965.5497725,7970.32534722,2045.72173973,217.921544993,217.921544993,841.669467865,2216.45098132,3.77554811857,5502.87910693,8424.27427021,1977.99908983,2.8524766246,2646.40491361,"Platero","Vías",0.211136890951276
"108","ANH_100","Simpson diversity",3.267,5.25,2.585,3.267,10.316,6965.5497725,7970.32534722,2045.72173973,217.921544993,217.921544993,841.669467865,2216.45098132,3.77554811857,5502.87910693,8424.27427021,1977.99908983,2.8524766246,2646.40491361,"Platero","Vías",0.211136890951276
"109","ANH_164","Species richness",6,10.438,7.099,6.488,46.387,0,1065.98467024,4886.63414764,646.569935147,15.5225351489,16.1808855167,1720.55843326,5449.57007572,3855.85136943,4238.45180422,2635.30905864,2489.6110323,1729.18873389,"Platero","Ciénaga",0.350348027842227
"110","ANH_164","Shannon diversity",2.672,2.865,0.323,2.672,3.499,0,1065.98467024,4886.63414764,646.569935147,15.5225351489,16.1808855167,1720.55843326,5449.57007572,3855.85136943,4238.45180422,2635.30905864,2489.6110323,1729.18873389,"Platero","Ciénaga",0.350348027842227
"111","ANH_164","Simpson diversity",2.28,2.322,0.166,2.28,2.647,0,1065.98467024,4886.63414764,646.569935147,15.5225351489,16.1808855167,1720.55843326,5449.57007572,3855.85136943,4238.45180422,2635.30905864,2489.6110323,1729.18873389,"Platero","Ciénaga",0.350348027842227
"112","ANH_180","Species richness",2,2.5,1.107,2.037,8.808,9858.49825914,8699.79595013,543.226645521,96.9652535179,96.9652535179,21.4228036738,941.576744787,244.73588065,2779.32488418,9643.79919278,341.019899331,76.763286297,5578.74271314,"Caracterizacion","Vías",0.109048723897912
"113","ANH_180","Shannon diversity",2,3.375,1.164,2,5.656,9858.49825914,8699.79595013,543.226645521,96.9652535179,96.9652535179,21.4228036738,941.576744787,244.73588065,2779.32488418,9643.79919278,341.019899331,76.763286297,5578.74271314,"Caracterizacion","Vías",0.109048723897912
"114","ANH_180","Simpson diversity",2,2,0.47,2,2.92,9858.49825914,8699.79595013,543.226645521,96.9652535179,96.9652535179,21.4228036738,941.576744787,244.73588065,2779.32488418,9643.79919278,341.019899331,76.763286297,5578.74271314,"Caracterizacion","Vías",0.109048723897912
"115","ANH_135","Species richness",5,5.464,1.242,5.027,12.941,11210.0800512,3574.38759235,8961.73612501,0,0,NA,3395.05988363,5492.31331134,1859.87570524,2606.32106097,9088.44113233,4854.16027011,3450.41739354,"Platero","Herbazal",0.503480278422274
"116","ANH_135","Shannon diversity",4.457,5.339,1.09,4.457,7.476,11210.0800512,3574.38759235,8961.73612501,0,0,NA,3395.05988363,5492.31331134,1859.87570524,2606.32106097,9088.44113233,4854.16027011,3450.41739354,"Platero","Herbazal",0.503480278422274
"117","ANH_135","Simpson diversity",4.083,5.353,1.196,4.083,7.697,11210.0800512,3574.38759235,8961.73612501,0,0,NA,3395.05988363,5492.31331134,1859.87570524,2606.32106097,9088.44113233,4854.16027011,3450.41739354,"Platero","Herbazal",0.503480278422274
"118","ANH_148","Species richness",7,7.652,1.281,7.055,14.67,4358.77744272,6388.93089546,3163.28693661,0,0,8.70872486456,4829.71146419,1116.64982836,2897.38725802,2897.38725802,5238.11501567,5339.96129574,816.691526363,"Kale","Bosque Ripario",0.375870069605568
"119","ANH_148","Shannon diversity",2.698,2.942,0.572,2.698,4.063,4358.77744272,6388.93089546,3163.28693661,0,0,8.70872486456,4829.71146419,1116.64982836,2897.38725802,2897.38725802,5238.11501567,5339.96129574,816.691526363,"Kale","Bosque Ripario",0.375870069605568
"120","ANH_148","Simpson diversity",1.741,1.772,0.264,1.741,2.289,4358.77744272,6388.93089546,3163.28693661,0,0,8.70872486456,4829.71146419,1116.64982836,2897.38725802,2897.38725802,5238.11501567,5339.96129574,816.691526363,"Kale","Bosque Ripario",0.375870069605568
