"","parentEventID","order","observado","estimado","s.e.","LCL","UCL","grp","cmb_smpEf","Temp","OxgD","COrgT","FDisp","TSolidDis","Nitratos","Silicatos","GrasAceit","SAAM","Alcalinid","Log_Cond","sed_Nitrog","sed_p_limo","sed_fosforo","sed_Sodio","sed_hierro","sed_Magnes","Cantos.rodados","Grava","Vrip","CDosel","ProfProm","Ancho","ProfCapFot","Plataf","Red.Hidrica","CuerpAgua","decimalLat","decimalLon","Dis_CP","Dis_Oleodu","Dis_Pozo","Dis_Pozact","Dis_Ferroc","Dis_ViaPri","Dia_ViaSec","Dis_Cienag","Dis_MGSG","Dis_Dre345","DisBosque","Dis_CobNat","Tam_Parche"
"1","ANH_10","Species richness",7,16,12,8.241,72.254,"Ar_At",0.833333333333333,31.39,5.98,19.34,0.145,16,1.094,0.205,1.88,0.05,47.976,1.17609125905568,0.321,8,0.00088,20.38,0.43,55.32,0,0,2,4,4.5,0,3.2,"Kale","CAÑO NEGRO Y AFLUENTES","Ciénaga",7.39020701522,-73.8566920348,4013.58651753,1398.41901509,626.717971649,626.717971649,6684.36797792,4204.52177716,3156.23842779,4325.42377192,4371.57339525,2649.29179358,814.027605035,0,3.3979115911
"2","ANH_10","Shannon diversity",6.727,16,4.969,6.727,25.739,"Ar_At",0.833333333333333,31.39,5.98,19.34,0.145,16,1.094,0.205,1.88,0.05,47.976,1.17609125905568,0.321,8,0.00088,20.38,0.43,55.32,0,0,2,4,4.5,0,3.2,"Kale","CAÑO NEGRO Y AFLUENTES","Ciénaga",7.39020701522,-73.8566920348,4013.58651753,1398.41901509,626.717971649,626.717971649,6684.36797792,4204.52177716,3156.23842779,4325.42377192,4371.57339525,2649.29179358,814.027605035,0,3.3979115911
"3","ANH_10","Simpson diversity",6.4,14.5,4.904,6.4,24.112,"Ar_At",0.833333333333333,31.39,5.98,19.34,0.145,16,1.094,0.205,1.88,0.05,47.976,1.17609125905568,0.321,8,0.00088,20.38,0.43,55.32,0,0,2,4,4.5,0,3.2,"Kale","CAÑO NEGRO Y AFLUENTES","Ciénaga",7.39020701522,-73.8566920348,4013.58651753,1398.41901509,626.717971649,626.717971649,6684.36797792,4204.52177716,3156.23842779,4325.42377192,4371.57339525,2649.29179358,814.027605035,0,3.3979115911
"4","ANH_11","Species richness",17,27.562,8.531,19.634,59.363,"Ar_At",0.266666666666667,29.96,0.87,42.13,0.38,40,2.3337,0.207,2.24,0.071,62.969,1.43136376415899,0.2686,18,0.00309,30.59,0.15,221.66,0,0,3,4,1.7,15,0.81,"Kale","CAÑO NEGRO Y AFLUENTES","Caño",7.40042103478,-73.8631269895,3143.08228299,657.371780177,788.304345388,788.304345388,7393.82443318,3140.11838373,4284.2546732,4879.51382428,3421.04954718,2047.9986448,57.7612879971,0,1.43969797613
"5","ANH_11","Shannon diversity",16.127,27.562,4.245,19.242,35.883,"Ar_At",0.266666666666667,29.96,0.87,42.13,0.38,40,2.3337,0.207,2.24,0.071,62.969,1.43136376415899,0.2686,18,0.00309,30.59,0.15,221.66,0,0,3,4,1.7,15,0.81,"Kale","CAÑO NEGRO Y AFLUENTES","Caño",7.40042103478,-73.8631269895,3143.08228299,657.371780177,788.304345388,788.304345388,7393.82443318,3140.11838373,4284.2546732,4879.51382428,3421.04954718,2047.9986448,57.7612879971,0,1.43969797613
"6","ANH_11","Simpson diversity",15.207,26.75,4.106,18.703,34.797,"Ar_At",0.266666666666667,29.96,0.87,42.13,0.38,40,2.3337,0.207,2.24,0.071,62.969,1.43136376415899,0.2686,18,0.00309,30.59,0.15,221.66,0,0,3,4,1.7,15,0.81,"Kale","CAÑO NEGRO Y AFLUENTES","Caño",7.40042103478,-73.8631269895,3143.08228299,657.371780177,788.304345388,788.304345388,7393.82443318,3140.11838373,4284.2546732,4879.51382428,3421.04954718,2047.9986448,57.7612879971,0,1.43969797613
"7","ANH_12","Species richness",17,27.562,8.531,19.634,59.363,"Ar_At",0.833333333333333,27.15,2.93,18.03,0.775,52,2.135,0.554,1.94,0.052,35.982,1.36172783601759,0.1645,8,0.00386,42.55,3.8,4.83,0,0,4,2,1,4.5,2.16,"Kale","CAÑO NEGRO Y AFLUENTES","Quebrada",7.39715997024,-73.840138,5702.50701035,245.332733129,1522.35401603,1522.35401603,7603.00393613,5695.82993406,2150.08287116,5954.15813108,5952.48793932,4356.68418962,0,0,85.2412681866
"8","ANH_12","Shannon diversity",16.127,27.562,4.338,19.06,36.065,"Ar_At",0.833333333333333,27.15,2.93,18.03,0.775,52,2.135,0.554,1.94,0.052,35.982,1.36172783601759,0.1645,8,0.00386,42.55,3.8,4.83,0,0,4,2,1,4.5,2.16,"Kale","CAÑO NEGRO Y AFLUENTES","Quebrada",7.39715997024,-73.840138,5702.50701035,245.332733129,1522.35401603,1522.35401603,7603.00393613,5695.82993406,2150.08287116,5954.15813108,5952.48793932,4356.68418962,0,0,85.2412681866
"9","ANH_12","Simpson diversity",15.207,26.75,4.032,18.847,34.653,"Ar_At",0.833333333333333,27.15,2.93,18.03,0.775,52,2.135,0.554,1.94,0.052,35.982,1.36172783601759,0.1645,8,0.00386,42.55,3.8,4.83,0,0,4,2,1,4.5,2.16,"Kale","CAÑO NEGRO Y AFLUENTES","Quebrada",7.39715997024,-73.840138,5702.50701035,245.332733129,1522.35401603,1522.35401603,7603.00393613,5695.82993406,2150.08287116,5954.15813108,5952.48793932,4356.68418962,0,0,85.2412681866
"10","ANH_13","Species richness",12,13.5,1.837,12.23,21.792,"Ar_At",0.833333333333333,26.6,6.01,20.105,0.1,18,2.5098,0.391,2.12,0.046,11.22,1.57978359661681,0.3356,10,0.00404,15.98,9.33,68.15,0,0,2,2,1.5,6,1.2,"Kale","CAÑO NEGRO Y AFLUENTES","Quebrada",7.38989504078,-73.8280400075,6266.48257857,1493.97765866,3002.04160307,3002.04160307,6336.64745952,7016.71945265,788.461330746,5312.69584555,7463.90153357,3888.45939747,0,0,13.7071031146
"11","ANH_13","Shannon diversity",11.339,13.5,1.526,11.339,16.491,"Ar_At",0.833333333333333,26.6,6.01,20.105,0.1,18,2.5098,0.391,2.12,0.046,11.22,1.57978359661681,0.3356,10,0.00404,15.98,9.33,68.15,0,0,2,2,1.5,6,1.2,"Kale","CAÑO NEGRO Y AFLUENTES","Quebrada",7.38989504078,-73.8280400075,6266.48257857,1493.97765866,3002.04160307,3002.04160307,6336.64745952,7016.71945265,788.461330746,5312.69584555,7463.90153357,3888.45939747,0,0,13.7071031146
"12","ANH_13","Simpson diversity",10.8,13.25,1.687,10.8,16.556,"Ar_At",0.833333333333333,26.6,6.01,20.105,0.1,18,2.5098,0.391,2.12,0.046,11.22,1.57978359661681,0.3356,10,0.00404,15.98,9.33,68.15,0,0,2,2,1.5,6,1.2,"Kale","CAÑO NEGRO Y AFLUENTES","Quebrada",7.38989504078,-73.8280400075,6266.48257857,1493.97765866,3002.04160307,3002.04160307,6336.64745952,7016.71945265,788.461330746,5312.69584555,7463.90153357,3888.45939747,0,0,13.7071031146
"13","ANH_15","Species richness",17,24.2,5.903,18.766,46.355,"Ar_At",0.555555555555556,32.14,0.56,40.16,0.37,50,2.0876,0.204,1.96,0.077,71.964,1.60205999132796,0.2726,28,0.00505,30.62,33.89,175.12,0,0.05,2,2,3,8,1.48,"Kale","CAÑO NEGRO Y AFLUENTES","Caño",7.40608099872,-73.8624680042,3234.70647908,107.063945786,1254.43001985,1254.43001985,7957.52576915,3078.52934807,4575.85407651,5460.68987709,3325.90256953,1798.36853489,0,0,169.499493659
"14","ANH_15","Shannon diversity",16.054,24.2,3.384,17.568,30.832,"Ar_At",0.555555555555556,32.14,0.56,40.16,0.37,50,2.0876,0.204,1.96,0.077,71.964,1.60205999132796,0.2726,28,0.00505,30.62,33.89,175.12,0,0.05,2,2,3,8,1.48,"Kale","CAÑO NEGRO Y AFLUENTES","Caño",7.40608099872,-73.8624680042,3234.70647908,107.063945786,1254.43001985,1254.43001985,7957.52576915,3078.52934807,4575.85407651,5460.68987709,3325.90256953,1798.36853489,0,0,169.499493659
"15","ANH_15","Simpson diversity",15.125,23.6,3.049,17.625,29.575,"Ar_At",0.555555555555556,32.14,0.56,40.16,0.37,50,2.0876,0.204,1.96,0.077,71.964,1.60205999132796,0.2726,28,0.00505,30.62,33.89,175.12,0,0.05,2,2,3,8,1.48,"Kale","CAÑO NEGRO Y AFLUENTES","Caño",7.40608099872,-73.8624680042,3234.70647908,107.063945786,1254.43001985,1254.43001985,7957.52576915,3078.52934807,4575.85407651,5460.68987709,3325.90256953,1798.36853489,0,0,169.499493659
"16","ANH_18","Species richness",9,12,3.464,9.494,27.224,"Ar_At",0.833333333333333,32.12,0.09,16.48,0.245,28,1.6811,0.204,2.08,0.08,55.972,1.69019608002851,0.5859,26,0.00319,29.41,2.74,190.68,0,0.05,2,3,3,30,1.21,"Kale","CAÑO NEGRO Y AFLUENTES","Caño",7.3743290084,-73.8910849951,2428.09749884,338.047918633,599.24482379,599.24482379,3400.28676036,630.782012083,5528.40523263,1079.36572484,1130.30829151,6.05331901675,0,0,169.499493659
"17","ANH_18","Shannon diversity",8.485,12,2.081,8.485,16.079,"Ar_At",0.833333333333333,32.12,0.09,16.48,0.245,28,1.6811,0.204,2.08,0.08,55.972,1.69019608002851,0.5859,26,0.00319,29.41,2.74,190.68,0,0.05,2,3,3,30,1.21,"Kale","CAÑO NEGRO Y AFLUENTES","Caño",7.3743290084,-73.8910849951,2428.09749884,338.047918633,599.24482379,599.24482379,3400.28676036,630.782012083,5528.40523263,1079.36572484,1130.30829151,6.05331901675,0,0,169.499493659
"18","ANH_18","Simpson diversity",8,11.5,2.024,8,15.467,"Ar_At",0.833333333333333,32.12,0.09,16.48,0.245,28,1.6811,0.204,2.08,0.08,55.972,1.69019608002851,0.5859,26,0.00319,29.41,2.74,190.68,0,0.05,2,3,3,30,1.21,"Kale","CAÑO NEGRO Y AFLUENTES","Caño",7.3743290084,-73.8910849951,2428.09749884,338.047918633,599.24482379,599.24482379,3400.28676036,630.782012083,5528.40523263,1079.36572484,1130.30829151,6.05331901675,0,0,169.499493659
"19","ANH_19","Species richness",20,31.25,8.385,23.057,61.395,"Ar_At",0.75,28.27,4.15,29.175,0.185,152,4.7544,0.393,1.36,0.069,64.26,2.20411998265592,0.0786,0,0.00351,3.05,4.15,46.03,0,0,4,4,0.7,600,0.27,"Kale","RIO MAGDALENA","Río Magdalena",7.40685096035,-73.8951580133,454.768914724,469.546842382,483.089828829,483.089828829,6829.56949383,316.605669199,7689.43605621,4702.40287891,0,1716.21580862,368.497361639,15.2517664436,48.6761009896
"20","ANH_19","Shannon diversity",18.946,31.25,4.115,23.185,39.315,"Ar_At",0.75,28.27,4.15,29.175,0.185,152,4.7544,0.393,1.36,0.069,64.26,2.20411998265592,0.0786,0,0.00351,3.05,4.15,46.03,0,0,4,4,0.7,600,0.27,"Kale","RIO MAGDALENA","Río Magdalena",7.40685096035,-73.8951580133,454.768914724,469.546842382,483.089828829,483.089828829,6829.56949383,316.605669199,7689.43605621,4702.40287891,0,1716.21580862,368.497361639,15.2517664436,48.6761009896
"21","ANH_19","Simpson diversity",17.857,30.5,3.966,22.726,38.274,"Ar_At",0.75,28.27,4.15,29.175,0.185,152,4.7544,0.393,1.36,0.069,64.26,2.20411998265592,0.0786,0,0.00351,3.05,4.15,46.03,0,0,4,4,0.7,600,0.27,"Kale","RIO MAGDALENA","Río Magdalena",7.40685096035,-73.8951580133,454.768914724,469.546842382,483.089828829,483.089828829,6829.56949383,316.605669199,7689.43605621,4702.40287891,0,1716.21580862,368.497361639,15.2517664436,48.6761009896
"22","ANH_20","Species richness",11,36,30,14.927,170.171,"Ar_At",0.611111111111111,29.2,4.85,20.625,0.175,142,2.9061,0.387,1.5,0.06,66.3,2.21218760440396,0.1128,2,0.00393,6.38,4.5,59.18,0,0.3,4,4,0.75,900,0.33,"Kale","RIO MAGDALENA","Río Magdalena",7.38938097866,-73.9012359828,1328.80837342,428.17331585,515.949482409,515.949482409,4855.06214623,426.167881251,7393.54712701,2975.37993401,0,1781.28080343,385.471030659,14.9199796132,9.15199036102
"23","ANH_20","Shannon diversity",10.691,36,12.316,11.862,60.138,"Ar_At",0.611111111111111,29.2,4.85,20.625,0.175,142,2.9061,0.387,1.5,0.06,66.3,2.21218760440396,0.1128,2,0.00393,6.38,4.5,59.18,0,0.3,4,4,0.75,900,0.33,"Kale","RIO MAGDALENA","Río Magdalena",7.38938097866,-73.9012359828,1328.80837342,428.17331585,515.949482409,515.949482409,4855.06214623,426.167881251,7393.54712701,2975.37993401,0,1781.28080343,385.471030659,14.9199796132,9.15199036102
"24","ANH_20","Simpson diversity",10.286,33.5,10.94,12.058,54.942,"Ar_At",0.611111111111111,29.2,4.85,20.625,0.175,142,2.9061,0.387,1.5,0.06,66.3,2.21218760440396,0.1128,2,0.00393,6.38,4.5,59.18,0,0.3,4,4,0.75,900,0.33,"Kale","RIO MAGDALENA","Río Magdalena",7.38938097866,-73.9012359828,1328.80837342,428.17331585,515.949482409,515.949482409,4855.06214623,426.167881251,7393.54712701,2975.37993401,0,1781.28080343,385.471030659,14.9199796132,9.15199036102
"25","ANH_21","Species richness",7,17.5,8.71,9.542,50.363,"Ar_At",0.833333333333333,28.72,4.71,25.08,0.195,122,3.4639,0.391,1.72,0.074,61.2,2.21218760440396,0.0488,0,0.00509,0.64,3.06,47.79,0,0,4,4,0.65,600,0.33,"Kale","RIO MAGDALENA","Río Magdalena",7.37987103896,-73.9009799995,2240.72740729,560.218781145,426.714396242,552.036219334,3805.32519465,575.85906462,6376.93419168,2018.20823263,0,1102.54734861,399.80211895,66.8734459015,4.47055853945
"26","ANH_21","Shannon diversity",7,22.224,8.062,7,38.025,"Ar_At",0.833333333333333,28.72,4.71,25.08,0.195,122,3.4639,0.391,1.72,0.074,61.2,2.21218760440396,0.0488,0,0.00509,0.64,3.06,47.79,0,0,4,4,0.65,600,0.33,"Kale","RIO MAGDALENA","Río Magdalena",7.37987103896,-73.9009799995,2240.72740729,560.218781145,426.714396242,552.036219334,3805.32519465,575.85906462,6376.93419168,2018.20823263,0,1102.54734861,399.80211895,66.8734459015,4.47055853945
"27","ANH_21","Simpson diversity",7,7,5.254,7,17.297,"Ar_At",0.833333333333333,28.72,4.71,25.08,0.195,122,3.4639,0.391,1.72,0.074,61.2,2.21218760440396,0.0488,0,0.00509,0.64,3.06,47.79,0,0,4,4,0.65,600,0.33,"Kale","RIO MAGDALENA","Río Magdalena",7.37987103896,-73.9009799995,2240.72740729,560.218781145,426.714396242,552.036219334,3805.32519465,575.85906462,6376.93419168,2018.20823263,0,1102.54734861,399.80211895,66.8734459015,4.47055853945
"28","ANH_291","Species richness",13,16.2,3.22,13.621,29.482,"Ar_At",0.833333333333333,30.71,2.11,44.24,0.615,80,2.82261,0.2125,2.66,0.068,83.958,1.27114431794908,0.356,34,0.00375,25.51,5.16,152.08,0,0,6,4,0.8,20,1.08,"Kale","CAÑO NEGRO Y AFLUENTES","Caño",7.39905400024,-73.865654,2878.14754184,943.145818258,949.213795296,949.213795296,7113.32503101,2914.26733013,4456.12614355,4609.77321406,3203.0138034,1884.01008271,77.5286686477,77.5286686477,71.35407181
"29","ANH_291","Shannon diversity",12.247,16.2,1.839,12.597,19.803,"Ar_At",0.833333333333333,30.71,2.11,44.24,0.615,80,2.82261,0.2125,2.66,0.068,83.958,1.27114431794908,0.356,34,0.00375,25.51,5.16,152.08,0,0,6,4,0.8,20,1.08,"Kale","CAÑO NEGRO Y AFLUENTES","Caño",7.39905400024,-73.865654,2878.14754184,943.145818258,949.213795296,949.213795296,7113.32503101,2914.26733013,4456.12614355,4609.77321406,3203.0138034,1884.01008271,77.5286686477,77.5286686477,71.35407181
"30","ANH_291","Simpson diversity",11.571,15.8,2.034,11.813,19.787,"Ar_At",0.833333333333333,30.71,2.11,44.24,0.615,80,2.82261,0.2125,2.66,0.068,83.958,1.27114431794908,0.356,34,0.00375,25.51,5.16,152.08,0,0,6,4,0.8,20,1.08,"Kale","CAÑO NEGRO Y AFLUENTES","Caño",7.39905400024,-73.865654,2878.14754184,943.145818258,949.213795296,949.213795296,7113.32503101,2914.26733013,4456.12614355,4609.77321406,3203.0138034,1884.01008271,77.5286686477,77.5286686477,71.35407181
"31","ANH_296","Species richness",18,21.429,3.314,18.698,34.848,"Ar_At",1.22222222222222,27.29,4.03,22.46,0.15,52,2.89,0.882,3.69,0.089,24.48,2.02118929906994,0,0,0,0,0,0,0,0.35,2,3,4.5,15,2.6,"Caracterizacion","SOGAMOSITO-PAREDES","Caño",7.41290700024,-73.749721,3091.30188043,3061.55921954,6686.45434729,11610.2959298,1014.57565719,9732.85727516,3219.69043621,2738.2144934,15446.7206789,31.5375462503,3.35788119566,0,13.2563179285
"32","ANH_296","Shannon diversity",16.171,21.068,2.69,16.171,26.341,"Ar_At",1.22222222222222,27.29,4.03,22.46,0.15,52,2.89,0.882,3.69,0.089,24.48,2.02118929906994,0,0,0,0,0,0,0,0.35,2,3,4.5,15,2.6,"Caracterizacion","SOGAMOSITO-PAREDES","Caño",7.41290700024,-73.749721,3091.30188043,3061.55921954,6686.45434729,11610.2959298,1014.57565719,9732.85727516,3219.69043621,2738.2144934,15446.7206789,31.5375462503,3.35788119566,0,13.2563179285
"33","ANH_296","Simpson diversity",14.629,19.829,2.039,15.833,23.825,"Ar_At",1.22222222222222,27.29,4.03,22.46,0.15,52,2.89,0.882,3.69,0.089,24.48,2.02118929906994,0,0,0,0,0,0,0,0.35,2,3,4.5,15,2.6,"Caracterizacion","SOGAMOSITO-PAREDES","Caño",7.41290700024,-73.749721,3091.30188043,3061.55921954,6686.45434729,11610.2959298,1014.57565719,9732.85727516,3219.69043621,2738.2144934,15446.7206789,31.5375462503,3.35788119566,0,13.2563179285
"34","ANH_297","Species richness",26,34.028,5.509,28.376,53.126,"Ar_At",0.805555555555556,26.37,6.76,21.145,1.075,98,4.071,0.555,1.66,0.089,57.971,1.70757017609794,0.0754,0,0.00077,28.63,6.58,123.3,0,0,2,2,1.7,4,1.08,"Caracterizacion","SOGAMOSITO-PAREDES","Quebrada",7.35596600024,-73.734434,3300.01664568,924.910512773,252.454352577,9614.82421706,2808.99901348,3433.91138583,8420.15043527,8672.66949343,11087.0421582,2378.43186201,0,0,464.832921597
"35","ANH_297","Shannon diversity",24.505,34.028,3.51,27.149,40.907,"Ar_At",0.805555555555556,26.37,6.76,21.145,1.075,98,4.071,0.555,1.66,0.089,57.971,1.70757017609794,0.0754,0,0.00077,28.63,6.58,123.3,0,0,2,2,1.7,4,1.08,"Caracterizacion","SOGAMOSITO-PAREDES","Quebrada",7.35596600024,-73.734434,3300.01664568,924.910512773,252.454352577,9614.82421706,2808.99901348,3433.91138583,8420.15043527,8672.66949343,11087.0421582,2378.43186201,0,0,464.832921597
"36","ANH_297","Simpson diversity",23.113,33.556,3.413,26.866,40.245,"Ar_At",0.805555555555556,26.37,6.76,21.145,1.075,98,4.071,0.555,1.66,0.089,57.971,1.70757017609794,0.0754,0,0.00077,28.63,6.58,123.3,0,0,2,2,1.7,4,1.08,"Caracterizacion","SOGAMOSITO-PAREDES","Quebrada",7.35596600024,-73.734434,3300.01664568,924.910512773,252.454352577,9614.82421706,2808.99901348,3433.91138583,8420.15043527,8672.66949343,11087.0421582,2378.43186201,0,0,464.832921597
"37","ANH_298","Species richness",18,30.25,9.625,21.147,65.681,"Ar_At",0.652777777777778,26.66,4.72,19.625,1.075,96,3.186,0.565,1.66,0.085,63.968,1.91907809237607,0.1271,2,0.00102,14.56,2.41,237.6,0,0.05,4,2,0.4,1.8,0.4,"Caracterizacion","SOGAMOSITO-PAREDES","Quebrada",7.31940500024,-73.695225,2810.71851918,2202.32092043,2224.37712115,4735.09311448,2498.05558417,2488.39981961,4728.95225728,14543.5108179,6819.9748217,4292.49374576,32.2726458508,32.2726458508,61.1300517743
"38","ANH_298","Shannon diversity",17.098,30.25,4.286,21.849,38.651,"Ar_At",0.652777777777778,26.66,4.72,19.625,1.075,96,3.186,0.565,1.66,0.085,63.968,1.91907809237607,0.1271,2,0.00102,14.56,2.41,237.6,0,0.05,4,2,0.4,1.8,0.4,"Caracterizacion","SOGAMOSITO-PAREDES","Quebrada",7.31940500024,-73.695225,2810.71851918,2202.32092043,2224.37712115,4735.09311448,2498.05558417,2488.39981961,4728.95225728,14543.5108179,6819.9748217,4292.49374576,32.2726458508,32.2726458508,61.1300517743
"39","ANH_298","Simpson diversity",16.133,29.375,4.371,20.807,37.943,"Ar_At",0.652777777777778,26.66,4.72,19.625,1.075,96,3.186,0.565,1.66,0.085,63.968,1.91907809237607,0.1271,2,0.00102,14.56,2.41,237.6,0,0.05,4,2,0.4,1.8,0.4,"Caracterizacion","SOGAMOSITO-PAREDES","Quebrada",7.31940500024,-73.695225,2810.71851918,2202.32092043,2224.37712115,4735.09311448,2498.05558417,2488.39981961,4728.95225728,14543.5108179,6819.9748217,4292.49374576,32.2726458508,32.2726458508,61.1300517743
"40","ANH_299","Species richness",13,14.5,2.077,13.197,24.396,"Ar_At",2,31.11,5.8,20.305,0.1,62,2.897,1.081,5.33,0.068,20.45,1.30102999566398,0.2196,22,0.00158,25.72,0.1,106.98,0,0,2,4,2,0,2.7,"Caracterizacion","SOGAMOSITO-PAREDES","Ciénaga",7.42954700024,-73.774166,847.197851708,3322.95163624,9362.76645286,9451.11787518,4181.49860241,9453.94201166,1166.79769484,444.480711593,12749.3470539,158.278254184,4.51532193544,0,1742.63205395
"41","ANH_299","Shannon diversity",11.767,13.892,1.735,11.767,17.291,"Ar_At",2,31.11,5.8,20.305,0.1,62,2.897,1.081,5.33,0.068,20.45,1.30102999566398,0.2196,22,0.00158,25.72,0.1,106.98,0,0,2,4,2,0,2.7,"Caracterizacion","SOGAMOSITO-PAREDES","Ciénaga",7.42954700024,-73.774166,847.197851708,3322.95163624,9362.76645286,9451.11787518,4181.49860241,9453.94201166,1166.79769484,444.480711593,12749.3470539,158.278254184,4.51532193544,0,1742.63205395
"42","ANH_299","Simpson diversity",10.889,13.136,1.422,10.889,15.924,"Ar_At",2,31.11,5.8,20.305,0.1,62,2.897,1.081,5.33,0.068,20.45,1.30102999566398,0.2196,22,0.00158,25.72,0.1,106.98,0,0,2,4,2,0,2.7,"Caracterizacion","SOGAMOSITO-PAREDES","Ciénaga",7.42954700024,-73.774166,847.197851708,3322.95163624,9362.76645286,9451.11787518,4181.49860241,9453.94201166,1166.79769484,444.480711593,12749.3470539,158.278254184,4.51532193544,0,1742.63205395
"43","ANH_300","Species richness",7,10.125,3.977,7.457,28.391,"Ar_At",0.833333333333333,29.09,0.88,19.255,0.335,36,2.2502,0.2075,1.74,0.068,47.976,1.57978359661681,0,0,0,0,0,0,0,0,4,4,0.6,0,0.6,"Platero","MONTECRISTO-YARIRI","Ciénaga",7.30831400024,-73.898811,1639.10260428,5892.36849676,4313.84697995,4680.6328129,2813.11726247,2445.06325006,1414.9425308,7.15292948776,1294.11642433,4629.26781306,735.049336463,0,33.3555711152
"44","ANH_300","Shannon diversity",6.614,10.125,2.338,6.614,14.708,"Ar_At",0.833333333333333,29.09,0.88,19.255,0.335,36,2.2502,0.2075,1.74,0.068,47.976,1.57978359661681,0,0,0,0,0,0,0,0,4,4,0.6,0,0.6,"Platero","MONTECRISTO-YARIRI","Ciénaga",7.30831400024,-73.898811,1639.10260428,5892.36849676,4313.84697995,4680.6328129,2813.11726247,2445.06325006,1414.9425308,7.15292948776,1294.11642433,4629.26781306,735.049336463,0,33.3555711152
"45","ANH_300","Simpson diversity",6.231,9.5,2.077,6.231,13.57,"Ar_At",0.833333333333333,29.09,0.88,19.255,0.335,36,2.2502,0.2075,1.74,0.068,47.976,1.57978359661681,0,0,0,0,0,0,0,0,4,4,0.6,0,0.6,"Platero","MONTECRISTO-YARIRI","Ciénaga",7.30831400024,-73.898811,1639.10260428,5892.36849676,4313.84697995,4680.6328129,2813.11726247,2445.06325006,1414.9425308,7.15292948776,1294.11642433,4629.26781306,735.049336463,0,33.3555711152
"46","ANH_301","Species richness",7,7.562,1.031,7.052,13.069,"Ar_At",0.5,31.1,2,22.835,0.07,28,2.5019,0.385,1.22,0.058,20.4,1.44715803134222,0.2498,24,7e-04,20.45,5.55,58.13,0,0,4,4,2.76,0,2.76,"Platero","CORREDOR","Ciénaga",7.28087500024,-73.893527,2362.26959375,7552.47290772,2645.58406321,2645.58406321,5711.28856789,4893.90622778,1472.89444457,0,2041.00905415,5686.74053719,206.984875107,0,68.9598168482
"47","ANH_301","Shannon diversity",6.644,7.562,1.15,6.644,9.816,"Ar_At",0.5,31.1,2,22.835,0.07,28,2.5019,0.385,1.22,0.058,20.4,1.44715803134222,0.2498,24,7e-04,20.45,5.55,58.13,0,0,4,4,2.76,0,2.76,"Platero","CORREDOR","Ciénaga",7.28087500024,-73.893527,2362.26959375,7552.47290772,2645.58406321,2645.58406321,5711.28856789,4893.90622778,1472.89444457,0,2041.00905415,5686.74053719,206.984875107,0,68.9598168482
"48","ANH_301","Simpson diversity",6.368,7.375,1.18,6.368,9.687,"Ar_At",0.5,31.1,2,22.835,0.07,28,2.5019,0.385,1.22,0.058,20.4,1.44715803134222,0.2498,24,7e-04,20.45,5.55,58.13,0,0,4,4,2.76,0,2.76,"Platero","CORREDOR","Ciénaga",7.28087500024,-73.893527,2362.26959375,7552.47290772,2645.58406321,2645.58406321,5711.28856789,4893.90622778,1472.89444457,0,2041.00905415,5686.74053719,206.984875107,0,68.9598168482
"49","ANH_302","Species richness",20,25.062,4.552,21.12,42.888,"Ar_At",1.63888888888889,26.9,3.6,18.54,0.05,56,2.3518,0.389,1.08,0.04,15.3,1.14612803567824,0.2729,6,0.00421,24.94,0.73,38.24,0,0,2,1,1.3,3,1.3,"Platero","LA MORENA-TRECE","Quebrada",7.3125449943,-73.8580540102,2390.72834104,2299.33616252,5459.48558752,7314.08774518,1879.68516948,1426.20124605,2500.88223882,3711.01156864,5805.69133732,450.969141195,0,0,135.594330327
"50","ANH_302","Shannon diversity",17.37,22.258,2.969,17.37,28.077,"Ar_At",1.63888888888889,26.9,3.6,18.54,0.05,56,2.3518,0.389,1.08,0.04,15.3,1.14612803567824,0.2729,6,0.00421,24.94,0.73,38.24,0,0,2,1,1.3,3,1.3,"Platero","LA MORENA-TRECE","Quebrada",7.3125449943,-73.8580540102,2390.72834104,2299.33616252,5459.48558752,7314.08774518,1879.68516948,1426.20124605,2500.88223882,3711.01156864,5805.69133732,450.969141195,0,0,135.594330327
"51","ANH_302","Simpson diversity",15.364,18.775,1.771,15.364,22.246,"Ar_At",1.63888888888889,26.9,3.6,18.54,0.05,56,2.3518,0.389,1.08,0.04,15.3,1.14612803567824,0.2729,6,0.00421,24.94,0.73,38.24,0,0,2,1,1.3,3,1.3,"Platero","LA MORENA-TRECE","Quebrada",7.3125449943,-73.8580540102,2390.72834104,2299.33616252,5459.48558752,7314.08774518,1879.68516948,1426.20124605,2500.88223882,3711.01156864,5805.69133732,450.969141195,0,0,135.594330327
"52","ANH_303","Species richness",16,20.167,3.742,16.923,34.812,"Ar_At",0.833333333333333,29.22,2.74,22.75,0.525,26,2.5663,0.218,1.56,0.065,63.968,1.72427586960079,0.1919,8,0.00432,22.55,1.66,59.96,0,0,4,3,0.75,6.5,0.27,"Platero","MONTECRISTO-YARIRI","Caño",7.32463500024,-73.895636,1269.03876867,4453.08579257,3416.25595498,3491.82090825,1006.28474126,1339.5776581,1260.46523461,1046.43932975,1546.95261534,3909.28969742,970.328236099,72.2397412112,75.2663512511
"53","ANH_303","Shannon diversity",15.074,20.167,2.415,15.434,24.899,"Ar_At",0.833333333333333,29.22,2.74,22.75,0.525,26,2.5663,0.218,1.56,0.065,63.968,1.72427586960079,0.1919,8,0.00432,22.55,1.66,59.96,0,0,4,3,0.75,6.5,0.27,"Platero","MONTECRISTO-YARIRI","Caño",7.32463500024,-73.895636,1269.03876867,4453.08579257,3416.25595498,3491.82090825,1006.28474126,1339.5776581,1260.46523461,1046.43932975,1546.95261534,3909.28969742,970.328236099,72.2397412112,75.2663512511
"54","ANH_303","Simpson diversity",14.235,19.75,2.411,15.025,24.475,"Ar_At",0.833333333333333,29.22,2.74,22.75,0.525,26,2.5663,0.218,1.56,0.065,63.968,1.72427586960079,0.1919,8,0.00432,22.55,1.66,59.96,0,0,4,3,0.75,6.5,0.27,"Platero","MONTECRISTO-YARIRI","Caño",7.32463500024,-73.895636,1269.03876867,4453.08579257,3416.25595498,3491.82090825,1006.28474126,1339.5776581,1260.46523461,1046.43932975,1546.95261534,3909.28969742,970.328236099,72.2397412112,75.2663512511
"55","ANH_304","Species richness",20,31.25,8.385,23.057,61.395,"Ar_At",0.833333333333333,27.9,7.57,0,0,0,0,0,0,0,0,1.20411998265592,0,0,0,0,0,0,0,0.1,2,2,0.95,4,0.95,"Platero","LA MORENA-TRECE","Quebrada",7.33135900024,-73.855404,1551.02116398,1450.59975733,6680.31596503,6680.31596503,220.292308639,470.582704293,1563.70259172,3122.44781767,5623.4164489,42.4794732888,0,0,61.3915848758
"56","ANH_304","Shannon diversity",18.946,31.25,4.098,23.217,39.283,"Ar_At",0.833333333333333,27.9,7.57,0,0,0,0,0,0,0,0,1.20411998265592,0,0,0,0,0,0,0,0.1,2,2,0.95,4,0.95,"Platero","LA MORENA-TRECE","Quebrada",7.33135900024,-73.855404,1551.02116398,1450.59975733,6680.31596503,6680.31596503,220.292308639,470.582704293,1563.70259172,3122.44781767,5623.4164489,42.4794732888,0,0,61.3915848758
"57","ANH_304","Simpson diversity",17.857,30.5,3.748,23.154,37.846,"Ar_At",0.833333333333333,27.9,7.57,0,0,0,0,0,0,0,0,1.20411998265592,0,0,0,0,0,0,0,0.1,2,2,0.95,4,0.95,"Platero","LA MORENA-TRECE","Quebrada",7.33135900024,-73.855404,1551.02116398,1450.59975733,6680.31596503,6680.31596503,220.292308639,470.582704293,1563.70259172,3122.44781767,5623.4164489,42.4794732888,0,0,61.3915848758
"58","ANH_305","Species richness",22,28.25,5.328,23.468,48.605,"Ar_At",1.54166666666667,27.82,5.52,18.32,1.075,16,2.697,0.568,1.48,0.076,22.989,1.32221929473392,0,0,0,0,0,0,0.75,0.05,2,2,1.3,8.5,1.3,"Platero","LA MORENA-TRECE","Quebrada",7.33309000024,-73.840144,151.782273909,106.107248646,7199.41658319,7199.41658319,548.300690569,675.084642507,108.649067058,4359.37293076,7260.08860766,38.9116684692,0,0,99.7831160149
"59","ANH_305","Shannon diversity",19.124,24.702,3.037,19.124,30.656,"Ar_At",1.54166666666667,27.82,5.52,18.32,1.075,16,2.697,0.568,1.48,0.076,22.989,1.32221929473392,0,0,0,0,0,0,0.75,0.05,2,2,1.3,8.5,1.3,"Platero","LA MORENA-TRECE","Quebrada",7.33309000024,-73.840144,151.782273909,106.107248646,7199.41658319,7199.41658319,548.300690569,675.084642507,108.649067058,4359.37293076,7260.08860766,38.9116684692,0,0,99.7831160149
"60","ANH_305","Simpson diversity",16.963,20.773,2.047,16.963,24.784,"Ar_At",1.54166666666667,27.82,5.52,18.32,1.075,16,2.697,0.568,1.48,0.076,22.989,1.32221929473392,0,0,0,0,0,0,0.75,0.05,2,2,1.3,8.5,1.3,"Platero","LA MORENA-TRECE","Quebrada",7.33309000024,-73.840144,151.782273909,106.107248646,7199.41658319,7199.41658319,548.300690569,675.084642507,108.649067058,4359.37293076,7260.08860766,38.9116684692,0,0,99.7831160149
"61","ANH_32","Species richness",15,27,10.392,17.77,66.993,"Ar_At",1,28.39,6.51,24.2,0.155,134,3.3284,0.395,2.04,0.075,69.36,2.26085813197114,0.0523,0,0.00337,1.6,3.09,52.33,0,0,2,4,2,983,0.81,"Platero","RIO MAGDALENA","Río Magdalena",7.25855003135,-73.9175989665,4250.44827118,10241.1120199,2618.91704933,2618.91704933,8693.17894778,8174.63125212,5034.40695769,2647.8335066,67.0672120852,9312.59973387,324.123372173,0,3.74291149702
"62","ANH_32","Shannon diversity",14.287,27,4.689,17.81,36.19,"Ar_At",1,28.39,6.51,24.2,0.155,134,3.3284,0.395,2.04,0.075,69.36,2.26085813197114,0.0523,0,0.00337,1.6,3.09,52.33,0,0,2,4,2,983,0.81,"Platero","RIO MAGDALENA","Río Magdalena",7.25855003135,-73.9175989665,4250.44827118,10241.1120199,2618.91704933,2618.91704933,8693.17894778,8174.63125212,5034.40695769,2647.8335066,67.0672120852,9312.59973387,324.123372173,0,3.74291149702
"63","ANH_32","Simpson diversity",13.5,26,4.548,17.086,34.914,"Ar_At",1,28.39,6.51,24.2,0.155,134,3.3284,0.395,2.04,0.075,69.36,2.26085813197114,0.0523,0,0.00337,1.6,3.09,52.33,0,0,2,4,2,983,0.81,"Platero","RIO MAGDALENA","Río Magdalena",7.25855003135,-73.9175989665,4250.44827118,10241.1120199,2618.91704933,2618.91704933,8693.17894778,8174.63125212,5034.40695769,2647.8335066,67.0672120852,9312.59973387,324.123372173,0,3.74291149702
"64","ANH_33","Species richness",5,9,6,5.476,38.587,"Ar_At",0.333333333333333,27.22,7.22,27.01,0.16,144,3.4142,0.389,2.38,0.083,66.3,2.26623169668989,0.2839,8,0.0033,7.23,7.28,73.38,0,0,2,4,2,830,0.81,"Platero","RIO MAGDALENA","Río Magdalena",7.2359369977,-73.9170659613,5643.05761238,9193.2833305,3453.64711097,3453.64711097,11061.7508279,8957.60585441,5713.91095478,4682.35151127,0,11139.5965515,682.026548959,0,9476.16752482
"65","ANH_33","Shannon diversity",4.762,9,3.15,4.762,15.174,"Ar_At",0.333333333333333,27.22,7.22,27.01,0.16,144,3.4142,0.389,2.38,0.083,66.3,2.26623169668989,0.2839,8,0.0033,7.23,7.28,73.38,0,0,2,4,2,830,0.81,"Platero","RIO MAGDALENA","Río Magdalena",7.2359369977,-73.9170659613,5643.05761238,9193.2833305,3453.64711097,3453.64711097,11061.7508279,8957.60585441,5713.91095478,4682.35151127,0,11139.5965515,682.026548959,0,9476.16752482
"66","ANH_33","Simpson diversity",4.5,8,2.639,4.5,13.173,"Ar_At",0.333333333333333,27.22,7.22,27.01,0.16,144,3.4142,0.389,2.38,0.083,66.3,2.26623169668989,0.2839,8,0.0033,7.23,7.28,73.38,0,0,2,4,2,830,0.81,"Platero","RIO MAGDALENA","Río Magdalena",7.2359369977,-73.9170659613,5643.05761238,9193.2833305,3453.64711097,3453.64711097,11061.7508279,8957.60585441,5713.91095478,4682.35151127,0,11139.5965515,682.026548959,0,9476.16752482
"67","ANH_34","Species richness",8,22,10.717,11.699,60.993,"Ar_At",0.583333333333333,26.67,2.8,15.48,0.425,62,2.9,1.016,1.76,0.064,24.48,1.36172783601759,0.211,30,0.00305,21.23,0.53,31.64,0,0,5,4,1.9,0,1.35,"Platero","SALADO-MAGDALENA","Ciénaga",7.24729000024,-73.89989,5349.63739846,7954.59664244,1254.97060619,1254.97060619,9472.30442568,7264.38627406,4424.39520407,2774.35876796,1792.77124202,9017.99100436,1234.5367998,17.7567690675,11.8079519141
"68","ANH_34","Shannon diversity",8,27.663,9.885,8.289,47.038,"Ar_At",0.583333333333333,26.67,2.8,15.48,0.425,62,2.9,1.016,1.76,0.064,24.48,1.36172783601759,0.211,30,0.00305,21.23,0.53,31.64,0,0,5,4,1.9,0,1.35,"Platero","SALADO-MAGDALENA","Ciénaga",7.24729000024,-73.89989,5349.63739846,7954.59664244,1254.97060619,1254.97060619,9472.30442568,7264.38627406,4424.39520407,2774.35876796,1792.77124202,9017.99100436,1234.5367998,17.7567690675,11.8079519141
"69","ANH_34","Simpson diversity",8,8,6.82,8,21.368,"Ar_At",0.583333333333333,26.67,2.8,15.48,0.425,62,2.9,1.016,1.76,0.064,24.48,1.36172783601759,0.211,30,0.00305,21.23,0.53,31.64,0,0,5,4,1.9,0,1.35,"Platero","SALADO-MAGDALENA","Ciénaga",7.24729000024,-73.89989,5349.63739846,7954.59664244,1254.97060619,1254.97060619,9472.30442568,7264.38627406,4424.39520407,2774.35876796,1792.77124202,9017.99100436,1234.5367998,17.7567690675,11.8079519141
"70","ANH_35","Species richness",16,40.5,22.274,21.352,128.158,"Ar_At",0.791666666666667,26.74,5.5,17.39,0.313,68,3.004,0.854,3.06,0.076,24.5,1.63346845557959,0.0609,4,0.00221,18.92,1.2,16.19,0.7,0,2,2,1.5,5,0.54,"Platero","SALADO-MAGDALENA","Caño",7.24186099158,-73.8684710395,2685.48087035,4525.4717358,586.78762,3270.63960508,8367.92871456,3761.89938629,2258.78874525,4298.48180165,3143.4926017,8296.7972305,9.76744540867,9.76744540867,3.78816821664
"71","ANH_35","Shannon diversity",15.43,40.5,9.502,21.877,59.123,"Ar_At",0.791666666666667,26.74,5.5,17.39,0.313,68,3.004,0.854,3.06,0.076,24.5,1.63346845557959,0.0609,4,0.00221,18.92,1.2,16.19,0.7,0,2,2,1.5,5,0.54,"Platero","SALADO-MAGDALENA","Caño",7.24186099158,-73.8684710395,2685.48087035,4525.4717358,586.78762,3270.63960508,8367.92871456,3761.89938629,2258.78874525,4298.48180165,3143.4926017,8296.7972305,9.76744540867,9.76744540867,3.78816821664
"72","ANH_35","Simpson diversity",14.727,38.75,7.972,23.125,54.375,"Ar_At",0.791666666666667,26.74,5.5,17.39,0.313,68,3.004,0.854,3.06,0.076,24.5,1.63346845557959,0.0609,4,0.00221,18.92,1.2,16.19,0.7,0,2,2,1.5,5,0.54,"Platero","SALADO-MAGDALENA","Caño",7.24186099158,-73.8684710395,2685.48087035,4525.4717358,586.78762,3270.63960508,8367.92871456,3761.89938629,2258.78874525,4298.48180165,3143.4926017,8296.7972305,9.76744540867,9.76744540867,3.78816821664
"73","ANH_37","Species richness",26,31.4,4.247,27.386,47.04,"Ar_At",0.638888888888889,26.87,3.9,19.63,0.313,52,3.046,0.747,3.47,0.081,28.6,1.39794000867204,0.1816,0,0.00144,19.43,0.78,36.34,0.05,0,4,1,1.5,6,0.13,"Platero","SALADO-MAGDALENA","Caño",7.24880103977,-73.8821359724,4374.1796108,6214.43823327,1585.0044614,1585.0044614,9112.84179855,5440.97508241,2901.61697834,2823.4168444,3760.47135227,7966.44347964,0,0,45.7606127029
"74","ANH_37","Shannon diversity",23.171,30.457,3.111,24.36,36.554,"Ar_At",0.638888888888889,26.87,3.9,19.63,0.313,52,3.046,0.747,3.47,0.081,28.6,1.39794000867204,0.1816,0,0.00144,19.43,0.78,36.34,0.05,0,4,1,1.5,6,0.13,"Platero","SALADO-MAGDALENA","Caño",7.24880103977,-73.8821359724,4374.1796108,6214.43823327,1585.0044614,1585.0044614,9112.84179855,5440.97508241,2901.61697834,2823.4168444,3760.47135227,7966.44347964,0,0,45.7606127029
"75","ANH_37","Simpson diversity",20.745,27.973,2.454,23.164,32.782,"Ar_At",0.638888888888889,26.87,3.9,19.63,0.313,52,3.046,0.747,3.47,0.081,28.6,1.39794000867204,0.1816,0,0.00144,19.43,0.78,36.34,0.05,0,4,1,1.5,6,0.13,"Platero","SALADO-MAGDALENA","Caño",7.24880103977,-73.8821359724,4374.1796108,6214.43823327,1585.0044614,1585.0044614,9112.84179855,5440.97508241,2901.61697834,2823.4168444,3760.47135227,7966.44347964,0,0,45.7606127029
"76","ANH_39","Species richness",16,17.339,1.741,16.191,25.409,"Ar_At",1.70277777777778,25.52,6.1,21.155,3.725,40,2.64,0.447,1.27,0.072,18.36,1.32221929473392,0.1879,10,0.00361,18.38,2.89,42.4,0.35,0.15,2,3,3.5,18,1.35,"Platero","CORREDOR","Caño",7.26584102982,-73.8877650071,4054.197194,7436.51139294,1195.87251946,1195.87251946,7296.97418103,6403.3916761,2032.94361862,899.011196148,3376.49841112,6568.11386386,4.88486825749,4.88486825749,260.342062684
"77","ANH_39","Shannon diversity",14.588,17.45,1.852,14.588,21.08,"Ar_At",1.70277777777778,25.52,6.1,21.155,3.725,40,2.64,0.447,1.27,0.072,18.36,1.32221929473392,0.1879,10,0.00361,18.38,2.89,42.4,0.35,0.15,2,3,3.5,18,1.35,"Platero","CORREDOR","Caño",7.26584102982,-73.8877650071,4054.197194,7436.51139294,1195.87251946,1195.87251946,7296.97418103,6403.3916761,2032.94361862,899.011196148,3376.49841112,6568.11386386,4.88486825749,4.88486825749,260.342062684
"78","ANH_39","Simpson diversity",13.474,17.159,1.487,14.245,20.073,"Ar_At",1.70277777777778,25.52,6.1,21.155,3.725,40,2.64,0.447,1.27,0.072,18.36,1.32221929473392,0.1879,10,0.00361,18.38,2.89,42.4,0.35,0.15,2,3,3.5,18,1.35,"Platero","CORREDOR","Caño",7.26584102982,-73.8877650071,4054.197194,7436.51139294,1195.87251946,1195.87251946,7296.97418103,6403.3916761,2032.94361862,899.011196148,3376.49841112,6568.11386386,4.88486825749,4.88486825749,260.342062684
"79","ANH_40","Species richness",13,28.125,14.584,16.087,87.105,"Ar_At",0.5,26.88,6.34,23.235,0.225,54,1.785,1.039,4.92,0.058,61.2,1.25527250510331,0.2331,8,0.00477,21.3,1.83,49.7,0.05,0,4,3,1.5,4.5,1.5,"Platero","CORREDOR","Quebrada",7.27412100905,-73.8137369603,3865.38412882,178.876064442,4295.83935212,4477.80598943,2992.4377308,545.240105442,4699.93607837,8589.42416737,4182.06518742,5044.71469953,3.45538576769,3.45538576769,264.388972017
"80","ANH_40","Shannon diversity",12.469,28.125,6.671,15.051,41.199,"Ar_At",0.5,26.88,6.34,23.235,0.225,54,1.785,1.039,4.92,0.058,61.2,1.25527250510331,0.2331,8,0.00477,21.3,1.83,49.7,0.05,0,4,3,1.5,4.5,1.5,"Platero","CORREDOR","Quebrada",7.27412100905,-73.8137369603,3865.38412882,178.876064442,4295.83935212,4477.80598943,2992.4377308,545.240105442,4699.93607837,8589.42416737,4182.06518742,5044.71469953,3.45538576769,3.45538576769,264.388972017
"81","ANH_40","Simpson diversity",11.842,26.75,6.203,14.593,38.907,"Ar_At",0.5,26.88,6.34,23.235,0.225,54,1.785,1.039,4.92,0.058,61.2,1.25527250510331,0.2331,8,0.00477,21.3,1.83,49.7,0.05,0,4,3,1.5,4.5,1.5,"Platero","CORREDOR","Quebrada",7.27412100905,-73.8137369603,3865.38412882,178.876064442,4295.83935212,4477.80598943,2992.4377308,545.240105442,4699.93607837,8589.42416737,4182.06518742,5044.71469953,3.45538576769,3.45538576769,264.388972017
"82","ANH_43","Species richness",19,20.333,1.648,19.202,27.803,"Ar_At",0.916666666666667,26.51,6.1,14.56,0.275,96,2.19,1.053,0.97,0.054,28.56,1.46239799789896,0.2501,10,0.00393,20.65,5.99,29.84,0,0.2,2,2,0.85,8,0.85,"Platero","CORREDOR","Quebrada",7.26485598856,-73.8733619638,4843.14845279,5895.42061852,2434.42420069,2434.42420069,7284.4078322,5541.87026023,971.209078924,2276.85820497,4852.18024448,5963.85139677,0,0,78.6478687443
"83","ANH_43","Shannon diversity",17.65,20.43,1.909,17.65,24.171,"Ar_At",0.916666666666667,26.51,6.1,14.56,0.275,96,2.19,1.053,0.97,0.054,28.56,1.46239799789896,0.2501,10,0.00393,20.65,5.99,29.84,0,0.2,2,2,0.85,8,0.85,"Platero","CORREDOR","Quebrada",7.26485598856,-73.8733619638,4843.14845279,5895.42061852,2434.42420069,2434.42420069,7284.4078322,5541.87026023,971.209078924,2276.85820497,4852.18024448,5963.85139677,0,0,78.6478687443
"84","ANH_43","Simpson diversity",16.615,20.333,1.506,17.381,23.286,"Ar_At",0.916666666666667,26.51,6.1,14.56,0.275,96,2.19,1.053,0.97,0.054,28.56,1.46239799789896,0.2501,10,0.00393,20.65,5.99,29.84,0,0.2,2,2,0.85,8,0.85,"Platero","CORREDOR","Quebrada",7.26485598856,-73.8733619638,4843.14845279,5895.42061852,2434.42420069,2434.42420069,7284.4078322,5541.87026023,971.209078924,2276.85820497,4852.18024448,5963.85139677,0,0,78.6478687443
"85","ANH_7","Species richness",16,19.048,3.003,16.606,31.315,"Ar_At",1.76666666666667,25.93,4.98,17.645,0.115,36,0.6063,0.201,2.16,0.058,51.974,1.27875360095283,0.2118,4,0.00284,20.28,0.45,41.8,0.25,0,1,1,0.5,3.5,1.35,"Kale","CAÑO NEGRO Y AFLUENTES","Quebrada",7.35131699616,-73.8273490034,2577.46852082,299.1970037,5951.10156398,5951.10156398,2676.63298397,2865.48305407,1146.58355249,5185.77379608,8317.10899692,2107.99776216,0,0,18.8753280657
"86","ANH_7","Shannon diversity",14.863,19.642,2.994,14.863,25.51,"Ar_At",1.76666666666667,25.93,4.98,17.645,0.115,36,0.6063,0.201,2.16,0.058,51.974,1.27875360095283,0.2118,4,0.00284,20.28,0.45,41.8,0.25,0,1,1,0.5,3.5,1.35,"Kale","CAÑO NEGRO Y AFLUENTES","Quebrada",7.35131699616,-73.8273490034,2577.46852082,299.1970037,5951.10156398,5951.10156398,2676.63298397,2865.48305407,1146.58355249,5185.77379608,8317.10899692,2107.99776216,0,0,18.8753280657
"87","ANH_7","Simpson diversity",13.889,20.333,2.003,16.408,24.258,"Ar_At",1.76666666666667,25.93,4.98,17.645,0.115,36,0.6063,0.201,2.16,0.058,51.974,1.27875360095283,0.2118,4,0.00284,20.28,0.45,41.8,0.25,0,1,1,0.5,3.5,1.35,"Kale","CAÑO NEGRO Y AFLUENTES","Quebrada",7.35131699616,-73.8273490034,2577.46852082,299.1970037,5951.10156398,5951.10156398,2676.63298397,2865.48305407,1146.58355249,5185.77379608,8317.10899692,2107.99776216,0,0,18.8753280657
"88","ANH_8","Species richness",18,30.25,9.625,21.147,65.681,"Ar_At",0.763888888888889,27.48,6.36,18.065,0.15,30,0.6153,0.2075,2.11,0.053,43.978,1.34242268082221,0.0781,0,0.00102,22.74,0.26,25.02,0.2,0,1,2,0.5,4.5,2.16,"Kale","CAÑO NEGRO Y AFLUENTES","Quebrada",7.37023402961,-73.8419320062,4221.75642236,512.666531953,3319.05456355,3319.05456355,4619.63710174,4724.09287961,553.198911124,3948.9701759,6349.82006875,2610.75429694,0,0,14.0260435145
"89","ANH_8","Shannon diversity",17.098,30.25,4.381,21.663,38.837,"Ar_At",0.763888888888889,27.48,6.36,18.065,0.15,30,0.6153,0.2075,2.11,0.053,43.978,1.34242268082221,0.0781,0,0.00102,22.74,0.26,25.02,0.2,0,1,2,0.5,4.5,2.16,"Kale","CAÑO NEGRO Y AFLUENTES","Quebrada",7.37023402961,-73.8419320062,4221.75642236,512.666531953,3319.05456355,3319.05456355,4619.63710174,4724.09287961,553.198911124,3948.9701759,6349.82006875,2610.75429694,0,0,14.0260435145
"90","ANH_8","Simpson diversity",16.133,29.375,4.544,20.468,38.282,"Ar_At",0.763888888888889,27.48,6.36,18.065,0.15,30,0.6153,0.2075,2.11,0.053,43.978,1.34242268082221,0.0781,0,0.00102,22.74,0.26,25.02,0.2,0,1,2,0.5,4.5,2.16,"Kale","CAÑO NEGRO Y AFLUENTES","Quebrada",7.37023402961,-73.8419320062,4221.75642236,512.666531953,3319.05456355,3319.05456355,4619.63710174,4724.09287961,553.198911124,3948.9701759,6349.82006875,2610.75429694,0,0,14.0260435145
"91","ANH_12","Species richness",17,25.067,6.689,18.954,50.301,"Ar_At_El",0.777777777777778,27.15,2.93,18.03,0.775,52,2.135,0.554,1.94,0.052,35.982,1.36172783601759,0.1645,8,0.00386,42.55,3.8,4.83,0,0,4,2,1,4.5,2.16,"Kale","CAÑO NEGRO Y AFLUENTES","Quebrada",7.39715997024,-73.840138,5702.50701035,245.332733129,1522.35401603,1522.35401603,7603.00393613,5695.82993406,2150.08287116,5954.15813108,5952.48793932,4356.68418962,0,0,85.2412681866
"92","ANH_12","Shannon diversity",15.673,24.713,5.595,15.673,35.679,"Ar_At_El",0.777777777777778,27.15,2.93,18.03,0.775,52,2.135,0.554,1.94,0.052,35.982,1.36172783601759,0.1645,8,0.00386,42.55,3.8,4.83,0,0,4,2,1,4.5,2.16,"Kale","CAÑO NEGRO Y AFLUENTES","Quebrada",7.39715997024,-73.840138,5702.50701035,245.332733129,1522.35401603,1522.35401603,7603.00393613,5695.82993406,2150.08287116,5954.15813108,5952.48793932,4356.68418962,0,0,85.2412681866
"93","ANH_12","Simpson diversity",14.4,23.333,3.407,16.656,30.01,"Ar_At_El",0.777777777777778,27.15,2.93,18.03,0.775,52,2.135,0.554,1.94,0.052,35.982,1.36172783601759,0.1645,8,0.00386,42.55,3.8,4.83,0,0,4,2,1,4.5,2.16,"Kale","CAÑO NEGRO Y AFLUENTES","Quebrada",7.39715997024,-73.840138,5702.50701035,245.332733129,1522.35401603,1522.35401603,7603.00393613,5695.82993406,2150.08287116,5954.15813108,5952.48793932,4356.68418962,0,0,85.2412681866
"94","ANH_13","Species richness",16,18.667,2.667,16.522,29.635,"Ar_At_El",0.777777777777778,26.6,6.01,20.105,0.1,18,2.5098,0.391,2.12,0.046,11.22,1.57978359661681,0.3356,10,0.00404,15.98,9.33,68.15,0,0,2,2,1.5,6,1.2,"Kale","CAÑO NEGRO Y AFLUENTES","Quebrada",7.38989504078,-73.8280400075,6266.48257857,1493.97765866,3002.04160307,3002.04160307,6336.64745952,7016.71945265,788.461330746,5312.69584555,7463.90153357,3888.45939747,0,0,13.7071031146
"95","ANH_13","Shannon diversity",15.119,20.159,2.944,15.119,25.93,"Ar_At_El",0.777777777777778,26.6,6.01,20.105,0.1,18,2.5098,0.391,2.12,0.046,11.22,1.57978359661681,0.3356,10,0.00404,15.98,9.33,68.15,0,0,2,2,1.5,6,1.2,"Kale","CAÑO NEGRO Y AFLUENTES","Quebrada",7.38989504078,-73.8280400075,6266.48257857,1493.97765866,3002.04160307,3002.04160307,6336.64745952,7016.71945265,788.461330746,5312.69584555,7463.90153357,3888.45939747,0,0,13.7071031146
"96","ANH_13","Simpson diversity",14.4,23.333,2.909,17.631,29.036,"Ar_At_El",0.777777777777778,26.6,6.01,20.105,0.1,18,2.5098,0.391,2.12,0.046,11.22,1.57978359661681,0.3356,10,0.00404,15.98,9.33,68.15,0,0,2,2,1.5,6,1.2,"Kale","CAÑO NEGRO Y AFLUENTES","Quebrada",7.38989504078,-73.8280400075,6266.48257857,1493.97765866,3002.04160307,3002.04160307,6336.64745952,7016.71945265,788.461330746,5312.69584555,7463.90153357,3888.45939747,0,0,13.7071031146
"97","ANH_291","Species richness",13,16.267,3.391,13.611,30.457,"Ar_At_El",0.777777777777778,30.71,2.11,44.24,0.615,80,2.82261,0.2125,2.66,0.068,83.958,1.27114431794908,0.356,34,0.00375,25.51,5.16,152.08,0,0,6,4,0.8,20,1.08,"Kale","CAÑO NEGRO Y AFLUENTES","Caño",7.39905400024,-73.865654,2878.14754184,943.145818258,949.213795296,949.213795296,7113.32503101,2914.26733013,4456.12614355,4609.77321406,3203.0138034,1884.01008271,77.5286686477,77.5286686477,71.35407181
"98","ANH_291","Shannon diversity",11.994,16.405,2.571,11.994,21.445,"Ar_At_El",0.777777777777778,30.71,2.11,44.24,0.615,80,2.82261,0.2125,2.66,0.068,83.958,1.27114431794908,0.356,34,0.00375,25.51,5.16,152.08,0,0,6,4,0.8,20,1.08,"Kale","CAÑO NEGRO Y AFLUENTES","Caño",7.39905400024,-73.865654,2878.14754184,943.145818258,949.213795296,949.213795296,7113.32503101,2914.26733013,4456.12614355,4609.77321406,3203.0138034,1884.01008271,77.5286686477,77.5286686477,71.35407181
"99","ANH_291","Simpson diversity",11.111,16.167,2.281,11.697,20.637,"Ar_At_El",0.777777777777778,30.71,2.11,44.24,0.615,80,2.82261,0.2125,2.66,0.068,83.958,1.27114431794908,0.356,34,0.00375,25.51,5.16,152.08,0,0,6,4,0.8,20,1.08,"Kale","CAÑO NEGRO Y AFLUENTES","Caño",7.39905400024,-73.865654,2878.14754184,943.145818258,949.213795296,949.213795296,7113.32503101,2914.26733013,4456.12614355,4609.77321406,3203.0138034,1884.01008271,77.5286686477,77.5286686477,71.35407181
"100","ANH_297","Species richness",29,32.2,2.701,29.76,42.473,"Ar_At_El",0.833333333333333,26.37,6.76,21.145,1.075,98,4.071,0.555,1.66,0.089,57.971,1.70757017609794,0.0754,0,0.00077,28.63,6.58,123.3,0,0,2,2,1.7,4,1.08,"Caracterizacion","SOGAMOSITO-PAREDES","Quebrada",7.35596600024,-73.734434,3300.01664568,924.910512773,252.454352577,9614.82421706,2808.99901348,3433.91138583,8420.15043527,8672.66949343,11087.0421582,2378.43186201,0,0,464.832921597
"101","ANH_297","Shannon diversity",27.13,33.667,2.914,27.956,39.377,"Ar_At_El",0.833333333333333,26.37,6.76,21.145,1.075,98,4.071,0.555,1.66,0.089,57.971,1.70757017609794,0.0754,0,0.00077,28.63,6.58,123.3,0,0,2,2,1.7,4,1.08,"Caracterizacion","SOGAMOSITO-PAREDES","Quebrada",7.35596600024,-73.734434,3300.01664568,924.910512773,252.454352577,9614.82421706,2808.99901348,3433.91138583,8420.15043527,8672.66949343,11087.0421582,2378.43186201,0,0,464.832921597
"102","ANH_297","Simpson diversity",25.6,36.143,2.51,31.224,41.062,"Ar_At_El",0.833333333333333,26.37,6.76,21.145,1.075,98,4.071,0.555,1.66,0.089,57.971,1.70757017609794,0.0754,0,0.00077,28.63,6.58,123.3,0,0,2,2,1.7,4,1.08,"Caracterizacion","SOGAMOSITO-PAREDES","Quebrada",7.35596600024,-73.734434,3300.01664568,924.910512773,252.454352577,9614.82421706,2808.99901348,3433.91138583,8420.15043527,8672.66949343,11087.0421582,2378.43186201,0,0,464.832921597
"103","ANH_298","Species richness",27,40.762,9.24,31.163,72.491,"Ar_At_El",0.592592592592593,26.66,4.72,19.625,1.075,96,3.186,0.565,1.66,0.085,63.968,1.91907809237607,0.1271,2,0.00102,14.56,2.41,237.6,0,0.05,4,2,0.4,1.8,0.4,"Caracterizacion","SOGAMOSITO-PAREDES","Quebrada",7.31940500024,-73.695225,2810.71851918,2202.32092043,2224.37712115,4735.09311448,2498.05558417,2488.39981961,4728.95225728,14543.5108179,6819.9748217,4292.49374576,32.2726458508,32.2726458508,61.1300517743
"104","ANH_298","Shannon diversity",24.51,37.863,5.803,26.489,49.236,"Ar_At_El",0.592592592592593,26.66,4.72,19.625,1.075,96,3.186,0.565,1.66,0.085,63.968,1.91907809237607,0.1271,2,0.00102,14.56,2.41,237.6,0,0.05,4,2,0.4,1.8,0.4,"Caracterizacion","SOGAMOSITO-PAREDES","Quebrada",7.31940500024,-73.695225,2810.71851918,2202.32092043,2224.37712115,4735.09311448,2498.05558417,2488.39981961,4728.95225728,14543.5108179,6819.9748217,4292.49374576,32.2726458508,32.2726458508,61.1300517743
"105","ANH_298","Simpson diversity",22.222,32.833,3.385,26.198,39.468,"Ar_At_El",0.592592592592593,26.66,4.72,19.625,1.075,96,3.186,0.565,1.66,0.085,63.968,1.91907809237607,0.1271,2,0.00102,14.56,2.41,237.6,0,0.05,4,2,0.4,1.8,0.4,"Caracterizacion","SOGAMOSITO-PAREDES","Quebrada",7.31940500024,-73.695225,2810.71851918,2202.32092043,2224.37712115,4735.09311448,2498.05558417,2488.39981961,4728.95225728,14543.5108179,6819.9748217,4292.49374576,32.2726458508,32.2726458508,61.1300517743
"106","ANH_302","Species richness",22,27,5.477,22.877,50.497,"Ar_At_El",1.61111111111111,26.9,3.6,18.54,0.05,56,2.3518,0.389,1.08,0.04,15.3,1.14612803567824,0.2729,6,0.00421,24.94,0.73,38.24,0,0,2,1,1.3,3,1.3,"Platero","LA MORENA-TRECE","Quebrada",7.3125449943,-73.8580540102,2390.72834104,2299.33616252,5459.48558752,7314.08774518,1879.68516948,1426.20124605,2500.88223882,3711.01156864,5805.69133732,450.969141195,0,0,135.594330327
"107","ANH_302","Shannon diversity",19.113,22.392,2.183,19.113,26.671,"Ar_At_El",1.61111111111111,26.9,3.6,18.54,0.05,56,2.3518,0.389,1.08,0.04,15.3,1.14612803567824,0.2729,6,0.00421,24.94,0.73,38.24,0,0,2,1,1.3,3,1.3,"Platero","LA MORENA-TRECE","Quebrada",7.3125449943,-73.8580540102,2390.72834104,2299.33616252,5459.48558752,7314.08774518,1879.68516948,1426.20124605,2500.88223882,3711.01156864,5805.69133732,450.969141195,0,0,135.594330327
"108","ANH_302","Simpson diversity",17.315,19.865,1.491,17.315,22.787,"Ar_At_El",1.61111111111111,26.9,3.6,18.54,0.05,56,2.3518,0.389,1.08,0.04,15.3,1.14612803567824,0.2729,6,0.00421,24.94,0.73,38.24,0,0,2,1,1.3,3,1.3,"Platero","LA MORENA-TRECE","Quebrada",7.3125449943,-73.8580540102,2390.72834104,2299.33616252,5459.48558752,7314.08774518,1879.68516948,1426.20124605,2500.88223882,3711.01156864,5805.69133732,450.969141195,0,0,135.594330327
"109","ANH_303","Species richness",17,20.556,3.462,17.718,34.618,"Ar_At_El",0.777777777777778,29.22,2.74,22.75,0.525,26,2.5663,0.218,1.56,0.065,63.968,1.72427586960079,0.1919,8,0.00432,22.55,1.66,59.96,0,0,4,3,0.75,6.5,0.27,"Platero","MONTECRISTO-YARIRI","Caño",7.32463500024,-73.895636,1269.03876867,4453.08579257,3416.25595498,3491.82090825,1006.28474126,1339.5776581,1260.46523461,1046.43932975,1546.95261534,3909.28969742,970.328236099,72.2397412112,75.2663512511
"110","ANH_303","Shannon diversity",15.48,19.777,3.994,15.48,27.606,"Ar_At_El",0.777777777777778,29.22,2.74,22.75,0.525,26,2.5663,0.218,1.56,0.065,63.968,1.72427586960079,0.1919,8,0.00432,22.55,1.66,59.96,0,0,4,3,0.75,6.5,0.27,"Platero","MONTECRISTO-YARIRI","Caño",7.32463500024,-73.895636,1269.03876867,4453.08579257,3416.25595498,3491.82090825,1006.28474126,1339.5776581,1260.46523461,1046.43932975,1546.95261534,3909.28969742,970.328236099,72.2397412112,75.2663512511
"111","ANH_303","Simpson diversity",14.254,18.378,1.956,14.545,22.211,"Ar_At_El",0.777777777777778,29.22,2.74,22.75,0.525,26,2.5663,0.218,1.56,0.065,63.968,1.72427586960079,0.1919,8,0.00432,22.55,1.66,59.96,0,0,4,3,0.75,6.5,0.27,"Platero","MONTECRISTO-YARIRI","Caño",7.32463500024,-73.895636,1269.03876867,4453.08579257,3416.25595498,3491.82090825,1006.28474126,1339.5776581,1260.46523461,1046.43932975,1546.95261534,3909.28969742,970.328236099,72.2397412112,75.2663512511
"112","ANH_304","Species richness",26,30.694,3.649,27.22,44.059,"Ar_At_El",0.777777777777778,27.9,7.57,0,0,0,0,0,0,0,0,1.20411998265592,0,0,0,0,0,0,0,0.1,2,2,0.95,4,0.95,"Platero","LA MORENA-TRECE","Quebrada",7.33135900024,-73.855404,1551.02116398,1450.59975733,6680.31596503,6680.31596503,220.292308639,470.582704293,1563.70259172,3122.44781767,5623.4164489,42.4794732888,0,0,61.3915848758
"113","ANH_304","Shannon diversity",24.303,32.215,3.661,25.04,39.391,"Ar_At_El",0.777777777777778,27.9,7.57,0,0,0,0,0,0,0,0,1.20411998265592,0,0,0,0,0,0,0,0.1,2,2,0.95,4,0.95,"Platero","LA MORENA-TRECE","Quebrada",7.33135900024,-73.855404,1551.02116398,1450.59975733,6680.31596503,6680.31596503,220.292308639,470.582704293,1563.70259172,3122.44781767,5623.4164489,42.4794732888,0,0,61.3915848758
"114","ANH_304","Simpson diversity",22.857,35,3.241,28.648,41.352,"Ar_At_El",0.777777777777778,27.9,7.57,0,0,0,0,0,0,0,0,1.20411998265592,0,0,0,0,0,0,0,0.1,2,2,0.95,4,0.95,"Platero","LA MORENA-TRECE","Quebrada",7.33135900024,-73.855404,1551.02116398,1450.59975733,6680.31596503,6680.31596503,220.292308639,470.582704293,1563.70259172,3122.44781767,5623.4164489,42.4794732888,0,0,61.3915848758
"115","ANH_305","Species richness",32,36.201,3.477,33.02,49.308,"Ar_At_El",1.55555555555556,27.82,5.52,18.32,1.075,16,2.697,0.568,1.48,0.076,22.989,1.32221929473392,0,0,0,0,0,0,0.75,0.05,2,2,1.3,8.5,1.3,"Platero","LA MORENA-TRECE","Quebrada",7.33309000024,-73.840144,151.782273909,106.107248646,7199.41658319,7199.41658319,548.300690569,675.084642507,108.649067058,4359.37293076,7260.08860766,38.9116684692,0,0,99.7831160149
"116","ANH_305","Shannon diversity",26.469,31.946,2.244,27.549,36.344,"Ar_At_El",1.55555555555556,27.82,5.52,18.32,1.075,16,2.697,0.568,1.48,0.076,22.989,1.32221929473392,0,0,0,0,0,0,0.75,0.05,2,2,1.3,8.5,1.3,"Platero","LA MORENA-TRECE","Quebrada",7.33309000024,-73.840144,151.782273909,106.107248646,7199.41658319,7199.41658319,548.300690569,675.084642507,108.649067058,4359.37293076,7260.08860766,38.9116684692,0,0,99.7831160149
"117","ANH_305","Simpson diversity",22.388,26.266,1.922,22.499,30.032,"Ar_At_El",1.55555555555556,27.82,5.52,18.32,1.075,16,2.697,0.568,1.48,0.076,22.989,1.32221929473392,0,0,0,0,0,0,0.75,0.05,2,2,1.3,8.5,1.3,"Platero","LA MORENA-TRECE","Quebrada",7.33309000024,-73.840144,151.782273909,106.107248646,7199.41658319,7199.41658319,548.300690569,675.084642507,108.649067058,4359.37293076,7260.08860766,38.9116684692,0,0,99.7831160149
"118","ANH_35","Species richness",18,21,2.828,18.628,32.32,"Ar_At_El",0.944444444444444,26.74,5.5,17.39,0.313,68,3.004,0.854,3.06,0.076,24.5,1.63346845557959,0.0609,4,0.00221,18.92,1.2,16.19,0.7,0,2,2,1.5,5,0.54,"Platero","SALADO-MAGDALENA","Caño",7.24186099158,-73.8684710395,2685.48087035,4525.4717358,586.78762,3270.63960508,8367.92871456,3761.89938629,2258.78874525,4298.48180165,3143.4926017,8296.7972305,9.76744540867,9.76744540867,3.78816821664
"119","ANH_35","Shannon diversity",17.009,22.679,2.827,17.137,28.22,"Ar_At_El",0.944444444444444,26.74,5.5,17.39,0.313,68,3.004,0.854,3.06,0.076,24.5,1.63346845557959,0.0609,4,0.00221,18.92,1.2,16.19,0.7,0,2,2,1.5,5,0.54,"Platero","SALADO-MAGDALENA","Caño",7.24186099158,-73.8684710395,2685.48087035,4525.4717358,586.78762,3270.63960508,8367.92871456,3761.89938629,2258.78874525,4298.48180165,3143.4926017,8296.7972305,9.76744540867,9.76744540867,3.78816821664
"120","ANH_35","Simpson diversity",16.2,26.333,2.766,20.913,31.754,"Ar_At_El",0.944444444444444,26.74,5.5,17.39,0.313,68,3.004,0.854,3.06,0.076,24.5,1.63346845557959,0.0609,4,0.00221,18.92,1.2,16.19,0.7,0,2,2,1.5,5,0.54,"Platero","SALADO-MAGDALENA","Caño",7.24186099158,-73.8684710395,2685.48087035,4525.4717358,586.78762,3270.63960508,8367.92871456,3761.89938629,2258.78874525,4298.48180165,3143.4926017,8296.7972305,9.76744540867,9.76744540867,3.78816821664
"121","ANH_37","Species richness",31,58.222,22.045,37.768,140.492,"Ar_At_El",1.11111111111111,26.87,3.9,19.63,0.313,52,3.046,0.747,3.47,0.081,28.6,1.39794000867204,0.1816,0,0.00144,19.43,0.78,36.34,0.05,0,4,1,1.5,6,0.13,"Platero","SALADO-MAGDALENA","Caño",7.24880103977,-73.8821359724,4374.1796108,6214.43823327,1585.0044614,1585.0044614,9112.84179855,5440.97508241,2901.61697834,2823.4168444,3760.47135227,7966.44347964,0,0,45.7606127029
"122","ANH_37","Shannon diversity",26.287,36.89,4.711,27.657,46.123,"Ar_At_El",1.11111111111111,26.87,3.9,19.63,0.313,52,3.046,0.747,3.47,0.081,28.6,1.39794000867204,0.1816,0,0.00144,19.43,0.78,36.34,0.05,0,4,1,1.5,6,0.13,"Platero","SALADO-MAGDALENA","Caño",7.24880103977,-73.8821359724,4374.1796108,6214.43823327,1585.0044614,1585.0044614,9112.84179855,5440.97508241,2901.61697834,2823.4168444,3760.47135227,7966.44347964,0,0,45.7606127029
"123","ANH_37","Simpson diversity",23.447,28.928,3.084,23.447,34.974,"Ar_At_El",1.11111111111111,26.87,3.9,19.63,0.313,52,3.046,0.747,3.47,0.081,28.6,1.39794000867204,0.1816,0,0.00144,19.43,0.78,36.34,0.05,0,4,1,1.5,6,0.13,"Platero","SALADO-MAGDALENA","Caño",7.24880103977,-73.8821359724,4374.1796108,6214.43823327,1585.0044614,1585.0044614,9112.84179855,5440.97508241,2901.61697834,2823.4168444,3760.47135227,7966.44347964,0,0,45.7606127029
"124","ANH_39","Species richness",19,20.111,1.597,19.14,27.848,"Ar_At_El",1.74444444444444,25.52,6.1,21.155,3.725,40,2.64,0.447,1.27,0.072,18.36,1.32221929473392,0.1879,10,0.00361,18.38,2.89,42.4,0.35,0.15,2,3,3.5,18,1.35,"Platero","CORREDOR","Caño",7.26584102982,-73.8877650071,4054.197194,7436.51139294,1195.87251946,1195.87251946,7296.97418103,6403.3916761,2032.94361862,899.011196148,3376.49841112,6568.11386386,4.88486825749,4.88486825749,260.342062684
"125","ANH_39","Shannon diversity",17.138,19.763,1.573,17.138,22.846,"Ar_At_El",1.74444444444444,25.52,6.1,21.155,3.725,40,2.64,0.447,1.27,0.072,18.36,1.32221929473392,0.1879,10,0.00361,18.38,2.89,42.4,0.35,0.15,2,3,3.5,18,1.35,"Platero","CORREDOR","Caño",7.26584102982,-73.8877650071,4054.197194,7436.51139294,1195.87251946,1195.87251946,7296.97418103,6403.3916761,2032.94361862,899.011196148,3376.49841112,6568.11386386,4.88486825749,4.88486825749,260.342062684
"126","ANH_39","Simpson diversity",15.901,19.382,1.392,16.655,22.11,"Ar_At_El",1.74444444444444,25.52,6.1,21.155,3.725,40,2.64,0.447,1.27,0.072,18.36,1.32221929473392,0.1879,10,0.00361,18.38,2.89,42.4,0.35,0.15,2,3,3.5,18,1.35,"Platero","CORREDOR","Caño",7.26584102982,-73.8877650071,4054.197194,7436.51139294,1195.87251946,1195.87251946,7296.97418103,6403.3916761,2032.94361862,899.011196148,3376.49841112,6568.11386386,4.88486825749,4.88486825749,260.342062684
"127","ANH_40","Species richness",14,16.722,2.862,14.502,28.77,"Ar_At_El",0.777777777777778,26.88,6.34,23.235,0.225,54,1.785,1.039,4.92,0.058,61.2,1.25527250510331,0.2331,8,0.00477,21.3,1.83,49.7,0.05,0,4,3,1.5,4.5,1.5,"Platero","CORREDOR","Quebrada",7.27412100905,-73.8137369603,3865.38412882,178.876064442,4295.83935212,4477.80598943,2992.4377308,545.240105442,4699.93607837,8589.42416737,4182.06518742,5044.71469953,3.45538576769,3.45538576769,264.388972017
"128","ANH_40","Shannon diversity",12.977,17.132,3.228,12.977,23.458,"Ar_At_El",0.777777777777778,26.88,6.34,23.235,0.225,54,1.785,1.039,4.92,0.058,61.2,1.25527250510331,0.2331,8,0.00477,21.3,1.83,49.7,0.05,0,4,3,1.5,4.5,1.5,"Platero","CORREDOR","Quebrada",7.27412100905,-73.8137369603,3865.38412882,178.876064442,4295.83935212,4477.80598943,2992.4377308,545.240105442,4699.93607837,8589.42416737,4182.06518742,5044.71469953,3.45538576769,3.45538576769,264.388972017
"129","ANH_40","Simpson diversity",12.1,17.444,2.132,13.266,21.623,"Ar_At_El",0.777777777777778,26.88,6.34,23.235,0.225,54,1.785,1.039,4.92,0.058,61.2,1.25527250510331,0.2331,8,0.00477,21.3,1.83,49.7,0.05,0,4,3,1.5,4.5,1.5,"Platero","CORREDOR","Quebrada",7.27412100905,-73.8137369603,3865.38412882,178.876064442,4295.83935212,4477.80598943,2992.4377308,545.240105442,4699.93607837,8589.42416737,4182.06518742,5044.71469953,3.45538576769,3.45538576769,264.388972017
"130","ANH_43","Species richness",20,20.914,1.367,20.109,27.648,"Ar_At_El",1.05555555555556,26.51,6.1,14.56,0.275,96,2.19,1.053,0.97,0.054,28.56,1.46239799789896,0.2501,10,0.00393,20.65,5.99,29.84,0,0.2,2,2,0.85,8,0.85,"Platero","CORREDOR","Quebrada",7.26485598856,-73.8733619638,4843.14845279,5895.42061852,2434.42420069,2434.42420069,7284.4078322,5541.87026023,971.209078924,2276.85820497,4852.18024448,5963.85139677,0,0,78.6478687443
"131","ANH_43","Shannon diversity",17.987,20.454,1.475,17.987,23.344,"Ar_At_El",1.05555555555556,26.51,6.1,14.56,0.275,96,2.19,1.053,0.97,0.054,28.56,1.46239799789896,0.2501,10,0.00393,20.65,5.99,29.84,0,0.2,2,2,0.85,8,0.85,"Platero","CORREDOR","Quebrada",7.26485598856,-73.8733619638,4843.14845279,5895.42061852,2434.42420069,2434.42420069,7284.4078322,5541.87026023,971.209078924,2276.85820497,4852.18024448,5963.85139677,0,0,78.6478687443
"132","ANH_43","Simpson diversity",16.447,19.416,1.354,16.763,22.069,"Ar_At_El",1.05555555555556,26.51,6.1,14.56,0.275,96,2.19,1.053,0.97,0.054,28.56,1.46239799789896,0.2501,10,0.00393,20.65,5.99,29.84,0,0.2,2,2,0.85,8,0.85,"Platero","CORREDOR","Quebrada",7.26485598856,-73.8733619638,4843.14845279,5895.42061852,2434.42420069,2434.42420069,7284.4078322,5541.87026023,971.209078924,2276.85820497,4852.18024448,5963.85139677,0,0,78.6478687443
"133","ANH_7","Species richness",16,16.45,0.863,16.039,21.137,"Ar_At_El",1.54444444444444,25.93,4.98,17.645,0.115,36,0.6063,0.201,2.16,0.058,51.974,1.27875360095283,0.2118,4,0.00284,20.28,0.45,41.8,0.25,0,1,1,0.5,3.5,1.35,"Kale","CAÑO NEGRO Y AFLUENTES","Quebrada",7.35131699616,-73.8273490034,2577.46852082,299.1970037,5951.10156398,5951.10156398,2676.63298397,2865.48305407,1146.58355249,5185.77379608,8317.10899692,2107.99776216,0,0,18.8753280657
"134","ANH_7","Shannon diversity",14.517,16.621,1.654,14.517,19.864,"Ar_At_El",1.54444444444444,25.93,4.98,17.645,0.115,36,0.6063,0.201,2.16,0.058,51.974,1.27875360095283,0.2118,4,0.00284,20.28,0.45,41.8,0.25,0,1,1,0.5,3.5,1.35,"Kale","CAÑO NEGRO Y AFLUENTES","Quebrada",7.35131699616,-73.8273490034,2577.46852082,299.1970037,5951.10156398,5951.10156398,2676.63298397,2865.48305407,1146.58355249,5185.77379608,8317.10899692,2107.99776216,0,0,18.8753280657
"135","ANH_7","Simpson diversity",13.37,16.269,1.479,13.37,19.168,"Ar_At_El",1.54444444444444,25.93,4.98,17.645,0.115,36,0.6063,0.201,2.16,0.058,51.974,1.27875360095283,0.2118,4,0.00284,20.28,0.45,41.8,0.25,0,1,1,0.5,3.5,1.35,"Kale","CAÑO NEGRO Y AFLUENTES","Quebrada",7.35131699616,-73.8273490034,2577.46852082,299.1970037,5951.10156398,5951.10156398,2676.63298397,2865.48305407,1146.58355249,5185.77379608,8317.10899692,2107.99776216,0,0,18.8753280657
"136","ANH_8","Species richness",24,34.667,7.303,27.164,59.957,"Ar_At_El",0.833333333333333,27.48,6.36,18.065,0.15,30,0.6153,0.2075,2.11,0.053,43.978,1.34242268082221,0.0781,0,0.00102,22.74,0.26,25.02,0.2,0,1,2,0.5,4.5,2.16,"Kale","CAÑO NEGRO Y AFLUENTES","Quebrada",7.37023402961,-73.8419320062,4221.75642236,512.666531953,3319.05456355,3319.05456355,4619.63710174,4724.09287961,553.198911124,3948.9701759,6349.82006875,2610.75429694,0,0,14.0260435145
"137","ANH_8","Shannon diversity",22.627,36.71,6.304,24.355,49.066,"Ar_At_El",0.833333333333333,27.48,6.36,18.065,0.15,30,0.6153,0.2075,2.11,0.053,43.978,1.34242268082221,0.0781,0,0.00102,22.74,0.26,25.02,0.2,0,1,2,0.5,4.5,2.16,"Kale","CAÑO NEGRO Y AFLUENTES","Quebrada",7.37023402961,-73.8419320062,4221.75642236,512.666531953,3319.05456355,3319.05456355,4619.63710174,4724.09287961,553.198911124,3948.9701759,6349.82006875,2610.75429694,0,0,14.0260435145
"138","ANH_8","Simpson diversity",21.333,41.667,5.544,30.8,52.533,"Ar_At_El",0.833333333333333,27.48,6.36,18.065,0.15,30,0.6153,0.2075,2.11,0.053,43.978,1.34242268082221,0.0781,0,0.00102,22.74,0.26,25.02,0.2,0,1,2,0.5,4.5,2.16,"Kale","CAÑO NEGRO Y AFLUENTES","Quebrada",7.37023402961,-73.8419320062,4221.75642236,512.666531953,3319.05456355,3319.05456355,4619.63710174,4724.09287961,553.198911124,3948.9701759,6349.82006875,2610.75429694,0,0,14.0260435145
"139","ANH_10","Species richness",8,24.333,20.87,10.375,120.342,"Ar_At_Tr",0.9375,31.39,5.98,19.34,0.145,16,1.094,0.205,1.88,0.05,47.976,1.17609125905568,0.321,8,0.00088,20.38,0.43,55.32,0,0,2,4,4.5,0,3.2,"Kale","CAÑO NEGRO Y AFLUENTES","Ciénaga",7.39020701522,-73.8566920348,4013.58651753,1398.41901509,626.717971649,626.717971649,6684.36797792,4204.52177716,3156.23842779,4325.42377192,4371.57339525,2649.29179358,814.027605035,0,3.3979115911
"140","ANH_10","Shannon diversity",7.715,24.805,10.206,7.715,44.809,"Ar_At_Tr",0.9375,31.39,5.98,19.34,0.145,16,1.094,0.205,1.88,0.05,47.976,1.17609125905568,0.321,8,0.00088,20.38,0.43,55.32,0,0,2,4,4.5,0,3.2,"Kale","CAÑO NEGRO Y AFLUENTES","Ciénaga",7.39020701522,-73.8566920348,4013.58651753,1398.41901509,626.717971649,626.717971649,6684.36797792,4204.52177716,3156.23842779,4325.42377192,4371.57339525,2649.29179358,814.027605035,0,3.3979115911
"141","ANH_10","Simpson diversity",7.364,24.333,8.347,7.973,40.694,"Ar_At_Tr",0.9375,31.39,5.98,19.34,0.145,16,1.094,0.205,1.88,0.05,47.976,1.17609125905568,0.321,8,0.00088,20.38,0.43,55.32,0,0,2,4,4.5,0,3.2,"Kale","CAÑO NEGRO Y AFLUENTES","Ciénaga",7.39020701522,-73.8566920348,4013.58651753,1398.41901509,626.717971649,626.717971649,6684.36797792,4204.52177716,3156.23842779,4325.42377192,4371.57339525,2649.29179358,814.027605035,0,3.3979115911
"142","ANH_11","Species richness",18,36.778,15.646,22.524,95.933,"Ar_At_Tr",0.666666666666667,29.96,0.87,42.13,0.38,40,2.3337,0.207,2.24,0.071,62.969,1.43136376415899,0.2686,18,0.00309,30.59,0.15,221.66,0,0,3,4,1.7,15,0.81,"Kale","CAÑO NEGRO Y AFLUENTES","Caño",7.40042103478,-73.8631269895,3143.08228299,657.371780177,788.304345388,788.304345388,7393.82443318,3140.11838373,4284.2546732,4879.51382428,3421.04954718,2047.9986448,57.7612879971,0,1.43969797613
"143","ANH_11","Shannon diversity",16.262,31.151,8.459,16.262,47.731,"Ar_At_Tr",0.666666666666667,29.96,0.87,42.13,0.38,40,2.3337,0.207,2.24,0.071,62.969,1.43136376415899,0.2686,18,0.00309,30.59,0.15,221.66,0,0,3,4,1.7,15,0.81,"Kale","CAÑO NEGRO Y AFLUENTES","Caño",7.40042103478,-73.8631269895,3143.08228299,657.371780177,788.304345388,788.304345388,7393.82443318,3140.11838373,4284.2546732,4879.51382428,3421.04954718,2047.9986448,57.7612879971,0,1.43969797613
"144","ANH_11","Simpson diversity",14.535,22.556,4.057,14.603,30.508,"Ar_At_Tr",0.666666666666667,29.96,0.87,42.13,0.38,40,2.3337,0.207,2.24,0.071,62.969,1.43136376415899,0.2686,18,0.00309,30.59,0.15,221.66,0,0,3,4,1.7,15,0.81,"Kale","CAÑO NEGRO Y AFLUENTES","Caño",7.40042103478,-73.8631269895,3143.08228299,657.371780177,788.304345388,788.304345388,7393.82443318,3140.11838373,4284.2546732,4879.51382428,3421.04954718,2047.9986448,57.7612879971,0,1.43969797613
"145","ANH_15","Species richness",19,33.083,11.167,22.583,74.36,"Ar_At_Tr",0.722222222222222,32.14,0.56,40.16,0.37,50,2.0876,0.204,1.96,0.077,71.964,1.60205999132796,0.2726,28,0.00505,30.62,33.89,175.12,0,0.05,2,2,3,8,1.48,"Kale","CAÑO NEGRO Y AFLUENTES","Caño",7.40608099872,-73.8624680042,3234.70647908,107.063945786,1254.43001985,1254.43001985,7957.52576915,3078.52934807,4575.85407651,5460.68987709,3325.90256953,1798.36853489,0,0,169.499493659
"146","ANH_15","Shannon diversity",17.224,29.623,7.307,17.224,43.945,"Ar_At_Tr",0.722222222222222,32.14,0.56,40.16,0.37,50,2.0876,0.204,1.96,0.077,71.964,1.60205999132796,0.2726,28,0.00505,30.62,33.89,175.12,0,0.05,2,2,3,8,1.48,"Kale","CAÑO NEGRO Y AFLUENTES","Caño",7.40608099872,-73.8624680042,3234.70647908,107.063945786,1254.43001985,1254.43001985,7957.52576915,3078.52934807,4575.85407651,5460.68987709,3325.90256953,1798.36853489,0,0,169.499493659
"147","ANH_15","Simpson diversity",15.511,23.733,3.687,16.506,30.96,"Ar_At_Tr",0.722222222222222,32.14,0.56,40.16,0.37,50,2.0876,0.204,1.96,0.077,71.964,1.60205999132796,0.2726,28,0.00505,30.62,33.89,175.12,0,0.05,2,2,3,8,1.48,"Kale","CAÑO NEGRO Y AFLUENTES","Caño",7.40608099872,-73.8624680042,3234.70647908,107.063945786,1254.43001985,1254.43001985,7957.52576915,3078.52934807,4575.85407651,5460.68987709,3325.90256953,1798.36853489,0,0,169.499493659
"148","ANH_20","Species richness",11,41,20.1,20.095,109.958,"Ar_At_Tr",0.777777777777778,29.2,4.85,20.625,0.175,142,2.9061,0.387,1.5,0.06,66.3,2.21218760440396,0.1128,2,0.00393,6.38,4.5,59.18,0,0.3,4,4,0.75,900,0.33,"Kale","RIO MAGDALENA","Río Magdalena",7.38938097866,-73.9012359828,1328.80837342,428.17331585,515.949482409,515.949482409,4855.06214623,426.167881251,7393.54712701,2975.37993401,0,1781.28080343,385.471030659,14.9199796132,9.15199036102
"149","ANH_20","Shannon diversity",10.089,35.43,13.668,10.089,62.219,"Ar_At_Tr",0.777777777777778,29.2,4.85,20.625,0.175,142,2.9061,0.387,1.5,0.06,66.3,2.21218760440396,0.1128,2,0.00393,6.38,4.5,59.18,0,0.3,4,4,0.75,900,0.33,"Kale","RIO MAGDALENA","Río Magdalena",7.38938097866,-73.9012359828,1328.80837342,428.17331585,515.949482409,515.949482409,4855.06214623,426.167881251,7393.54712701,2975.37993401,0,1781.28080343,385.471030659,14.9199796132,9.15199036102
"150","ANH_20","Simpson diversity",8.895,17.667,5.691,8.895,28.82,"Ar_At_Tr",0.777777777777778,29.2,4.85,20.625,0.175,142,2.9061,0.387,1.5,0.06,66.3,2.21218760440396,0.1128,2,0.00393,6.38,4.5,59.18,0,0.3,4,4,0.75,900,0.33,"Kale","RIO MAGDALENA","Río Magdalena",7.38938097866,-73.9012359828,1328.80837342,428.17331585,515.949482409,515.949482409,4855.06214623,426.167881251,7393.54712701,2975.37993401,0,1781.28080343,385.471030659,14.9199796132,9.15199036102
"151","ANH_291","Species richness",13,15.4,2.719,13.404,27.245,"Ar_At_Tr",0.833333333333333,30.71,2.11,44.24,0.615,80,2.82261,0.2125,2.66,0.068,83.958,1.27114431794908,0.356,34,0.00375,25.51,5.16,152.08,0,0,6,4,0.8,20,1.08,"Kale","CAÑO NEGRO Y AFLUENTES","Caño",7.39905400024,-73.865654,2878.14754184,943.145818258,949.213795296,949.213795296,7113.32503101,2914.26733013,4456.12614355,4609.77321406,3203.0138034,1884.01008271,77.5286686477,77.5286686477,71.35407181
"152","ANH_291","Shannon diversity",11.898,15.107,1.908,11.898,18.847,"Ar_At_Tr",0.833333333333333,30.71,2.11,44.24,0.615,80,2.82261,0.2125,2.66,0.068,83.958,1.27114431794908,0.356,34,0.00375,25.51,5.16,152.08,0,0,6,4,0.8,20,1.08,"Kale","CAÑO NEGRO Y AFLUENTES","Caño",7.39905400024,-73.865654,2878.14754184,943.145818258,949.213795296,949.213795296,7113.32503101,2914.26733013,4456.12614355,4609.77321406,3203.0138034,1884.01008271,77.5286686477,77.5286686477,71.35407181
"153","ANH_291","Simpson diversity",11,14.333,1.538,11.319,17.347,"Ar_At_Tr",0.833333333333333,30.71,2.11,44.24,0.615,80,2.82261,0.2125,2.66,0.068,83.958,1.27114431794908,0.356,34,0.00375,25.51,5.16,152.08,0,0,6,4,0.8,20,1.08,"Kale","CAÑO NEGRO Y AFLUENTES","Caño",7.39905400024,-73.865654,2878.14754184,943.145818258,949.213795296,949.213795296,7113.32503101,2914.26733013,4456.12614355,4609.77321406,3203.0138034,1884.01008271,77.5286686477,77.5286686477,71.35407181
"154","ANH_299","Species richness",13,13.72,1.231,13.073,20.119,"Ar_At_Tr",1.9375,31.11,5.8,20.305,0.1,62,2.897,1.081,5.33,0.068,20.45,1.30102999566398,0.2196,22,0.00158,25.72,0.1,106.98,0,0,2,4,2,0,2.7,"Caracterizacion","SOGAMOSITO-PAREDES","Ciénaga",7.42954700024,-73.774166,847.197851708,3322.95163624,9362.76645286,9451.11787518,4181.49860241,9453.94201166,1166.79769484,444.480711593,12749.3470539,158.278254184,4.51532193544,0,1742.63205395
"155","ANH_299","Shannon diversity",11.971,14.067,1.668,11.971,17.337,"Ar_At_Tr",1.9375,31.11,5.8,20.305,0.1,62,2.897,1.081,5.33,0.068,20.45,1.30102999566398,0.2196,22,0.00158,25.72,0.1,106.98,0,0,2,4,2,0,2.7,"Caracterizacion","SOGAMOSITO-PAREDES","Ciénaga",7.42954700024,-73.774166,847.197851708,3322.95163624,9362.76645286,9451.11787518,4181.49860241,9453.94201166,1166.79769484,444.480711593,12749.3470539,158.278254184,4.51532193544,0,1742.63205395
"156","ANH_299","Simpson diversity",11.213,14.322,1.473,11.434,17.209,"Ar_At_Tr",1.9375,31.11,5.8,20.305,0.1,62,2.897,1.081,5.33,0.068,20.45,1.30102999566398,0.2196,22,0.00158,25.72,0.1,106.98,0,0,2,4,2,0,2.7,"Caracterizacion","SOGAMOSITO-PAREDES","Ciénaga",7.42954700024,-73.774166,847.197851708,3322.95163624,9362.76645286,9451.11787518,4181.49860241,9453.94201166,1166.79769484,444.480711593,12749.3470539,158.278254184,4.51532193544,0,1742.63205395
"157","ANH_300","Species richness",9,13,4.472,9.685,32.366,"Ar_At_Tr",0.833333333333333,29.09,0.88,19.255,0.335,36,2.2502,0.2075,1.74,0.068,47.976,1.57978359661681,0,0,0,0,0,0,0,0,4,4,0.6,0,0.6,"Platero","MONTECRISTO-YARIRI","Ciénaga",7.30831400024,-73.898811,1639.10260428,5892.36849676,4313.84697995,4680.6328129,2813.11726247,2445.06325006,1414.9425308,7.15292948776,1294.11642433,4629.26781306,735.049336463,0,33.3555711152
"158","ANH_300","Shannon diversity",8.485,13.766,4.584,8.485,22.751,"Ar_At_Tr",0.833333333333333,29.09,0.88,19.255,0.335,36,2.2502,0.2075,1.74,0.068,47.976,1.57978359661681,0,0,0,0,0,0,0,0,4,4,0.6,0,0.6,"Platero","MONTECRISTO-YARIRI","Ciénaga",7.30831400024,-73.898811,1639.10260428,5892.36849676,4313.84697995,4680.6328129,2813.11726247,2445.06325006,1414.9425308,7.15292948776,1294.11642433,4629.26781306,735.049336463,0,33.3555711152
"159","ANH_300","Simpson diversity",8,15,4.505,8,23.829,"Ar_At_Tr",0.833333333333333,29.09,0.88,19.255,0.335,36,2.2502,0.2075,1.74,0.068,47.976,1.57978359661681,0,0,0,0,0,0,0,0,4,4,0.6,0,0.6,"Platero","MONTECRISTO-YARIRI","Ciénaga",7.30831400024,-73.898811,1639.10260428,5892.36849676,4313.84697995,4680.6328129,2813.11726247,2445.06325006,1414.9425308,7.15292948776,1294.11642433,4629.26781306,735.049336463,0,33.3555711152
"160","ANH_32","Species richness",15,35.167,19.272,19.159,112.781,"Ar_At_Tr",0.833333333333333,28.39,6.51,24.2,0.155,134,3.3284,0.395,2.04,0.075,69.36,2.26085813197114,0.0523,0,0.00337,1.6,3.09,52.33,0,0,2,4,2,983,0.81,"Platero","RIO MAGDALENA","Río Magdalena",7.25855003135,-73.9175989665,4250.44827118,10241.1120199,2618.91704933,2618.91704933,8693.17894778,8174.63125212,5034.40695769,2647.8335066,67.0672120852,9312.59973387,324.123372173,0,3.74291149702
"161","ANH_32","Shannon diversity",13.445,27.531,9.419,13.445,45.993,"Ar_At_Tr",0.833333333333333,28.39,6.51,24.2,0.155,134,3.3284,0.395,2.04,0.075,69.36,2.26085813197114,0.0523,0,0.00337,1.6,3.09,52.33,0,0,2,4,2,983,0.81,"Platero","RIO MAGDALENA","Río Magdalena",7.25855003135,-73.9175989665,4250.44827118,10241.1120199,2618.91704933,2618.91704933,8693.17894778,8174.63125212,5034.40695769,2647.8335066,67.0672120852,9312.59973387,324.123372173,0,3.74291149702
"162","ANH_32","Simpson diversity",11.919,17.833,3.839,11.919,25.358,"Ar_At_Tr",0.833333333333333,28.39,6.51,24.2,0.155,134,3.3284,0.395,2.04,0.075,69.36,2.26085813197114,0.0523,0,0.00337,1.6,3.09,52.33,0,0,2,4,2,983,0.81,"Platero","RIO MAGDALENA","Río Magdalena",7.25855003135,-73.9175989665,4250.44827118,10241.1120199,2618.91704933,2618.91704933,8693.17894778,8174.63125212,5034.40695769,2647.8335066,67.0672120852,9312.59973387,324.123372173,0,3.74291149702
"163","ANH_39","Species richness",16,17.667,2.086,16.249,27.175,"Ar_At_Tr",1.24444444444444,25.52,6.1,21.155,3.725,40,2.64,0.447,1.27,0.072,18.36,1.32221929473392,0.1879,10,0.00361,18.38,2.89,42.4,0.35,0.15,2,3,3.5,18,1.35,"Platero","CORREDOR","Caño",7.26584102982,-73.8877650071,4054.197194,7436.51139294,1195.87251946,1195.87251946,7296.97418103,6403.3916761,2032.94361862,899.011196148,3376.49841112,6568.11386386,4.88486825749,4.88486825749,260.342062684
"164","ANH_39","Shannon diversity",14.364,17.433,1.906,14.364,21.17,"Ar_At_Tr",1.24444444444444,25.52,6.1,21.155,3.725,40,2.64,0.447,1.27,0.072,18.36,1.32221929473392,0.1879,10,0.00361,18.38,2.89,42.4,0.35,0.15,2,3,3.5,18,1.35,"Platero","CORREDOR","Caño",7.26584102982,-73.8877650071,4054.197194,7436.51139294,1195.87251946,1195.87251946,7296.97418103,6403.3916761,2032.94361862,899.011196148,3376.49841112,6568.11386386,4.88486825749,4.88486825749,260.342062684
"165","ANH_39","Simpson diversity",13.136,16.822,1.783,13.328,20.316,"Ar_At_Tr",1.24444444444444,25.52,6.1,21.155,3.725,40,2.64,0.447,1.27,0.072,18.36,1.32221929473392,0.1879,10,0.00361,18.38,2.89,42.4,0.35,0.15,2,3,3.5,18,1.35,"Platero","CORREDOR","Caño",7.26584102982,-73.8877650071,4054.197194,7436.51139294,1195.87251946,1195.87251946,7296.97418103,6403.3916761,2032.94361862,899.011196148,3376.49841112,6568.11386386,4.88486825749,4.88486825749,260.342062684
"166","ANH_8","Species richness",18,39.778,17.759,23.373,106.263,"Ar_At_Tr",0.888888888888889,27.48,6.36,18.065,0.15,30,0.6153,0.2075,2.11,0.053,43.978,1.34242268082221,0.0781,0,0.00102,22.74,0.26,25.02,0.2,0,1,2,0.5,4.5,2.16,"Kale","CAÑO NEGRO Y AFLUENTES","Quebrada",7.37023402961,-73.8419320062,4221.75642236,512.666531953,3319.05456355,3319.05456355,4619.63710174,4724.09287961,553.198911124,3948.9701759,6349.82006875,2610.75429694,0,0,14.0260435145
"167","ANH_8","Shannon diversity",16.633,36.369,14.353,16.633,64.501,"Ar_At_Tr",0.888888888888889,27.48,6.36,18.065,0.15,30,0.6153,0.2075,2.11,0.053,43.978,1.34242268082221,0.0781,0,0.00102,22.74,0.26,25.02,0.2,0,1,2,0.5,4.5,2.16,"Kale","CAÑO NEGRO Y AFLUENTES","Quebrada",7.37023402961,-73.8419320062,4221.75642236,512.666531953,3319.05456355,3319.05456355,4619.63710174,4724.09287961,553.198911124,3948.9701759,6349.82006875,2610.75429694,0,0,14.0260435145
"168","ANH_8","Simpson diversity",15.114,28.444,5.544,17.579,39.31,"Ar_At_Tr",0.888888888888889,27.48,6.36,18.065,0.15,30,0.6153,0.2075,2.11,0.053,43.978,1.34242268082221,0.0781,0,0.00102,22.74,0.26,25.02,0.2,0,1,2,0.5,4.5,2.16,"Kale","CAÑO NEGRO Y AFLUENTES","Quebrada",7.37023402961,-73.8419320062,4221.75642236,512.666531953,3319.05456355,3319.05456355,4619.63710174,4724.09287961,553.198911124,3948.9701759,6349.82006875,2610.75429694,0,0,14.0260435145
